image,method,MSE,PSNR,SSIM,Wasserstein,Latent_MSE,diag_mean_purity
IM-0001-0001.jpeg,basis,5546.7890625,10.690387103548836,0.6223345348270174,64.8984375,0.10902775922253718,
IM-0001-0001.jpeg,angle,503.703125,21.109057156166195,0.867917018441957,7.4765625,1.4733364074562354e-32,
IM-0001-0001.jpeg,dense_angle,503.703125,21.109057156166195,0.867917018441957,7.4765625,3.875934013079312e-33,
IM-0001-0001.jpeg,iqp,5193.96875,10.975810285402382,0.4959381497857038,33.359375,0.25801990412199816,0.5160426527285018
IM-0001-0001.jpeg,amplitude,503.703125,21.109057156166195,0.867917018441957,7.4765625,5.055566104016494e-34,
IM-0001-0001.jpeg,entangled_angle,6146.6875,10.244392268873636,0.4976048577966717,67.90625,0.044130320536813886,0.6975317447960983
IM-0003-0001.jpeg,basis,4066.0234375,12.039104831847832,0.7037084357498179,57.375,0.11633465586655048,
IM-0003-0001.jpeg,angle,581.63671875,20.484285451229518,0.859055325408192,8.41796875,4.718528363748728e-33,
IM-0003-0001.jpeg,dense_angle,581.63671875,20.484285451229518,0.859055325408192,8.41796875,8.474091755303838e-33,
IM-0003-0001.jpeg,iqp,11390.91015625,7.565219344143619,0.31906138745067886,90.47265625,0.2673468548078418,0.5035792146224423
IM-0003-0001.jpeg,amplitude,581.63671875,20.484285451229518,0.859055325408192,8.41796875,9.62964972193618e-35,
IM-0003-0001.jpeg,entangled_angle,7922.48046875,9.142191836681858,0.5225559109755405,80.05078125,0.037872952319402,0.7427789009029915
IM-0005-0001.jpeg,basis,8819.55859375,8.67633511007716,0.36695734761405363,87.01171875,0.12498799156649976,
IM-0005-0001.jpeg,angle,494.82421875,21.18629413217051,0.8569730128274955,7.39453125,1.7911148482801293e-32,
IM-0005-0001.jpeg,dense_angle,494.82421875,21.18629413217051,0.8569730128274955,7.39453125,5.103714352626175e-33,
IM-0005-0001.jpeg,iqp,10378.92578125,7.969279545055131,0.40495972607641284,92.71484375,0.32710314363064863,0.5068582140193252
IM-0005-0001.jpeg,amplitude,494.82421875,21.18629413217051,0.8569730128274955,7.39453125,1.5407439555097887e-33,
IM-0005-0001.jpeg,entangled_angle,6606.61328125,9.931014747852707,0.5339641111096987,73.18359375,0.04064929712253383,0.7291849223516491
IM-0006-0001.jpeg,basis,5032.4609375,11.112999483343497,0.526769528213917,61.484375,0.08869101478600655,
IM-0006-0001.jpeg,angle,522.30078125,20.951596854189884,0.7751767819542983,11.33203125,1.0496318196910435e-32,
IM-0006-0001.jpeg,dense_angle,522.30078125,20.951596854189884,0.7751767819542983,11.33203125,4.237045877651919e-33,
IM-0006-0001.jpeg,iqp,11446.28515625,7.544157997740274,0.46129735299651614,100.37109375,0.456107545633556,0.50864790099854
IM-0006-0001.jpeg,amplitude,522.30078125,20.951596854189884,0.7751767819542983,11.33203125,1.5407439555097887e-33,
IM-0006-0001.jpeg,entangled_angle,8250.4375,8.966033821606484,0.5347431370514676,86.4140625,0.04472718443993614,0.6874594066692896
IM-0007-0001.jpeg,basis,5545.80078125,10.691160962675744,0.6896769706051579,63.41015625,0.12118597429024561,
IM-0007-0001.jpeg,angle,474.328125,21.37001484223271,0.8552691790005109,6.640625,8.5703882525232e-33,
IM-0007-0001.jpeg,dense_angle,474.328125,21.37001484223271,0.8552691790005109,6.640625,9.051870738620009e-33,
IM-0007-0001.jpeg,iqp,4752.29296875,11.361771547387253,0.5666398703770038,53.22265625,0.19255277542047555,0.5080820574314637
IM-0007-0001.jpeg,amplitude,474.328125,21.37001484223271,0.8552691790005109,6.640625,0.0,
IM-0007-0001.jpeg,entangled_angle,6838.91015625,9.780934624867088,0.519379936311111,74.91015625,0.04051533169537398,0.725819262072224
IM-0009-0001.jpeg,basis,6929.70703125,9.723654866314316,0.6367116770420176,77.93359375,0.1255578940723261,
IM-0009-0001.jpeg,angle,539.0,20.814915956811717,0.8169586509422728,9.8359375,6.644458308135964e-33,
IM-0009-0001.jpeg,dense_angle,539.0,20.814915956811717,0.8169586509422728,9.8359375,3.562970397116386e-33,
IM-0009-0001.jpeg,iqp,2501.83984375,14.148208561507428,0.7452260952450601,31.73828125,0.15438590616156955,0.5045213468978224
IM-0009-0001.jpeg,amplitude,539.0,20.814915956811717,0.8169586509422728,9.8359375,4.81482486096809e-34,
IM-0009-0001.jpeg,entangled_angle,7294.50390625,9.500845996767248,0.5666656129246715,81.18359375,0.03246264192574076,0.762373693411485
IM-0010-0001.jpeg,basis,5192.13671875,10.977342411324258,0.6407410509490582,60.30859375,0.0917803282162479,
IM-0010-0001.jpeg,angle,340.890625,22.804653032199923,0.9079598113474168,5.3046875,1.5214846560659163e-32,
IM-0010-0001.jpeg,dense_angle,340.890625,22.804653032199923,0.9079598113474168,5.3046875,2.4074124304840448e-33,
IM-0010-0001.jpeg,iqp,9761.06640625,8.235830935034752,0.46378673677553645,89.54296875,0.3423993851710212,0.5054422774425771
IM-0010-0001.jpeg,amplitude,340.890625,22.804653032199923,0.9079598113474168,5.3046875,0.0,
IM-0010-0001.jpeg,entangled_angle,6454.98046875,10.031854283362588,0.5023945330460704,68.47265625,0.04883961075311804,0.6712916224007743
IM-0011-0001-0001.jpeg,basis,5519.4140625,10.711873851187239,0.7215938106012468,62.53125,0.11830118231982184,
IM-0011-0001-0001.jpeg,angle,497.29296875,21.164680421035385,0.9042469267341243,3.91796875,2.099263639382087e-32,
IM-0011-0001-0001.jpeg,dense_angle,497.29296875,21.164680421035385,0.9042469267341243,3.91796875,1.5407439555097887e-33,
IM-0011-0001-0001.jpeg,iqp,5718.45703125,10.558014987200215,0.374668461463055,55.23046875,0.28301389662297927,0.5061972033182961
IM-0011-0001-0001.jpeg,amplitude,497.29296875,21.164680421035385,0.9042469267341243,3.91796875,0.0,
IM-0011-0001-0001.jpeg,entangled_angle,6872.95703125,9.759367320977058,0.519877662533148,74.22265625,0.04024398634597043,0.7187665353067194
IM-0011-0001-0002.jpeg,basis,5716.25390625,10.559688497002977,0.564434710730893,61.23828125,0.10976553221096835,
IM-0011-0001-0002.jpeg,angle,939.11328125,18.403623783415004,0.7728309087303719,10.05078125,3.004450713244088e-32,
IM-0011-0001-0002.jpeg,dense_angle,939.11328125,18.403623783415004,0.7728309087303719,10.05078125,1.6370404527291505e-33,
IM-0011-0001-0002.jpeg,iqp,10618.44921875,7.870192664311018,0.41824614699994334,94.30078125,0.3766720080376277,0.5054243849695345
IM-0011-0001-0002.jpeg,amplitude,939.11328125,18.403623783415004,0.7728309087303719,10.05078125,0.0,
IM-0011-0001-0002.jpeg,entangled_angle,6583.58203125,9.946181096363118,0.4748417781078893,69.49609375,0.039369831056416754,0.7228859573824691
IM-0011-0001.jpeg,basis,2547.7890625,14.069168919865579,0.7407684249514819,33.4453125,0.11809048441466366,
IM-0011-0001.jpeg,angle,625.24609375,20.170293737290557,0.847208359009343,4.17578125,3.871119188218344e-32,
IM-0011-0001.jpeg,dense_angle,625.24609375,20.170293737290557,0.847208359009343,4.17578125,1.7333369499485123e-33,
IM-0011-0001.jpeg,iqp,3493.08984375,12.698706048486244,0.6158106117564042,20.88671875,0.25707375581375846,0.5073290073049009
IM-0011-0001.jpeg,amplitude,625.24609375,20.170293737290557,0.847208359009343,4.17578125,0.0,
IM-0011-0001.jpeg,entangled_angle,5434.078125,10.779544829486259,0.5275022368908027,63.1484375,0.034947496109577286,0.7340071962464367
IM-0013-0001.jpeg,basis,1916.8125,15.305007280096305,0.7936945522630826,25.9765625,0.10863067296096904,
IM-0013-0001.jpeg,angle,500.36328125,21.137949290224128,0.8661449920767814,5.64453125,4.239453290082403e-32,
IM-0013-0001.jpeg,dense_angle,500.36328125,21.137949290224128,0.8661449920767814,5.64453125,6.861125426879528e-33,
IM-0013-0001.jpeg,iqp,10377.51953125,7.969868014426371,0.40900541559477277,90.40234375,0.3569246836306451,0.5118080009423913
IM-0013-0001.jpeg,amplitude,500.36328125,21.137949290224128,0.8661449920767814,5.64453125,4.092601131822876e-34,
IM-0013-0001.jpeg,entangled_angle,7205.41796875,9.554211826218827,0.43709355162958546,72.63671875,0.04654398649736337,0.6823011040187218
IM-0015-0001.jpeg,basis,6164.42578125,10.231877327583977,0.5605186691397767,73.23046875,0.11018084782739104,
IM-0015-0001.jpeg,angle,513.35546875,21.026621679678918,0.8013868419402725,5.40234375,3.4088960015654075e-32,
IM-0015-0001.jpeg,dense_angle,513.35546875,21.026621679678918,0.8013868419402725,5.40234375,7.703719777548943e-33,
IM-0015-0001.jpeg,iqp,5950.26171875,10.385442925327729,0.4709058918266324,64.66015625,0.16011391847530282,0.5059553140157708
IM-0015-0001.jpeg,amplitude,513.35546875,21.026621679678918,0.8013868419402725,5.40234375,1.925929944387236e-33,
IM-0015-0001.jpeg,entangled_angle,6490.484375,10.008032521199294,0.5172586412420918,73.8203125,0.03734506438232729,0.7211779665618145
IM-0016-0001.jpeg,basis,4926.0078125,11.205852645863141,0.67351353393822,60.0390625,0.0887259520142219,
IM-0016-0001.jpeg,angle,565.84375,20.603838375966607,0.8703795994216809,5.5546875,2.744450170751811e-32,
IM-0016-0001.jpeg,dense_angle,565.84375,20.603838375966607,0.8703795994216809,5.5546875,3.562970397116386e-33,
IM-0016-0001.jpeg,iqp,7485.359375,9.38867705042176,0.5241638245987734,72.46875,0.23105307707271355,0.5099399375722007
IM-0016-0001.jpeg,amplitude,565.84375,20.603838375966607,0.8703795994216809,5.5546875,0.0,
IM-0016-0001.jpeg,entangled_angle,6522.875,9.986413047937429,0.5083758355945437,69.3203125,0.052274807262776744,0.6687240821470386
IM-0017-0001.jpeg,basis,5870.71484375,10.443893748171876,0.5842912312839332,70.54296875,0.10216466689175471,
IM-0017-0001.jpeg,angle,353.3984375,22.648157358630627,0.9010301170805475,4.1875,6.548161810916602e-33,
IM-0017-0001.jpeg,dense_angle,353.3984375,22.648157358630627,0.9010301170805475,4.1875,1.3481509610710651e-33,
IM-0017-0001.jpeg,iqp,9212.7109375,8.48692916126337,0.4457595087149611,86.7734375,0.35906685040326114,0.512550050515724
IM-0017-0001.jpeg,amplitude,353.3984375,22.648157358630627,0.9010301170805475,4.1875,9.62964972193618e-35,
IM-0017-0001.jpeg,entangled_angle,7058.8828125,9.643443888188127,0.5116889044294701,76.6171875,0.04215890968042406,0.6981136825105685
IM-0019-0001.jpeg,basis,8218.28125,8.98299361051701,0.5285001177646096,82.1484375,0.12639565404552125,
IM-0019-0001.jpeg,angle,536.859375,20.832198194132502,0.7941448985796384,9.046875,4.0444528832131953e-32,
IM-0019-0001.jpeg,dense_angle,536.859375,20.832198194132502,0.7941448985796384,9.046875,2.0222264416065976e-33,
IM-0019-0001.jpeg,iqp,5333.04296875,10.861052780258657,0.41283817559335995,52.90234375,0.2213886025029771,0.5073788474237739
IM-0019-0001.jpeg,amplitude,536.859375,20.832198194132502,0.7941448985796384,9.046875,9.62964972193618e-35,
IM-0019-0001.jpeg,entangled_angle,6123.6640625,10.260690031075725,0.5714921859122577,72.2890625,0.03353159283668364,0.7629344516376029
IM-0021-0001.jpeg,basis,4284.4140625,11.81188924765717,0.5726871860878257,58.40625,0.06252118242610738,
IM-0021-0001.jpeg,angle,435.890625,21.737028324204303,0.8330862855001073,4.4765625,8.762981246961923e-33,
IM-0021-0001.jpeg,dense_angle,435.890625,21.737028324204303,0.8330862855001073,4.4765625,8.666684749742561e-34,
IM-0021-0001.jpeg,iqp,13012.76953125,6.987106227894878,0.39787409821731734,103.18359375,0.5068451393925075,0.5064359899851305
IM-0021-0001.jpeg,amplitude,435.890625,21.737028324204303,0.8330862855001073,4.4765625,3.851859888774472e-34,
IM-0021-0001.jpeg,entangled_angle,9382.1015625,8.407802309356686,0.45564762736614883,89.34375,0.055065569469391895,0.6496448308905834
IM-0022-0001.jpeg,basis,11520.8671875,7.515951907588785,0.5228918115959869,104.71875,0.18981901855339844,
IM-0022-0001.jpeg,angle,271.828125,23.787859713839197,0.7725149229398625,8.8671875,1.4637067577342992e-32,
IM-0022-0001.jpeg,dense_angle,271.828125,23.787859713839197,0.7725149229398625,8.8671875,3.4666738998970245e-33,
IM-0022-0001.jpeg,iqp,2016.5234375,15.084770868090402,0.445663023029277,32.2109375,0.2538515356265309,0.5125126691413835
IM-0022-0001.jpeg,amplitude,271.828125,23.787859713839197,0.7725149229398625,8.8671875,0.0,
IM-0022-0001.jpeg,entangled_angle,995.578125,18.150050152135574,0.6795307896273797,25.984375,0.00614886065868561,0.9426613601351155
IM-0023-0001.jpeg,basis,1714.23828125,15.790091716124321,0.7963517053931258,29.16796875,0.09393832695095744,
IM-0023-0001.jpeg,angle,381.36328125,22.317414852627536,0.8902006201264436,3.51171875,3.55334074739445e-32,
IM-0023-0001.jpeg,dense_angle,381.36328125,22.317414852627536,0.8902006201264436,3.51171875,5.200010849845537e-33,
IM-0023-0001.jpeg,iqp,7438.859375,9.415740120316585,0.47190813595450737,69.3046875,0.42603783803264017,0.5074101234404172
IM-0023-0001.jpeg,amplitude,381.36328125,22.317414852627536,0.8902006201264436,3.51171875,0.0,
IM-0023-0001.jpeg,entangled_angle,6269.31640625,10.158601720592921,0.5150113219789507,69.40234375,0.04260989022175843,0.6749057792201698
IM-0025-0001.jpeg,basis,4671.5859375,11.436160184219592,0.6732918383561818,59.3203125,0.0823192029662552,
IM-0025-0001.jpeg,angle,350.421875,22.684891517986312,0.9256299939750732,5.5,1.3312990740576768e-32,
IM-0025-0001.jpeg,dense_angle,350.421875,22.684891517986312,0.9256299939750732,5.5,3.659266894335748e-33,
IM-0025-0001.jpeg,iqp,5874.59375,10.441025219638984,0.4832577938680334,32.03125,0.24020692406075767,0.5121264357931814
IM-0025-0001.jpeg,amplitude,350.421875,22.684891517986312,0.9256299939750732,5.5,2.407412430484045e-35,
IM-0025-0001.jpeg,entangled_angle,6915.51953125,9.732555486453457,0.479598577792206,69.62109375,0.05911991110532236,0.6263672997428071
IM-0027-0001.jpeg,basis,5297.4140625,10.890164407865917,0.5633126310236988,66.859375,0.11176704482277797,
IM-0027-0001.jpeg,angle,352.484375,22.65940490609088,0.8746011893900403,4.7578125,8.329647009474795e-32,
IM-0027-0001.jpeg,dense_angle,352.484375,22.65940490609088,0.8746011893900403,4.7578125,3.177784408238939e-33,
IM-0027-0001.jpeg,iqp,10300.66015625,8.002153018880602,0.49606121089519545,90.93359375,0.39322363058222054,0.5065674192941595
IM-0027-0001.jpeg,amplitude,352.484375,22.65940490609088,0.8746011893900403,4.7578125,0.0,
IM-0027-0001.jpeg,entangled_angle,7919.0078125,9.144095894487922,0.4675637651258589,79.8203125,0.04539123099315635,0.7003176973830756
IM-0028-0001.jpeg,basis,6958.17578125,9.705849649325392,0.6095256484050392,67.69921875,0.11271528216801044,
IM-0028-0001.jpeg,angle,833.04296875,18.924129577687616,0.734256154203833,9.74609375,1.4733364074562354e-32,
IM-0028-0001.jpeg,dense_angle,833.04296875,18.924129577687616,0.734256154203833,9.74609375,7.029644297013411e-33,
IM-0028-0001.jpeg,iqp,6486.91015625,10.010424778775729,0.5102783290150142,71.72265625,0.1356603286915567,0.5081062681377806
IM-0028-0001.jpeg,amplitude,833.04296875,18.924129577687616,0.734256154203833,9.74609375,3.851859888774472e-34,
IM-0028-0001.jpeg,entangled_angle,5438.515625,10.775999802577749,0.5825927287771837,64.796875,0.03423067754041337,0.7368836788539319
IM-0029-0001.jpeg,basis,4832.04296875,11.289495732912489,0.5568185572368339,60.23046875,0.08490029676514887,
IM-0029-0001.jpeg,angle,547.75,20.744979746351675,0.8589562213927175,6.46875,1.0111132208032988e-32,
IM-0029-0001.jpeg,dense_angle,547.75,20.744979746351675,0.8589562213927175,6.46875,5.7777898331617076e-34,
IM-0029-0001.jpeg,iqp,13207.83984375,6.92248566769845,0.41100821843886665,106.74609375,0.4738783834711424,0.5158534066745569
IM-0029-0001.jpeg,amplitude,547.75,20.744979746351675,0.8589562213927175,6.46875,0.0,
IM-0029-0001.jpeg,entangled_angle,8899.83984375,8.636981694591153,0.48204674441583145,87.16796875,0.048942148772771754,0.6662781281292667
IM-0030-0001.jpeg,basis,9476.94921875,8.364118073588262,0.5348409605999138,83.73046875,0.12606754326633174,
IM-0030-0001.jpeg,angle,544.421875,20.77144793930792,0.804916177447257,4.15625,3.967415685437706e-32,
IM-0030-0001.jpeg,dense_angle,544.421875,20.77144793930792,0.804916177447257,4.15625,3.851859888774472e-33,
IM-0030-0001.jpeg,iqp,2689.97265625,13.833324954752033,0.5179954321997833,22.44140625,0.12153962482533165,0.5085723778526254
IM-0030-0001.jpeg,amplitude,544.421875,20.77144793930792,0.804916177447257,4.15625,2.311115933264683e-33,
IM-0030-0001.jpeg,entangled_angle,3341.69140625,12.891140190659998,0.5554933217841698,46.98828125,0.02740332497793549,0.7830238731198116
IM-0031-0001.jpeg,basis,8094.07421875,9.049131785235314,0.5273623712063294,77.07421875,0.12172533595173635,
IM-0031-0001.jpeg,angle,382.671875,22.30253816545566,0.8898819625691193,6.546875,4.718528363748728e-33,
IM-0031-0001.jpeg,dense_angle,382.671875,22.30253816545566,0.8898819625691193,6.546875,7.246311415756975e-33,
IM-0031-0001.jpeg,iqp,7287.24609375,9.505169247652404,0.542406767302762,68.48046875,0.3252501245927293,0.5147278688948005
IM-0031-0001.jpeg,amplitude,382.671875,22.30253816545566,0.8898819625691193,6.546875,4.81482486096809e-34,
IM-0031-0001.jpeg,entangled_angle,7054.2890625,9.646271091547327,0.5237139259930343,75.65625,0.04318101179436022,0.7198306209335565
IM-0033-0001-0001.jpeg,basis,6540.23046875,9.974873083322034,0.4832894601819743,62.76953125,0.1151591487713878,
IM-0033-0001-0001.jpeg,angle,950.6484375,18.350604221451892,0.7724785147361769,12.2421875,2.1185229388259594e-33,
IM-0033-0001-0001.jpeg,dense_angle,950.6484375,18.350604221451892,0.7724785147361769,12.2421875,2.5037089277034066e-33,
IM-0033-0001-0001.jpeg,iqp,10909.45703125,7.7527722478002845,0.42374706123760125,89.23828125,0.2416164770343218,0.5084835213385523
IM-0033-0001-0001.jpeg,amplitude,950.6484375,18.350604221451892,0.7724785147361769,12.2421875,0.0,
IM-0033-0001-0001.jpeg,entangled_angle,10022.109375,8.121212228186906,0.3964637536260636,87.578125,0.050912858456808575,0.6934889474705845
IM-0033-0001-0002.jpeg,basis,4215.7265625,11.882079266540583,0.7181199791236872,53.6640625,0.09498033490936758,
IM-0033-0001-0002.jpeg,angle,467.734375,21.43081072370094,0.858808746993203,4.890625,7.135570443954709e-32,
IM-0033-0001-0002.jpeg,dense_angle,467.734375,21.43081072370094,0.858808746993203,4.890625,4.044452883213195e-33,
IM-0033-0001-0002.jpeg,iqp,10768.046875,7.809434234317746,0.42510056239427935,95.0,0.38186161621765025,0.5081389485910046
IM-0033-0001-0002.jpeg,amplitude,467.734375,21.43081072370094,0.858808746993203,4.890625,0.0,
IM-0033-0001-0002.jpeg,entangled_angle,8446.05859375,8.864262708907868,0.48725721869191363,84.59765625,0.043953145035870514,0.69167438727119
IM-0033-0001.jpeg,basis,6114.0,10.267549264778404,0.47043458591126386,66.4296875,0.10761624835387029,
IM-0033-0001.jpeg,angle,661.79296875,19.92358212201371,0.781069820660515,12.12109375,1.5118550063439801e-32,
IM-0033-0001.jpeg,dense_angle,661.79296875,19.92358212201371,0.781069820660515,12.12109375,1.2037062152420224e-32,
IM-0033-0001.jpeg,iqp,7861.1640625,9.175935007714447,0.5281589865603762,78.171875,0.25073920465635063,0.5056441407312059
IM-0033-0001.jpeg,amplitude,661.79296875,19.92358212201371,0.781069820660515,12.12109375,8.666684749742561e-34,
IM-0033-0001.jpeg,entangled_angle,7587.87109375,9.32960416583361,0.5140000135029676,80.97265625,0.040718461658374,0.7071487840874695
IM-0035-0001.jpeg,basis,6608.77734375,9.929592405619607,0.5787769323991878,66.19921875,0.11096509442067473,
IM-0035-0001.jpeg,angle,1010.015625,18.087522684726036,0.7445459880647083,11.9765625,4.333342374871281e-33,
IM-0035-0001.jpeg,dense_angle,1010.015625,18.087522684726036,0.7445459880647083,11.9765625,8.666684749742561e-34,
IM-0035-0001.jpeg,iqp,6208.83984375,10.200699034494825,0.5263812844045979,68.66015625,0.18932090603866888,0.5040774245922385
IM-0035-0001.jpeg,amplitude,1010.015625,18.087522684726036,0.7445459880647083,11.9765625,3.851859888774472e-34,
IM-0035-0001.jpeg,entangled_angle,5923.66015625,10.404902260253193,0.5269148969205973,67.21484375,0.036322366555062865,0.7334753681093314
IM-0036-0001.jpeg,basis,7013.16015625,9.671666040764409,0.4261607917820012,60.04296875,0.12016031568111099,
IM-0036-0001.jpeg,angle,1009.671875,18.089001019662465,0.771331659818653,14.8828125,1.295789740708037e-32,
IM-0036-0001.jpeg,dense_angle,1009.671875,18.089001019662465,0.771331659818653,14.8828125,1.7393554810247224e-33,
IM-0036-0001.jpeg,iqp,11729.27734375,7.4380910538407,0.402257618039529,90.99609375,0.3431590069523527,0.5423564052234364
IM-0036-0001.jpeg,amplitude,1009.671875,18.089001019662465,0.771331659818653,14.8828125,9.62964972193618e-35,
IM-0036-0001.jpeg,entangled_angle,10819.578125,7.788700336977763,0.3842334769696951,91.1015625,0.053044200167969666,0.6745229148178676
IM-0037-0001.jpeg,basis,5217.51171875,10.956169276857144,0.693062287794773,60.99609375,0.10035046409815879,
IM-0037-0001.jpeg,angle,503.62890625,21.109697119805535,0.8709756724575081,5.26171875,2.5518571763130875e-32,
IM-0037-0001.jpeg,dense_angle,503.62890625,21.109697119805535,0.8709756724575081,5.26171875,9.051870738620009e-33,
IM-0037-0001.jpeg,iqp,9398.3125,8.400304793670562,0.4519766352306008,89.40625,0.34678411092327394,0.5068687267609856
IM-0037-0001.jpeg,amplitude,503.62890625,21.109697119805535,0.8709756724575081,5.26171875,9.62964972193618e-35,
IM-0037-0001.jpeg,entangled_angle,7065.23828125,9.63953547480651,0.5256245828704533,77.68359375,0.04084206771430368,0.7074746499979938
IM-0039-0001.jpeg,basis,8560.3984375,8.805863818005026,0.5413014154828,82.125,0.12609783083865778,
IM-0039-0001.jpeg,angle,707.4453125,19.633874875513627,0.8010841708902077,9.8046875,5.103714352626175e-33,
IM-0039-0001.jpeg,dense_angle,707.4453125,19.633874875513627,0.8010841708902077,9.8046875,3.9481563859938335e-33,
IM-0039-0001.jpeg,iqp,7982.140625,9.10960986189194,0.5653485689047577,81.1171875,0.3175552229307896,0.5021402677526778
IM-0039-0001.jpeg,amplitude,707.4453125,19.633874875513627,0.8010841708902077,9.8046875,4.81482486096809e-34,
IM-0039-0001.jpeg,entangled_angle,6226.09765625,10.188644325654415,0.5750031607888384,71.05859375,0.03515746849815009,0.7483981860477391
IM-0041-0001.jpeg,basis,10337.32421875,7.986722232142927,0.5783704148444341,91.62890625,0.12506212573452347,
IM-0041-0001.jpeg,angle,656.26953125,19.95998119215227,0.8325473346636076,9.97265625,1.0111132208032988e-32,
IM-0041-0001.jpeg,dense_angle,656.26953125,19.95998119215227,0.8325473346636076,9.97265625,2.6963019221421302e-33,
IM-0041-0001.jpeg,iqp,1411.6953125,16.633393882163915,0.7184456410298462,17.015625,0.07118159335494982,0.506459609705828
IM-0041-0001.jpeg,amplitude,656.26953125,19.95998119215227,0.8325473346636076,9.97265625,1.925929944387236e-33,
IM-0041-0001.jpeg,entangled_angle,3317.3125,12.9229397568158,0.571370960767422,45.84375,0.029927090244138685,0.7763165121743851
IM-0043-0001.jpeg,basis,5185.76171875,10.982678034306218,0.6722682132746408,58.41015625,0.1051677495999285,
IM-0043-0001.jpeg,angle,518.56640625,20.982759819725878,0.8664293275809556,7.51171875,9.533353224716817e-32,
IM-0043-0001.jpeg,dense_angle,518.56640625,20.982759819725878,0.8664293275809556,7.51171875,8.666684749742561e-34,
IM-0043-0001.jpeg,iqp,9796.234375,8.220211937913518,0.46869632014467705,90.96875,0.3514670665517492,0.5112082495970386
IM-0043-0001.jpeg,amplitude,518.56640625,20.982759819725878,0.8664293275809556,7.51171875,9.62964972193618e-35,
IM-0043-0001.jpeg,entangled_angle,7758.5703125,9.232986605628573,0.5065814559728335,80.859375,0.04372615511436054,0.6978282605657978
IM-0045-0001.jpeg,basis,5565.84765625,10.675490458543337,0.5650165262607515,64.79296875,0.12282483687044612,
IM-0045-0001.jpeg,angle,583.5859375,20.46975542587781,0.8533012990658503,5.390625,1.665929401894959e-32,
IM-0045-0001.jpeg,dense_angle,583.5859375,20.46975542587781,0.8533012990658503,5.390625,5.7777898331617076e-34,
IM-0045-0001.jpeg,iqp,10200.19140625,8.044720395081264,0.38518150239276394,86.12109375,0.3422516681885793,0.5173910881024576
IM-0045-0001.jpeg,amplitude,583.5859375,20.46975542587781,0.8533012990658503,5.390625,1.9500040686920763e-33,
IM-0045-0001.jpeg,entangled_angle,8452.55078125,8.860925722670856,0.43542143978707565,82.12109375,0.0458675902951202,0.692404931545327
IM-0046-0001.jpeg,basis,5881.8125,10.435691848847647,0.5307054650636562,67.34375,0.11170879350782131,
IM-0046-0001.jpeg,angle,630.0234375,20.137236549260955,0.817978091962965,8.265625,1.0592614694129797e-32,
IM-0046-0001.jpeg,dense_angle,630.0234375,20.137236549260955,0.817978091962965,8.265625,5.007417855406813e-33,
IM-0046-0001.jpeg,iqp,9266.40234375,8.461692076861917,0.49639947614582647,88.70703125,0.27638345313293367,0.5056897076792722
IM-0046-0001.jpeg,amplitude,630.0234375,20.137236549260955,0.817978091962965,8.265625,1.5407439555097887e-33,
IM-0046-0001.jpeg,entangled_angle,7599.19921875,9.323125308504334,0.5064763944447428,79.94921875,0.04241093667930411,0.7109556066753827
IM-0049-0001.jpeg,basis,6730.41796875,9.85038325487137,0.7060364818446944,73.30078125,0.13398396643916588,
IM-0049-0001.jpeg,angle,375.90234375,22.380053273208482,0.8939766715039238,3.48046875,2.69630192214213e-32,
IM-0049-0001.jpeg,dense_angle,375.90234375,22.380053273208482,0.8939766715039238,3.48046875,5.7777898331617076e-33,
IM-0049-0001.jpeg,iqp,7532.1484375,9.36161490713945,0.4128483920757834,68.453125,0.23742132842148822,0.5073814861449144
IM-0049-0001.jpeg,amplitude,375.90234375,22.380053273208482,0.8939766715039238,3.48046875,3.851859888774472e-34,
IM-0049-0001.jpeg,entangled_angle,4788.99609375,11.32835878067005,0.5883124839011958,60.05859375,0.03043283675875982,0.7856603926521344
IM-0050-0001.jpeg,basis,5678.84765625,10.588201426400627,0.7240539773713709,68.08203125,0.12311992233882676,
IM-0050-0001.jpeg,angle,497.0546875,21.166761870784807,0.8218838865559036,5.9375,9.725946219155541e-33,
IM-0050-0001.jpeg,dense_angle,497.0546875,21.166761870784807,0.8218838865559036,5.9375,1.0400021699691074e-32,
IM-0050-0001.jpeg,iqp,4606.87890625,11.496735640783502,0.6063977854204589,51.51171875,0.21010604966632596,0.5050566304063288
IM-0050-0001.jpeg,amplitude,497.0546875,21.166761870784807,0.8218838865559036,5.9375,0.0,
IM-0050-0001.jpeg,entangled_angle,5966.8984375,10.373317150815796,0.48772992911326435,68.953125,0.031955086243884226,0.7564878045007252
IM-0059-0001.jpeg,basis,3850.28515625,12.275874658529645,0.7584833316251821,55.14453125,0.1285224139611093,
IM-0059-0001.jpeg,angle,125.0234375,27.160889252776258,0.9620954280162792,2.765625,1.4637067577342992e-32,
IM-0059-0001.jpeg,dense_angle,125.0234375,27.160889252776258,0.9620954280162792,2.765625,2.311115933264683e-33,
IM-0059-0001.jpeg,iqp,9917.765625,8.166665199670541,0.4003509547418291,86.5703125,0.269035666366533,0.5024878092672462
IM-0059-0001.jpeg,amplitude,125.0234375,27.160889252776258,0.9620954280162792,2.765625,4.81482486096809e-34,
IM-0059-0001.jpeg,entangled_angle,7350.1640625,9.467833278186498,0.5970768798929921,78.2109375,0.033719337431417376,0.7582978668256171
IM-0061-0001.jpeg,basis,3840.078125,12.287403008464064,0.6603014276678115,52.8671875,0.11583623291570369,
IM-0061-0001.jpeg,angle,328.20703125,22.969324800668435,0.9268503024726182,7.19921875,3.6207482954480034e-32,
IM-0061-0001.jpeg,dense_angle,328.20703125,22.969324800668435,0.9268503024726182,7.19921875,0.0,
IM-0061-0001.jpeg,iqp,12181.2890625,7.273871117247567,0.3543557964297746,92.296875,0.30272144844175897,0.5056948755892186
IM-0061-0001.jpeg,amplitude,328.20703125,22.969324800668435,0.9268503024726182,7.19921875,1.6370404527291505e-33,
IM-0061-0001.jpeg,entangled_angle,8008.875,9.095088454835276,0.5012502014458375,76.9765625,0.049072940979264824,0.7261792502551769
IM-0063-0001.jpeg,basis,5042.5,11.104344539831072,0.7516293263528594,56.84375,0.10731481197788353,
IM-0063-0001.jpeg,angle,503.2578125,21.112898353314527,0.88660160452155,5.0,6.162975822039155e-33,
IM-0063-0001.jpeg,dense_angle,503.2578125,21.112898353314527,0.88660160452155,5.0,8.08890576642639e-33,
IM-0063-0001.jpeg,iqp,2980.2578125,13.388265257503653,0.6720940408326365,21.0390625,0.21218039025695545,0.5045911640992371
IM-0063-0001.jpeg,amplitude,503.2578125,21.112898353314527,0.88660160452155,5.0,4.81482486096809e-34,
IM-0063-0001.jpeg,entangled_angle,4115.56640625,11.986507472780461,0.5455505189817472,53.08984375,0.041386491530826415,0.714935548155246
IM-0065-0001.jpeg,basis,7608.859375,9.317608032131309,0.6538946832318848,75.9375,0.1167964857114333,
IM-0065-0001.jpeg,angle,203.953125,25.03549996839418,0.9384670468956632,4.2265625,3.120006509907322e-32,
IM-0065-0001.jpeg,dense_angle,203.953125,25.03549996839418,0.9384670468956632,4.2265625,6.933347799794049e-33,
IM-0065-0001.jpeg,iqp,4521.98046875,11.577516786507893,0.5104184852347705,50.11328125,0.13936306163108259,0.5045642372347092
IM-0065-0001.jpeg,amplitude,203.953125,25.03549996839418,0.9384670468956632,4.2265625,3.851859888774472e-34,
IM-0065-0001.jpeg,entangled_angle,3417.5390625,12.793668736101292,0.6481839538080324,50.3046875,0.03448209646802054,0.7619813446387402
IM-0067-0001.jpeg,basis,3983.35546875,12.128312969320517,0.7690646531164177,51.24609375,0.10689271008368817,
IM-0067-0001.jpeg,angle,292.375,23.471401260507008,0.9179140780054468,4.2421875,4.468157470978387e-32,
IM-0067-0001.jpeg,dense_angle,292.375,23.471401260507008,0.9179140780054468,4.2421875,6.933347799794049e-33,
IM-0067-0001.jpeg,iqp,1696.86328125,15.8343350888061,0.7936627879440256,26.35546875,0.1250053632589743,0.5159742888276004
IM-0067-0001.jpeg,amplitude,292.375,23.471401260507008,0.9179140780054468,4.2421875,0.0,
IM-0067-0001.jpeg,entangled_angle,3780.078125,12.355795851296854,0.5503477137367387,52.1875,0.04324202428310571,0.7365800921389289
IM-0069-0001.jpeg,basis,5353.44140625,10.844473072107403,0.6864448001054688,63.39453125,0.13131929620554283,
IM-0069-0001.jpeg,angle,236.80859375,24.38682902046411,0.9386020309481077,3.56640625,5.431122443172005e-32,
IM-0069-0001.jpeg,dense_angle,236.80859375,24.38682902046411,0.9386020309481077,3.56640625,1.5407439555097887e-32,
IM-0069-0001.jpeg,iqp,8062.21875,9.066257832963414,0.3801445360683362,68.4453125,0.266969654276084,0.5054067497884633
IM-0069-0001.jpeg,amplitude,236.80859375,24.38682902046411,0.9386020309481077,3.56640625,1.925929944387236e-33,
IM-0069-0001.jpeg,entangled_angle,5635.37890625,10.621572388245163,0.5525735911024346,63.71484375,0.04112338054530451,0.7410418649093584
IM-0070-0001.jpeg,basis,4551.7578125,11.549012145751368,0.7345824182986717,53.9140625,0.11025642795336843,
IM-0070-0001.jpeg,angle,194.15625,25.249289855747016,0.9573718705353973,3.6796875,1.7333369499485123e-32,
IM-0070-0001.jpeg,dense_angle,194.15625,25.249289855747016,0.9573718705353973,3.6796875,1.1170393677445968e-32,
IM-0070-0001.jpeg,iqp,5400.53125,10.80643877416195,0.5704279382702034,64.6015625,0.2272379213572514,0.5056942178364344
IM-0070-0001.jpeg,amplitude,194.15625,25.249289855747016,0.9573718705353973,3.6796875,1.5407439555097887e-33,
IM-0070-0001.jpeg,entangled_angle,3349.3203125,12.881236775564318,0.615670938517384,49.0234375,0.04535003581532241,0.7292187906211629
IM-0071-0001.jpeg,basis,3231.17578125,13.037197758770919,0.777841335027162,43.59765625,0.099074606843741,
IM-0071-0001.jpeg,angle,358.203125,22.589509905097387,0.9159429147406254,5.9453125,7.992609269207029e-33,
IM-0071-0001.jpeg,dense_angle,358.203125,22.589509905097387,0.9159429147406254,5.9453125,5.585196838722984e-33,
IM-0071-0001.jpeg,iqp,3625.41015625,12.537232138175778,0.5592064295820945,24.01953125,0.1625072764133037,0.5085065421211281
IM-0071-0001.jpeg,amplitude,358.203125,22.589509905097387,0.9159429147406254,5.9453125,0.0,
IM-0071-0001.jpeg,entangled_angle,6143.609375,10.246567664217874,0.5594799351253956,68.671875,0.051562862184716785,0.6877161616389535
IM-0073-0001.jpeg,basis,6249.3671875,10.172443180663766,0.40352296126270615,67.4296875,0.13345620283218707,
IM-0073-0001.jpeg,angle,474.0625,21.372447584010857,0.7838180808246854,5.8203125,2.850376317693109e-32,
IM-0073-0001.jpeg,dense_angle,474.0625,21.372447584010857,0.7838180808246854,5.8203125,6.933347799794049e-33,
IM-0073-0001.jpeg,iqp,3528.87890625,12.654436051006668,0.6572598264155833,47.12890625,0.15424220938064642,0.5076143170142007
IM-0073-0001.jpeg,amplitude,474.0625,21.372447584010857,0.7838180808246854,5.8203125,9.62964972193618e-35,
IM-0073-0001.jpeg,entangled_angle,5855.2265625,10.455366565167644,0.5565751114268596,70.6015625,0.029505796819547927,0.7798675811153833
IM-0075-0001.jpeg,basis,6301.26171875,10.136528427432701,0.5438702004226458,60.93359375,0.12284562737215901,
IM-0075-0001.jpeg,angle,589.12109375,20.428757877411165,0.8281343128925839,7.16015625,7.751868026158624e-32,
IM-0075-0001.jpeg,dense_angle,589.12109375,20.428757877411165,0.8281343128925839,7.16015625,3.177784408238939e-33,
IM-0075-0001.jpeg,iqp,2482.85546875,14.181289215997943,0.650300655084699,26.81640625,0.11541715108032352,0.5116709148084082
IM-0075-0001.jpeg,amplitude,589.12109375,20.428757877411165,0.8281343128925839,7.16015625,1.6370404527291505e-33,
IM-0075-0001.jpeg,entangled_angle,5930.59765625,10.399818992519638,0.6211614913181145,70.19921875,0.029853904682632902,0.7560861787764981
IM-0077-0001.jpeg,basis,6062.53125,10.3042637063201,0.7040468935004724,67.3515625,0.1152915187809195,
IM-0077-0001.jpeg,angle,338.80078125,22.831359577565465,0.9180704607378147,4.72265625,9.725946219155541e-33,
IM-0077-0001.jpeg,dense_angle,338.80078125,22.831359577565465,0.9180704607378147,4.72265625,3.0814879110195774e-33,
IM-0077-0001.jpeg,iqp,5995.44140625,10.352591979131693,0.6267864183578167,71.33203125,0.14327351638815472,0.5062225767658673
IM-0077-0001.jpeg,amplitude,338.80078125,22.831359577565465,0.9180704607378147,4.72265625,0.0,
IM-0077-0001.jpeg,entangled_angle,5817.8828125,10.483153917047494,0.5733924761313133,67.640625,0.03391957684350474,0.764980187338551
IM-0079-0001.jpeg,basis,7186.32421875,9.565735538943965,0.5729954682885827,75.89453125,0.11565562457420744,
IM-0079-0001.jpeg,angle,204.93359375,25.014672048855186,0.9465881056101283,3.64453125,2.888894916580854e-32,
IM-0079-0001.jpeg,dense_angle,204.93359375,25.014672048855186,0.9465881056101283,3.64453125,3.851859888774472e-33,
IM-0079-0001.jpeg,iqp,8013.28515625,9.092697632931865,0.6035021386948468,81.80078125,0.23268155949084654,0.5043396127290147
IM-0079-0001.jpeg,amplitude,204.93359375,25.014672048855186,0.9465881056101283,3.64453125,0.0,
IM-0079-0001.jpeg,entangled_angle,6929.78515625,9.723605904554475,0.5847153975243894,76.59765625,0.036162436458526015,0.7582407251886695
IM-0081-0001.jpeg,basis,5343.5546875,10.852501024220793,0.5966490743525469,60.0625,0.13174375336169608,
IM-0081-0001.jpeg,angle,334.87109375,22.882027002395944,0.8328552366734793,3.55078125,1.8103741477240017e-32,
IM-0081-0001.jpeg,dense_angle,334.87109375,22.882027002395944,0.8328552366734793,3.55078125,4.622231866529366e-33,
IM-0081-0001.jpeg,iqp,5337.6328125,10.857316664613837,0.6008104257102376,65.5703125,0.2191104899655229,0.50322290922995
IM-0081-0001.jpeg,amplitude,334.87109375,22.882027002395944,0.8328552366734793,3.55078125,3.851859888774472e-34,
IM-0081-0001.jpeg,entangled_angle,5128.78125,11.030661847001628,0.5303769610817887,62.1015625,0.029475753592413487,0.7887740637626139
IM-0083-0001.jpeg,basis,3317.7421875,12.922377256823737,0.7347924662891859,43.1796875,0.14366198947003753,
IM-0083-0001.jpeg,angle,395.265625,22.1619131409882,0.8562251219974836,3.8984375,3.129636159629258e-32,
IM-0083-0001.jpeg,dense_angle,395.265625,22.1619131409882,0.8562251219974836,3.8984375,5.7777898331617076e-33,
IM-0083-0001.jpeg,iqp,7996.1171875,9.10201210550438,0.4896989264656667,81.4140625,0.2203902916157009,0.5045604875842409
IM-0083-0001.jpeg,amplitude,395.265625,22.1619131409882,0.8562251219974836,3.8984375,0.0,
IM-0083-0001.jpeg,entangled_angle,5708.41796875,10.565645963418929,0.5651413202790733,67.30859375,0.02890303153246461,0.7871211410298901
IM-0084-0001.jpeg,basis,4326.3671875,11.769569847528825,0.7602037586400668,57.0625,0.12398155549332812,
IM-0084-0001.jpeg,angle,172.5546875,25.761535993398965,0.9565283069151931,4.0859375,2.5037089277034066e-32,
IM-0084-0001.jpeg,dense_angle,172.5546875,25.761535993398965,0.9565283069151931,4.0859375,5.488900341503622e-33,
IM-0084-0001.jpeg,iqp,7431.9921875,9.419751164118491,0.5695556759768193,78.34375,0.18575215519243576,0.5039450779559882
IM-0084-0001.jpeg,amplitude,172.5546875,25.761535993398965,0.9565283069151931,4.0859375,1.2518544638517033e-33,
IM-0084-0001.jpeg,entangled_angle,6082.61328125,10.289901549849631,0.590011694635764,68.45703125,0.039114384688495214,0.761201603239966
IM-0085-0001.jpeg,basis,3411.9296875,12.800802881512645,0.7726048509339989,46.3359375,0.1173655085444062,
IM-0085-0001.jpeg,angle,291.37109375,23.486338966445253,0.9113225319419391,4.14453125,6.259272319258517e-33,
IM-0085-0001.jpeg,dense_angle,291.37109375,23.486338966445253,0.9113225319419391,4.14453125,3.851859888774472e-33,
IM-0085-0001.jpeg,iqp,5146.1015625,11.016020077541613,0.6124004178651744,58.765625,0.11658336762498836,0.5082469159703096
IM-0085-0001.jpeg,amplitude,291.37109375,23.486338966445253,0.9113225319419391,4.14453125,3.851859888774472e-34,
IM-0085-0001.jpeg,entangled_angle,5411.68359375,10.797479642034912,0.6007350931738887,65.83203125,0.03337936312713571,0.7627044857075619
IM-0086-0001.jpeg,basis,4893.5078125,11.234600748600318,0.781639533062418,60.1953125,0.08995035278410526,
IM-0086-0001.jpeg,angle,383.31640625,22.295229530631783,0.9220311383957943,6.22265625,4.554824318475813e-32,
IM-0086-0001.jpeg,dense_angle,383.31640625,22.295229530631783,0.9220311383957943,6.22265625,1.4059288594026822e-32,
IM-0086-0001.jpeg,iqp,5033.91015625,11.11174900746757,0.5023110491895914,56.67578125,0.20467776649793656,0.5116584888347058
IM-0086-0001.jpeg,amplitude,383.31640625,22.295229530631783,0.9220311383957943,6.22265625,9.62964972193618e-35,
IM-0086-0001.jpeg,entangled_angle,3927.89453125,12.189205429319916,0.546711825055842,48.84765625,0.05497406656081653,0.6782493795863935
IM-0087-0001.jpeg,basis,7540.6328125,9.356725673264227,0.6537478430667301,74.6796875,0.13129125975518474,
IM-0087-0001.jpeg,angle,239.44140625,24.33881106397529,0.9459645890845989,2.66015625,6.24964266953658e-32,
IM-0087-0001.jpeg,dense_angle,239.44140625,24.33881106397529,0.9459645890845989,2.66015625,5.3926038442842604e-33,
IM-0087-0001.jpeg,iqp,5811.90625,10.487617606507458,0.5011864715965468,63.484375,0.17115538638211863,0.5027019041536837
IM-0087-0001.jpeg,amplitude,239.44140625,24.33881106397529,0.9459645890845989,2.66015625,4.81482486096809e-34,
IM-0087-0001.jpeg,entangled_angle,4406.98828125,11.689384652014738,0.6172958351684688,58.44140625,0.03620203402169393,0.7792115380650115
IM-0089-0001.jpeg,basis,4907.23828125,11.222432142952833,0.710878165085139,61.12109375,0.11001508558588369,
IM-0089-0001.jpeg,angle,435.4140625,21.741779095952467,0.9257397917094015,6.9296875,2.195560136601449e-32,
IM-0089-0001.jpeg,dense_angle,435.4140625,21.741779095952467,0.9257397917094015,6.9296875,9.244463733058732e-33,
IM-0089-0001.jpeg,iqp,10427.6875,7.9489235324112215,0.46313670960903736,94.9375,0.21903893103022104,0.5066680010251692
IM-0089-0001.jpeg,amplitude,435.4140625,21.741779095952467,0.9257397917094015,6.9296875,3.851859888774472e-34,
IM-0089-0001.jpeg,entangled_angle,6920.18359375,9.729627443454225,0.5533691229758313,73.87109375,0.04225336087571957,0.728880476999956
IM-0091-0001.jpeg,basis,7509.734375,9.374557849172582,0.5846919542108263,74.140625,0.1157054155713444,
IM-0091-0001.jpeg,angle,463.8125,21.46737911934915,0.84074730195957,4.8828125,1.4348178085684907e-32,
IM-0091-0001.jpeg,dense_angle,463.8125,21.46737911934915,0.84074730195957,4.8828125,2.4074124304840448e-33,
IM-0091-0001.jpeg,iqp,4341.9140625,11.753991374545727,0.4635996675154969,50.5625,0.2130542744794866,0.5058491657891542
IM-0091-0001.jpeg,amplitude,463.8125,21.46737911934915,0.84074730195957,4.8828125,9.62964972193618e-35,
IM-0091-0001.jpeg,entangled_angle,4749.28125,11.364524718278435,0.49297063425457666,58.8828125,0.03344297122287526,0.7658485479093903
IM-0093-0001.jpeg,basis,6135.328125,10.252425665732343,0.5883288184430238,68.9453125,0.12168085782687438,
IM-0093-0001.jpeg,angle,188.0390625,25.38832283593621,0.9488424982729363,4.3671875,7.703719777548943e-33,
IM-0093-0001.jpeg,dense_angle,188.0390625,25.38832283593621,0.9488424982729363,4.3671875,3.274080905458301e-33,
IM-0093-0001.jpeg,iqp,11167.25390625,7.651339702040232,0.5137516497453954,99.93359375,0.338614264716313,0.5083261152654446
IM-0093-0001.jpeg,amplitude,188.0390625,25.38832283593621,0.9488424982729363,4.3671875,0.0,
IM-0093-0001.jpeg,entangled_angle,8374.953125,8.900979759185272,0.5737890693800687,85.796875,0.03770054993677871,0.7562638118501945
IM-0095-0001.jpeg,basis,5662.0390625,10.601074996237646,0.680473065399765,63.8828125,0.10902884454685025,
IM-0095-0001.jpeg,angle,192.36328125,25.289581843947385,0.9507199458753539,5.73828125,1.1324468072996947e-31,
IM-0095-0001.jpeg,dense_angle,192.36328125,25.289581843947385,0.9507199458753539,5.73828125,1.2711137632955757e-32,
IM-0095-0001.jpeg,iqp,7746.05859375,9.239995830582732,0.4777970825174473,76.91015625,0.20099930270210348,0.5072953940103916
IM-0095-0001.jpeg,amplitude,192.36328125,25.289581843947385,0.9507199458753539,5.73828125,0.0,
IM-0095-0001.jpeg,entangled_angle,5169.65625,10.996186946968752,0.5881636392747417,61.75,0.045877310137485555,0.714064269712571
IM-0097-0001.jpeg,basis,5390.30078125,10.814673611742094,0.6887942529171285,61.82421875,0.11200388849636245,
IM-0097-0001.jpeg,angle,221.296875,24.6810507970088,0.9370148417205953,5.4921875,4.352601674315153e-32,
IM-0097-0001.jpeg,dense_angle,221.296875,24.6810507970088,0.9370148417205953,5.4921875,1.925929944387236e-33,
IM-0097-0001.jpeg,iqp,6742.35546875,9.84268715316152,0.5037358426184172,64.69140625,0.12632203798998237,0.5092283172552966
IM-0097-0001.jpeg,amplitude,221.296875,24.6810507970088,0.9370148417205953,5.4921875,0.0,
IM-0097-0001.jpeg,entangled_angle,5545.40234375,10.691472992318978,0.5778942725454361,64.77734375,0.04795147350310293,0.7352807843907891
IM-0099-0001.jpeg,basis,3906.5859375,12.212829784602452,0.7572990033449746,49.828125,0.11673536947587904,
IM-0099-0001.jpeg,angle,157.078125,26.169646522968634,0.960971240884118,3.5078125,7.43408958533473e-32,
IM-0099-0001.jpeg,dense_angle,157.078125,26.169646522968634,0.960971240884118,3.5078125,2.311115933264683e-33,
IM-0099-0001.jpeg,iqp,1490.8828125,16.396368528171596,0.7952148271808227,13.640625,0.16817645936522505,0.5018542934607504
IM-0099-0001.jpeg,amplitude,157.078125,26.169646522968634,0.960971240884118,3.5078125,1.5407439555097887e-33,
IM-0099-0001.jpeg,entangled_angle,3715.08203125,12.431119531815728,0.6173277339945495,52.52734375,0.04359715275193699,0.728374562184636
IM-0101-0001.jpeg,basis,6650.2734375,9.902408584285642,0.697957117442321,67.6796875,0.13409479142979885,
IM-0101-0001.jpeg,angle,375.26953125,22.387370561062042,0.8850272819140926,7.50390625,1.5792625543975334e-32,
IM-0101-0001.jpeg,dense_angle,375.26953125,22.387370561062042,0.8850272819140926,7.50390625,2.6963019221421302e-33,
IM-0101-0001.jpeg,iqp,2908.52734375,13.494072098097078,0.5118776573593405,30.46484375,0.12014602744052724,0.5226198181163001
IM-0101-0001.jpeg,amplitude,375.26953125,22.387370561062042,0.8850272819140926,7.50390625,7.703719777548943e-34,
IM-0101-0001.jpeg,entangled_angle,2685.15625,13.841107983785534,0.6323898801258777,41.8828125,0.024000128297178742,0.8210736647821153
IM-0102-0001.jpeg,basis,9131.91796875,8.525183592629443,0.5988161376372232,86.31640625,0.14462329529851004,
IM-0102-0001.jpeg,angle,284.5078125,23.58986164375643,0.9022481861750498,3.46875,1.9644485432749806e-32,
IM-0102-0001.jpeg,dense_angle,284.5078125,23.58986164375643,0.9022481861750498,3.46875,2.311115933264683e-33,
IM-0102-0001.jpeg,iqp,3599.62890625,12.568226301770075,0.5782916621466829,50.83203125,0.14277613715572512,0.5057570825833784
IM-0102-0001.jpeg,amplitude,284.5078125,23.58986164375643,0.9022481861750498,3.46875,0.0,
IM-0102-0001.jpeg,entangled_angle,1853.51171875,15.45085024685025,0.7193977221279007,35.49609375,0.023336534589568157,0.8236936780964101
IM-0103-0001.jpeg,basis,5508.875,10.720174428104603,0.6730613139035279,61.7109375,0.10899952803407303,
IM-0103-0001.jpeg,angle,351.58203125,22.67053689939401,0.9152203117012703,5.07421875,1.9259299443872359e-32,
IM-0103-0001.jpeg,dense_angle,351.58203125,22.67053689939401,0.9152203117012703,5.07421875,1.2518544638517033e-33,
IM-0103-0001.jpeg,iqp,10861.3828125,7.771952400711243,0.38004716852931897,94.8203125,0.30387142921954724,0.5046513820171841
IM-0103-0001.jpeg,amplitude,351.58203125,22.67053689939401,0.9152203117012703,5.07421875,1.5407439555097887e-33,
IM-0103-0001.jpeg,entangled_angle,6759.37109375,9.831740707280401,0.5009529093149141,72.16015625,0.046208212715055375,0.7009908950859696
IM-0105-0001.jpeg,basis,5435.38671875,10.778499120142527,0.6965731754655548,62.73828125,0.12019884308135889,
IM-0105-0001.jpeg,angle,286.2890625,23.56275604486661,0.9012235640614358,4.9375,2.0800043399382147e-32,
IM-0105-0001.jpeg,dense_angle,286.2890625,23.56275604486661,0.9012235640614358,4.9375,3.562970397116386e-33,
IM-0105-0001.jpeg,iqp,7410.61328125,9.432262104268464,0.33660154148541077,66.41796875,0.20268239788915826,0.5045561249550997
IM-0105-0001.jpeg,amplitude,286.2890625,23.56275604486661,0.9012235640614358,4.9375,0.0,
IM-0105-0001.jpeg,entangled_angle,6518.046875,9.989628814677452,0.4975574516569929,70.640625,0.04187917594897068,0.7367416585880526
IM-0107-0001.jpeg,basis,5618.87890625,10.634306882522964,0.6940776259246237,63.96484375,0.12243783964224786,
IM-0107-0001.jpeg,angle,209.39453125,24.92115025831496,0.9351398594400463,2.63671875,2.2340787354891936e-32,
IM-0107-0001.jpeg,dense_angle,209.39453125,24.92115025831496,0.9351398594400463,2.63671875,5.007417855406813e-33,
IM-0107-0001.jpeg,iqp,7801.10546875,9.209242113877096,0.3821916726173447,67.82421875,0.3039949795732245,0.5037189166243847
IM-0107-0001.jpeg,amplitude,209.39453125,24.92115025831496,0.9351398594400463,2.63671875,0.0,
IM-0107-0001.jpeg,entangled_angle,5028.59765625,11.11633472246519,0.5954905743081609,61.80859375,0.038950765215599634,0.7438985043649183
IM-0109-0001.jpeg,basis,4236.3984375,11.860835616821978,0.5143361812951653,38.2578125,0.13066870883877013,
IM-0109-0001.jpeg,angle,1167.96875,17.456491378553302,0.7685626590993924,11.40625,2.0800043399382147e-32,
IM-0109-0001.jpeg,dense_angle,1167.96875,17.456491378553302,0.7685626590993924,11.40625,3.4666738998970245e-33,
IM-0109-0001.jpeg,iqp,7008.4140625,9.67460608497454,0.44122882605673575,68.84375,0.06279207641093398,0.5074581983363599
IM-0109-0001.jpeg,amplitude,1167.96875,17.456491378553302,0.7685626590993924,11.40625,0.0,
IM-0109-0001.jpeg,entangled_angle,6183.51953125,10.218446239798656,0.5121977404966569,66.49609375,0.03485708133624214,0.7425294694169168
IM-0110-0001.jpeg,basis,6649.1328125,9.903153530541623,0.6402238988644829,69.0546875,0.12077762750883514,
IM-0110-0001.jpeg,angle,227.33203125,24.56419728420358,0.926024140210909,4.90234375,3.697785493223493e-32,
IM-0110-0001.jpeg,dense_angle,227.33203125,24.56419728420358,0.926024140210909,4.90234375,3.0814879110195774e-33,
IM-0110-0001.jpeg,iqp,7322.87890625,9.483985083208779,0.4333996373636056,68.80859375,0.16673522951413006,0.50755723247718
IM-0110-0001.jpeg,amplitude,227.33203125,24.56419728420358,0.926024140210909,4.90234375,7.703719777548943e-34,
IM-0110-0001.jpeg,entangled_angle,5272.9453125,10.910270937281094,0.5924269925176416,65.21875,0.033238719420167345,0.7761295337589396
IM-0111-0001.jpeg,basis,3778.02734375,12.358152640325546,0.7828920062378493,52.92578125,0.12500685965865055,
IM-0111-0001.jpeg,angle,185.84765625,25.439232723482466,0.9392057652422262,3.50390625,3.42815530100928e-32,
IM-0111-0001.jpeg,dense_angle,185.84765625,25.439232723482466,0.9392057652422262,3.50390625,3.0814879110195774e-33,
IM-0111-0001.jpeg,iqp,1466.734375,16.467288904580986,0.7480685926800603,7.3359375,0.07648809011771834,0.5049144824939694
IM-0111-0001.jpeg,amplitude,185.84765625,25.439232723482466,0.9392057652422262,3.50390625,0.0,
IM-0111-0001.jpeg,entangled_angle,5413.734375,10.795834175792976,0.6134017439961591,67.078125,0.02972716790362213,0.7786348739443519
NORMAL2-IM-0007-0001.jpeg,basis,3444.7734375,12.759196972016811,0.7447781092207457,45.9765625,0.10516117103749603,
NORMAL2-IM-0007-0001.jpeg,angle,420.6875,21.89120752967089,0.9309678929525407,6.1015625,1.820003797445938e-32,
NORMAL2-IM-0007-0001.jpeg,dense_angle,420.6875,21.89120752967089,0.9309678929525407,6.1015625,2.0222264416065976e-33,
NORMAL2-IM-0007-0001.jpeg,iqp,11009.16015625,7.713261711802797,0.38894514715551637,94.36328125,0.3585828454668914,0.5073550584219321
NORMAL2-IM-0007-0001.jpeg,amplitude,420.6875,21.89120752967089,0.9309678929525407,6.1015625,9.62964972193618e-35,
NORMAL2-IM-0007-0001.jpeg,entangled_angle,7497.22265625,9.381799519365874,0.5141982697708287,76.09765625,0.047543305551955434,0.6743005273932627
NORMAL2-IM-0012-0001.jpeg,basis,2180.48828125,14.745266039112677,0.827726926427358,25.42578125,0.13142417260980122,
NORMAL2-IM-0012-0001.jpeg,angle,214.55859375,24.81534446783842,0.9485575344726475,3.22265625,5.045936454294558e-32,
NORMAL2-IM-0012-0001.jpeg,dense_angle,214.55859375,24.81534446783842,0.9485575344726475,3.22265625,2.311115933264683e-33,
NORMAL2-IM-0012-0001.jpeg,iqp,4856.546875,11.26752776000444,0.5267110900925104,58.125,0.2702509157189564,0.5028718560332966
NORMAL2-IM-0012-0001.jpeg,amplitude,214.55859375,24.81534446783842,0.9485575344726475,3.22265625,0.0,
NORMAL2-IM-0012-0001.jpeg,entangled_angle,2840.515625,13.596831782975423,0.621691689213175,43.1953125,0.03711435417316345,0.7238184326883055
NORMAL2-IM-0013-0001.jpeg,basis,7171.87109375,9.57447885858436,0.5648406857001234,72.59765625,0.12287095466095155,
NORMAL2-IM-0013-0001.jpeg,angle,493.1015625,21.201439821776713,0.9273671347674102,5.5390625,9.937798513038137e-32,
NORMAL2-IM-0013-0001.jpeg,dense_angle,493.1015625,21.201439821776713,0.9273671347674102,5.5390625,8.08890576642639e-33,
NORMAL2-IM-0013-0001.jpeg,iqp,10396.41015625,7.9619695603717435,0.42464884253224144,89.78515625,0.20274575158299918,0.5073443043800411
NORMAL2-IM-0013-0001.jpeg,amplitude,493.1015625,21.201439821776713,0.9273671347674102,5.5390625,4.81482486096809e-34,
NORMAL2-IM-0013-0001.jpeg,entangled_angle,6812.15625,9.797957600778522,0.5724250300468614,72.890625,0.0415120398828049,0.729303265821261
NORMAL2-IM-0019-0001.jpeg,basis,6649.05859375,9.903202007500022,0.6323458215680341,68.10546875,0.11246089467419396,
NORMAL2-IM-0019-0001.jpeg,angle,373.92578125,22.402949511600347,0.9159430921936448,7.69921875,8.474091755303838e-33,
NORMAL2-IM-0019-0001.jpeg,dense_angle,373.92578125,22.402949511600347,0.9159430921936448,7.69921875,3.851859888774472e-34,
NORMAL2-IM-0019-0001.jpeg,iqp,6393.96875,10.073098515058609,0.4423288370523005,64.171875,0.2248992815574185,0.502784664149281
NORMAL2-IM-0019-0001.jpeg,amplitude,373.92578125,22.402949511600347,0.9159430921936448,7.69921875,0.0,
NORMAL2-IM-0019-0001.jpeg,entangled_angle,3761.25,12.377481601197733,0.6607875378659007,52.109375,0.033264792968519065,0.7535444133458716
NORMAL2-IM-0023-0001.jpeg,basis,7862.07421875,9.175432215820798,0.6571056422309297,76.93359375,0.11674384388688508,
NORMAL2-IM-0023-0001.jpeg,angle,125.59375,27.141123329957814,0.9663689259561546,3.7265625,1.8103741477240017e-32,
NORMAL2-IM-0023-0001.jpeg,dense_angle,125.59375,27.141123329957814,0.9663689259561546,3.7265625,5.007417855406813e-33,
NORMAL2-IM-0023-0001.jpeg,iqp,4758.1171875,11.35645226811501,0.4973124453521771,44.078125,0.1848636433787534,0.5058076468332775
NORMAL2-IM-0023-0001.jpeg,amplitude,125.59375,27.141123329957814,0.9663689259561546,3.7265625,3.851859888774472e-34,
NORMAL2-IM-0023-0001.jpeg,entangled_angle,3338.18359375,12.895701424971527,0.6659273567228985,49.33984375,0.03716985512277661,0.7532494053094864
NORMAL2-IM-0027-0001.jpeg,basis,7321.01171875,9.485092588383585,0.7001456739460551,73.32421875,0.09495566442674785,
NORMAL2-IM-0027-0001.jpeg,angle,239.12890625,24.344482834302006,0.9619092819517904,4.15234375,1.9259299443872359e-32,
NORMAL2-IM-0027-0001.jpeg,dense_angle,239.12890625,24.344482834302006,0.9619092819517904,4.15234375,3.0814879110195774e-33,
NORMAL2-IM-0027-0001.jpeg,iqp,1222.96875,17.25665001031914,0.8689617214795724,23.2109375,0.04941790023811692,0.5082534068836642
NORMAL2-IM-0027-0001.jpeg,amplitude,239.12890625,24.344482834302006,0.9619092819517904,4.15234375,3.851859888774472e-34,
NORMAL2-IM-0027-0001.jpeg,entangled_angle,3441.1796875,12.763730101730914,0.6144459639201252,48.515625,0.04727782358701968,0.6846228203672553
NORMAL2-IM-0028-0001.jpeg,basis,4781.859375,11.334835606397064,0.7030973164199235,56.140625,0.08621872785806253,
NORMAL2-IM-0028-0001.jpeg,angle,686.7421875,19.762866333576756,0.8705471318720364,11.6484375,4.2105643409165944e-32,
NORMAL2-IM-0028-0001.jpeg,dense_angle,686.7421875,19.762866333576756,0.8705471318720364,11.6484375,5.055566104016494e-34,
NORMAL2-IM-0028-0001.jpeg,iqp,11518.12890625,7.516984261982644,0.40399973403070405,95.12890625,0.41395835216462207,0.5140277455007953
NORMAL2-IM-0028-0001.jpeg,amplitude,686.7421875,19.762866333576756,0.8705471318720364,11.6484375,1.5407439555097887e-33,
NORMAL2-IM-0028-0001.jpeg,entangled_angle,8452.6015625,8.860899631197427,0.45078275993104194,80.8046875,0.050887344846948374,0.6620450687394999
NORMAL2-IM-0029-0001.jpeg,basis,4632.71484375,11.472447918534401,0.7491750368354491,55.73046875,0.10750924882970636,
NORMAL2-IM-0029-0001.jpeg,angle,354.85546875,22.630288582505976,0.9324019857993313,4.24609375,2.850376317693109e-32,
NORMAL2-IM-0029-0001.jpeg,dense_angle,354.85546875,22.630288582505976,0.9324019857993313,4.24609375,1.925929944387236e-33,
NORMAL2-IM-0029-0001.jpeg,iqp,5686.56640625,10.582302457776795,0.5080689690002385,65.66796875,0.23705018179568438,0.5028006897962314
NORMAL2-IM-0029-0001.jpeg,amplitude,354.85546875,22.630288582505976,0.9324019857993313,4.24609375,0.0,
NORMAL2-IM-0029-0001.jpeg,entangled_angle,3371.96484375,12.851973228644857,0.5832346749499123,46.76171875,0.04242816578635414,0.7300995269184457
NORMAL2-IM-0030-0001.jpeg,basis,6729.12890625,9.851215129432214,0.6031432856533318,70.01953125,0.12551619183558696,
NORMAL2-IM-0030-0001.jpeg,angle,333.25390625,22.90305112150724,0.8986283832657379,3.96484375,4.237045877651919e-33,
NORMAL2-IM-0030-0001.jpeg,dense_angle,333.25390625,22.90305112150724,0.8986283832657379,3.96484375,3.4666738998970245e-33,
NORMAL2-IM-0030-0001.jpeg,iqp,5785.2734375,10.507564704252637,0.5627811159418621,68.875,0.1834545766915363,0.5034114138294575
NORMAL2-IM-0030-0001.jpeg,amplitude,333.25390625,22.90305112150724,0.8986283832657379,3.96484375,0.0,
NORMAL2-IM-0030-0001.jpeg,entangled_angle,3935.625,12.180666502217722,0.605360366297993,53.2734375,0.03431702672880066,0.7512422254093838
NORMAL2-IM-0033-0001.jpeg,basis,7501.1640625,9.37951696583953,0.698375545472294,72.1171875,0.1218437735562069,
NORMAL2-IM-0033-0001.jpeg,angle,319.07421875,23.09188646323241,0.9334131801625155,4.26171875,2.619264724366641e-32,
NORMAL2-IM-0033-0001.jpeg,dense_angle,319.07421875,23.09188646323241,0.9334131801625155,4.26171875,2.311115933264683e-33,
NORMAL2-IM-0033-0001.jpeg,iqp,2877.3203125,13.54092149235539,0.6161143913904636,35.53125,0.16662955499747067,0.5044606885594495
NORMAL2-IM-0033-0001.jpeg,amplitude,319.07421875,23.09188646323241,0.9334131801625155,4.26171875,1.5407439555097887e-33,
NORMAL2-IM-0033-0001.jpeg,entangled_angle,3564.79296875,12.610460483182631,0.5615182101279013,49.15234375,0.04078590083347176,0.7464409678449102
NORMAL2-IM-0035-0001.jpeg,basis,3521.16015625,12.663945819227543,0.7752402449243676,49.55078125,0.09039263421337351,
NORMAL2-IM-0035-0001.jpeg,angle,168.05078125,25.87639825069404,0.9533758026547052,3.70703125,4.391120273202898e-32,
NORMAL2-IM-0035-0001.jpeg,dense_angle,168.05078125,25.87639825069404,0.9533758026547052,3.70703125,3.0814879110195774e-33,
NORMAL2-IM-0035-0001.jpeg,iqp,2716.6640625,13.790444231576902,0.6539056903946598,31.90625,0.09928438046218985,0.5053900325192825
NORMAL2-IM-0035-0001.jpeg,amplitude,168.05078125,25.87639825069404,0.9533758026547052,3.70703125,0.0,
NORMAL2-IM-0035-0001.jpeg,entangled_angle,4435.99609375,11.660892058217092,0.553196927190884,55.81640625,0.06451158266631943,0.6783528802252783
NORMAL2-IM-0041-0001.jpeg,basis,3178.16015625,13.109045821491442,0.7713584030765344,43.83203125,0.09452400032056352,
NORMAL2-IM-0041-0001.jpeg,angle,405.19140625,22.054201350823874,0.8760700113243025,4.21484375,2.3303752327085554e-32,
NORMAL2-IM-0041-0001.jpeg,dense_angle,405.19140625,22.054201350823874,0.8760700113243025,4.21484375,6.259272319258517e-33,
NORMAL2-IM-0041-0001.jpeg,iqp,7605.66015625,9.31943444941271,0.4014410877366698,71.14453125,0.2281123493340241,0.5097602368740453
NORMAL2-IM-0041-0001.jpeg,amplitude,405.19140625,22.054201350823874,0.8760700113243025,4.21484375,9.62964972193618e-35,
NORMAL2-IM-0041-0001.jpeg,entangled_angle,5431.38671875,10.781696348861914,0.4604947312025287,60.73046875,0.06758559080784036,0.6650232333299458
NORMAL2-IM-0045-0001.jpeg,basis,4088.0078125,12.015686437700218,0.7368849383857863,53.21875,0.08699775338686477,
NORMAL2-IM-0045-0001.jpeg,angle,241.66796875,24.29861269074166,0.9238512298586682,3.89453125,4.506676069866132e-32,
NORMAL2-IM-0045-0001.jpeg,dense_angle,241.66796875,24.29861269074166,0.9238512298586682,3.89453125,3.4666738998970245e-33,
NORMAL2-IM-0045-0001.jpeg,iqp,5884.6796875,10.433575323863591,0.4479048402474167,55.4296875,0.2125429654198167,0.506642342761422
NORMAL2-IM-0045-0001.jpeg,amplitude,241.66796875,24.29861269074166,0.9238512298586682,3.89453125,0.0,
NORMAL2-IM-0045-0001.jpeg,entangled_angle,4025.734375,12.082352448799744,0.5561618225277138,50.9375,0.06379415628825018,0.6853562684742219
NORMAL2-IM-0051-0001.jpeg,basis,8832.203125,8.670113123654607,0.6350949651547897,79.9453125,0.10977076996714077,
NORMAL2-IM-0051-0001.jpeg,angle,572.0234375,20.556665373749045,0.8684443505516056,8.96875,1.0111132208032988e-32,
NORMAL2-IM-0051-0001.jpeg,dense_angle,572.0234375,20.556665373749045,0.8684443505516056,8.96875,8.474091755303838e-33,
NORMAL2-IM-0051-0001.jpeg,iqp,4086.5390625,12.017247062495482,0.5900490699775545,50.9921875,0.23148143284932568,0.5090837671485855
NORMAL2-IM-0051-0001.jpeg,amplitude,572.0234375,20.556665373749045,0.8684443505516056,8.96875,8.666684749742561e-34,
NORMAL2-IM-0051-0001.jpeg,entangled_angle,3309.1796875,12.933600110030172,0.5778140236100203,45.2578125,0.04593481584949294,0.670324729141103
NORMAL2-IM-0052-0001.jpeg,basis,10392.43359375,7.963631027639981,0.655807359065807,95.47265625,0.14932205187924688,
NORMAL2-IM-0052-0001.jpeg,angle,367.80078125,22.47467713474814,0.886828336998701,5.23828125,8.859277744181285e-33,
NORMAL2-IM-0052-0001.jpeg,dense_angle,367.80078125,22.47467713474814,0.886828336998701,5.23828125,9.62964972193618e-35,
NORMAL2-IM-0052-0001.jpeg,iqp,2900.74609375,13.505706447881693,0.4588829791439224,31.84765625,0.22908424268314537,0.5118687081111758
NORMAL2-IM-0052-0001.jpeg,amplitude,367.80078125,22.47467713474814,0.886828336998701,5.23828125,1.1555579666323415e-33,
NORMAL2-IM-0052-0001.jpeg,entangled_angle,2544.8671875,14.074152387298902,0.6434924416199818,41.9765625,0.024325654436954454,0.8112010169630058
NORMAL2-IM-0058-0001.jpeg,basis,12023.1953125,7.330604587444263,0.4392559672449896,97.03125,0.1298046522978178,
NORMAL2-IM-0058-0001.jpeg,angle,392.1875,22.195866133707597,0.8885235172261112,5.1171875,7.51112678311022e-32,
NORMAL2-IM-0058-0001.jpeg,dense_angle,392.1875,22.195866133707597,0.8885235172261112,5.1171875,3.851859888774472e-33,
NORMAL2-IM-0058-0001.jpeg,iqp,6458.40625,10.029550011121092,0.4456307694606771,68.96875,0.2318403660533421,0.5094888521330478
NORMAL2-IM-0058-0001.jpeg,amplitude,392.1875,22.195866133707597,0.8885235172261112,5.1171875,3.851859888774472e-34,
NORMAL2-IM-0058-0001.jpeg,entangled_angle,3687.69140625,12.463257896387534,0.5684443747080888,47.91796875,0.04322435702384696,0.7729038700544049
NORMAL2-IM-0059-0001.jpeg,basis,6125.84765625,10.259141687356951,0.6889060099590019,65.26171875,0.10815975181950582,
NORMAL2-IM-0059-0001.jpeg,angle,481.04296875,21.308964897798344,0.9148349383176386,7.50390625,1.1940765655200862e-32,
NORMAL2-IM-0059-0001.jpeg,dense_angle,481.04296875,21.308964897798344,0.9148349383176386,7.50390625,5.103714352626175e-33,
NORMAL2-IM-0059-0001.jpeg,iqp,5156.58984375,11.00717771962669,0.5468136538918426,57.10546875,0.2116138297732683,0.5055852327683572
NORMAL2-IM-0059-0001.jpeg,amplitude,481.04296875,21.308964897798344,0.9148349383176386,7.50390625,1.925929944387236e-33,
NORMAL2-IM-0059-0001.jpeg,entangled_angle,4522.36328125,11.577149146000083,0.5396027975571293,54.83984375,0.040899519308616725,0.7012964370154865
NORMAL2-IM-0060-0001.jpeg,basis,5011.71484375,11.130940083041699,0.6328179458210862,58.32421875,0.12170415427260173,
NORMAL2-IM-0060-0001.jpeg,angle,311.63671875,23.194317378911204,0.9000517343306607,5.28515625,7.087422195345028e-32,
NORMAL2-IM-0060-0001.jpeg,dense_angle,311.63671875,23.194317378911204,0.9000517343306607,5.28515625,1.0014835710813626e-32,
NORMAL2-IM-0060-0001.jpeg,iqp,5210.80078125,10.961758912815945,0.4092223742814717,46.73828125,0.2417730197433229,0.50908379240478
NORMAL2-IM-0060-0001.jpeg,amplitude,311.63671875,23.194317378911204,0.9000517343306607,5.28515625,0.0,
NORMAL2-IM-0060-0001.jpeg,entangled_angle,3379.1796875,12.842690749187412,0.587565784356809,46.8203125,0.038529279602220155,0.7484145586273812
NORMAL2-IM-0066-0001.jpeg,basis,6110.015625,10.270380400128188,0.503813473993044,64.390625,0.11046837366905293,
NORMAL2-IM-0066-0001.jpeg,angle,897.97265625,18.598172484996496,0.7182870613123314,6.53515625,1.290373062739448e-31,
NORMAL2-IM-0066-0001.jpeg,dense_angle,897.97265625,18.598172484996496,0.7182870613123314,6.53515625,5.3926038442842604e-33,
NORMAL2-IM-0066-0001.jpeg,iqp,5492.68359375,10.732957786763698,0.4070984743125259,59.14453125,0.1969388180526088,0.5049759786575951
NORMAL2-IM-0066-0001.jpeg,amplitude,897.97265625,18.598172484996496,0.7182870613123314,6.53515625,1.5407439555097887e-33,
NORMAL2-IM-0066-0001.jpeg,entangled_angle,3688.12890625,12.462742689053282,0.4762883381272182,47.01171875,0.03099170629986686,0.7518331359941467
NORMAL2-IM-0072-0001.jpeg,basis,5782.71484375,10.509485838918684,0.7057700163781315,64.80859375,0.11062314323236958,
NORMAL2-IM-0072-0001.jpeg,angle,527.9609375,20.90478569500327,0.9101048280622075,8.15625,5.59482648844492e-32,
NORMAL2-IM-0072-0001.jpeg,dense_angle,527.9609375,20.90478569500327,0.9101048280622075,8.15625,1.925929944387236e-34,
NORMAL2-IM-0072-0001.jpeg,iqp,9909.796875,8.170156081960286,0.3926240011513808,87.9921875,0.35788144813987127,0.5059125606846383
NORMAL2-IM-0072-0001.jpeg,amplitude,527.9609375,20.90478569500327,0.9101048280622075,8.15625,9.62964972193618e-35,
NORMAL2-IM-0072-0001.jpeg,entangled_angle,7132.671875,9.598281152791087,0.5073307518786943,73.8828125,0.0464342285423586,0.674941356934126
NORMAL2-IM-0073-0001.jpeg,basis,10082.07421875,8.095304707141084,0.6108401970095179,91.87109375,0.12657653785178968,
NORMAL2-IM-0073-0001.jpeg,angle,376.1953125,22.376669810519203,0.8540250069004501,5.3046875,3.659266894335748e-32,
NORMAL2-IM-0073-0001.jpeg,dense_angle,376.1953125,22.376669810519203,0.8540250069004501,5.3046875,5.7777898331617076e-33,
NORMAL2-IM-0073-0001.jpeg,iqp,1746.0390625,15.710264053251457,0.5672995995216882,25.7109375,0.09505294874729181,0.5104965534718218
NORMAL2-IM-0073-0001.jpeg,amplitude,376.1953125,22.376669810519203,0.8540250069004501,5.3046875,0.0,
NORMAL2-IM-0073-0001.jpeg,entangled_angle,2408.89453125,14.312625751903862,0.6203605329276362,39.44140625,0.025053245560744168,0.7886271470204773
NORMAL2-IM-0079-0001.jpeg,basis,12479.578125,7.168804566978979,0.4641649041112835,101.265625,0.14663666855593838,
NORMAL2-IM-0079-0001.jpeg,angle,563.21875,20.62403256484582,0.8168852591873649,5.515625,5.739271234273963e-32,
NORMAL2-IM-0079-0001.jpeg,dense_angle,563.21875,20.62403256484582,0.8168852591873649,5.515625,5.7777898331617076e-33,
NORMAL2-IM-0079-0001.jpeg,iqp,2451.2578125,14.236913700328724,0.6542750069331497,37.4453125,0.1375255823372504,0.5098375128679602
NORMAL2-IM-0079-0001.jpeg,amplitude,563.21875,20.62403256484582,0.8168852591873649,5.515625,0.0,
NORMAL2-IM-0079-0001.jpeg,entangled_angle,3089.00390625,13.232619033719802,0.5972606180442337,43.61328125,0.026794019536374253,0.8030550705802318
NORMAL2-IM-0081-0001.jpeg,basis,4760.56640625,11.354217332577763,0.7091498802730197,49.96484375,0.10243681899533169,
NORMAL2-IM-0081-0001.jpeg,angle,456.3046875,21.538254306774817,0.9146863209996536,7.28125,5.094084702904239e-32,
NORMAL2-IM-0081-0001.jpeg,dense_angle,456.3046875,21.538254306774817,0.9146863209996536,7.28125,2.311115933264683e-33,
NORMAL2-IM-0081-0001.jpeg,iqp,5654.4375,10.606909528083126,0.636786846136807,58.0859375,0.25640572584761606,0.5084173824559781
NORMAL2-IM-0081-0001.jpeg,amplitude,456.3046875,21.538254306774817,0.9146863209996536,7.28125,0.0,
NORMAL2-IM-0081-0001.jpeg,entangled_angle,6535.578125,9.977963503756555,0.5448570385504479,68.8046875,0.04547017376078219,0.6929838879703862
NORMAL2-IM-0086-0001.jpeg,basis,1407.62109375,16.645945945841344,0.8550509187812955,11.23828125,0.07951473646059043,
NORMAL2-IM-0086-0001.jpeg,angle,558.9921875,20.656746226583202,0.9044346532050153,12.390625,1.4348178085684907e-32,
NORMAL2-IM-0086-0001.jpeg,dense_angle,558.9921875,20.656746226583202,0.9044346532050153,12.390625,3.562970397116386e-33,
NORMAL2-IM-0086-0001.jpeg,iqp,3540.7421875,12.63986055296564,0.6070204632482041,23.0703125,0.0991897956697647,0.5085080041462957
NORMAL2-IM-0086-0001.jpeg,amplitude,558.9921875,20.656746226583202,0.9044346532050153,12.390625,1.925929944387236e-33,
NORMAL2-IM-0086-0001.jpeg,entangled_angle,8773.9375,8.698858244280922,0.44597995818684694,78.9375,0.059867467086062554,0.605982537078513
NORMAL2-IM-0092-0001.jpeg,basis,1847.3359375,15.465344819213584,0.8526097336560376,32.671875,0.09455929987175399,
NORMAL2-IM-0092-0001.jpeg,angle,231.23828125,24.49020628180811,0.9552536265080669,4.80859375,8.666684749742561e-32,
NORMAL2-IM-0092-0001.jpeg,dense_angle,231.23828125,24.49020628180811,0.9552536265080669,4.80859375,6.644458308135964e-33,
NORMAL2-IM-0092-0001.jpeg,iqp,4258.67578125,11.838057829622315,0.4870340459264721,39.10546875,0.24651321231763854,0.504965491854294
NORMAL2-IM-0092-0001.jpeg,amplitude,231.23828125,24.49020628180811,0.9552536265080669,4.80859375,9.62964972193618e-35,
NORMAL2-IM-0092-0001.jpeg,entangled_angle,6350.08984375,10.103004909509218,0.5279553558733795,70.07421875,0.053478475099386975,0.6630619492299301
NORMAL2-IM-0095-0001.jpeg,basis,5745.66796875,10.537398355409266,0.6186429608402935,63.87109375,0.07629194549902191,
NORMAL2-IM-0095-0001.jpeg,angle,690.4453125,19.739510753754846,0.8097128852235015,9.7265625,2.2148194360453212e-32,
NORMAL2-IM-0095-0001.jpeg,dense_angle,690.4453125,19.739510753754846,0.8097128852235015,9.7265625,4.718528363748728e-33,
NORMAL2-IM-0095-0001.jpeg,iqp,7180.00390625,9.569556803495155,0.40667055230371985,69.66796875,0.22634471349700475,0.5059410724266875
NORMAL2-IM-0095-0001.jpeg,amplitude,690.4453125,19.739510753754846,0.8097128852235015,9.7265625,9.62964972193618e-35,
NORMAL2-IM-0095-0001.jpeg,entangled_angle,7178.0859375,9.570717073779862,0.3670176016239365,68.5703125,0.06567706196228842,0.5844570220004133
NORMAL2-IM-0096-0001.jpeg,basis,5745.66796875,10.537398355409266,0.6186429608402935,63.87109375,0.07629194549902191,
NORMAL2-IM-0096-0001.jpeg,angle,690.4453125,19.739510753754846,0.8097128852235015,9.7265625,2.2148194360453212e-32,
NORMAL2-IM-0096-0001.jpeg,dense_angle,690.4453125,19.739510753754846,0.8097128852235015,9.7265625,4.718528363748728e-33,
NORMAL2-IM-0096-0001.jpeg,iqp,7180.00390625,9.569556803495155,0.40667055230371985,69.66796875,0.22634471349700475,0.5059410724266875
NORMAL2-IM-0096-0001.jpeg,amplitude,690.4453125,19.739510753754846,0.8097128852235015,9.7265625,9.62964972193618e-35,
NORMAL2-IM-0096-0001.jpeg,entangled_angle,7178.0859375,9.570717073779862,0.3670176016239365,68.5703125,0.06567706196228842,0.5844570220004133
NORMAL2-IM-0098-0001.jpeg,basis,8832.75390625,8.669842303570228,0.4497850036201154,72.69921875,0.13000244351901602,
NORMAL2-IM-0098-0001.jpeg,angle,2431.07421875,14.27282143159271,0.6666633725631983,14.23828125,2.0511153907724062e-32,
NORMAL2-IM-0098-0001.jpeg,dense_angle,2431.07421875,14.27282143159271,0.6666633725631983,14.23828125,6.548161810916602e-33,
NORMAL2-IM-0098-0001.jpeg,iqp,6649.36328125,9.903003000277629,0.38181219219567936,54.38671875,0.25908957664696775,0.5074479764060323
NORMAL2-IM-0098-0001.jpeg,amplitude,2431.07421875,14.27282143159271,0.6666633725631983,14.23828125,3.851859888774472e-34,
NORMAL2-IM-0098-0001.jpeg,entangled_angle,4949.640625,11.185066932970273,0.4286320525309606,50.0390625,0.03349675652943146,0.728047980708761
NORMAL2-IM-0102-0001.jpeg,basis,8171.2890625,9.007897867626646,0.5905016513742162,75.265625,0.11619450737153836,
NORMAL2-IM-0102-0001.jpeg,angle,969.484375,18.265395468404606,0.802771255494072,6.75,8.242980161977369e-32,
NORMAL2-IM-0102-0001.jpeg,dense_angle,969.484375,18.265395468404606,0.802771255494072,6.75,3.851859888774472e-33,
NORMAL2-IM-0102-0001.jpeg,iqp,3457.23828125,12.743510476646005,0.5516545984197737,40.79296875,0.24695162666551645,0.5037839141515685
NORMAL2-IM-0102-0001.jpeg,amplitude,969.484375,18.265395468404606,0.802771255494072,6.75,0.0,
NORMAL2-IM-0102-0001.jpeg,entangled_angle,3319.9765625,12.919453430713583,0.5983817034904088,45.5234375,0.034299464681389544,0.756909216243348
NORMAL2-IM-0105-0001.jpeg,basis,1521.36328125,16.308474307044946,0.8898619684724122,29.47265625,0.07999602222256724,
NORMAL2-IM-0105-0001.jpeg,angle,313.65625,23.166264150380186,0.9517173584347192,5.5546875,9.340760230278094e-33,
NORMAL2-IM-0105-0001.jpeg,dense_angle,313.65625,23.166264150380186,0.9517173584347192,5.5546875,2.5037089277034066e-33,
NORMAL2-IM-0105-0001.jpeg,iqp,9423.08203125,8.388873890467663,0.4965490119109806,84.33203125,0.3119121885168718,0.5067445044081824
NORMAL2-IM-0105-0001.jpeg,amplitude,313.65625,23.166264150380186,0.9517173584347192,5.5546875,1.5407439555097887e-33,
NORMAL2-IM-0105-0001.jpeg,entangled_angle,8782.1171875,8.694811328883098,0.4836234257842344,82.6015625,0.06581880647555965,0.6505429509357112
NORMAL2-IM-0107-0001.jpeg,basis,6183.97265625,10.218128002787923,0.7241447501909875,67.19921875,0.10480326318860445,
NORMAL2-IM-0107-0001.jpeg,angle,607.90234375,20.29246543070359,0.8937168304857245,6.73046875,2.5422275265911513e-32,
NORMAL2-IM-0107-0001.jpeg,dense_angle,607.90234375,20.29246543070359,0.8937168304857245,6.73046875,3.851859888774472e-34,
NORMAL2-IM-0107-0001.jpeg,iqp,6844.76171875,9.777220268834023,0.49800448142841325,72.23046875,0.2522110703516566,0.5095059511780283
NORMAL2-IM-0107-0001.jpeg,amplitude,607.90234375,20.29246543070359,0.8937168304857245,6.73046875,1.5407439555097887e-33,
NORMAL2-IM-0107-0001.jpeg,entangled_angle,4142.6328125,11.958039201045349,0.6074014241620337,52.6640625,0.03381986294847702,0.7296759114840692
NORMAL2-IM-0110-0001.jpeg,basis,7372.25390625,9.45480076618164,0.6261290013994115,73.07421875,0.12926737583082293,
NORMAL2-IM-0110-0001.jpeg,angle,424.41015625,21.852945927296638,0.9023677054696394,6.88671875,2.5422275265911513e-32,
NORMAL2-IM-0110-0001.jpeg,dense_angle,424.41015625,21.852945927296638,0.9023677054696394,6.88671875,3.4666738998970245e-33,
NORMAL2-IM-0110-0001.jpeg,iqp,1493.41015625,16.389012603546252,0.6865151479339235,7.95703125,0.13242449843367443,0.5096876630906746
NORMAL2-IM-0110-0001.jpeg,amplitude,424.41015625,21.852945927296638,0.9023677054696394,6.88671875,3.851859888774472e-34,
NORMAL2-IM-0110-0001.jpeg,entangled_angle,2564.23828125,14.041219814315273,0.6460303150076424,39.51953125,0.029765682040609833,0.7658971947557187
NORMAL2-IM-0111-0001.jpeg,basis,1443.59375,16.536353677425545,0.7731958376264256,24.078125,0.10141910279117297,
NORMAL2-IM-0111-0001.jpeg,angle,411.42578125,21.987888583808743,0.9098511345975386,5.43359375,1.820003797445938e-32,
NORMAL2-IM-0111-0001.jpeg,dense_angle,411.42578125,21.987888583808743,0.9098511345975386,5.43359375,3.9481563859938335e-33,
NORMAL2-IM-0111-0001.jpeg,iqp,10442.9296875,7.942580069694426,0.4402089399319779,92.015625,0.3819454986783094,0.5073862544025841
NORMAL2-IM-0111-0001.jpeg,amplitude,411.42578125,21.987888583808743,0.9098511345975386,5.43359375,0.0,
NORMAL2-IM-0111-0001.jpeg,entangled_angle,7578.57421875,9.334928527520171,0.5465673506541191,77.15234375,0.04189155728374719,0.6848234159866591
NORMAL2-IM-0112-0001.jpeg,basis,4935.7890625,11.197237695975396,0.6855698106791448,57.296875,0.13123329112208337,
NORMAL2-IM-0112-0001.jpeg,angle,221.01171875,24.686650588862857,0.9502884766316917,4.53515625,1.502225356622044e-32,
NORMAL2-IM-0112-0001.jpeg,dense_angle,221.01171875,24.686650588862857,0.9502884766316917,4.53515625,9.629649721936179e-33,
NORMAL2-IM-0112-0001.jpeg,iqp,2363.8828125,14.394544179083068,0.6919952826338087,13.421875,0.12726937420116058,0.5021992955813424
NORMAL2-IM-0112-0001.jpeg,amplitude,221.01171875,24.686650588862857,0.9502884766316917,4.53515625,3.851859888774472e-34,
NORMAL2-IM-0112-0001.jpeg,entangled_angle,2776.234375,13.69624233569057,0.6669819013186448,44.921875,0.03507003331620939,0.7700552158443927
NORMAL2-IM-0117-0001.jpeg,basis,2385.91015625,14.354262750036174,0.7610887906781048,32.98046875,0.11305064999511175,
NORMAL2-IM-0117-0001.jpeg,angle,325.75390625,23.00190728647069,0.9354983323747527,5.08984375,4.8533434598558343e-32,
NORMAL2-IM-0117-0001.jpeg,dense_angle,325.75390625,23.00190728647069,0.9354983323747527,5.08984375,3.562970397116386e-33,
NORMAL2-IM-0117-0001.jpeg,iqp,4366.19921875,11.72976813271714,0.48263485846422277,33.82421875,0.27377334723208435,0.5061857942327386
NORMAL2-IM-0117-0001.jpeg,amplitude,325.75390625,23.00190728647069,0.9354983323747527,5.08984375,0.0,
NORMAL2-IM-0117-0001.jpeg,entangled_angle,6391.50390625,10.07477302187024,0.5654021038151338,71.03515625,0.043474402610742105,0.7122258172665443
NORMAL2-IM-0120-0001.jpeg,basis,2781.26953125,13.688372827328122,0.7768651976645196,38.57421875,0.09875870819234892,
NORMAL2-IM-0120-0001.jpeg,angle,360.4765625,22.562033278951663,0.9276204608418867,5.7421875,5.440752092893941e-32,
NORMAL2-IM-0120-0001.jpeg,dense_angle,360.4765625,22.562033278951663,0.9276204608418867,5.7421875,2.4074124304840448e-33,
NORMAL2-IM-0120-0001.jpeg,iqp,2982.53515625,13.384947893049464,0.6481089595683328,35.30859375,0.16335279410382533,0.5036640935487464
NORMAL2-IM-0120-0001.jpeg,amplitude,360.4765625,22.562033278951663,0.9276204608418867,5.7421875,0.0,
NORMAL2-IM-0120-0001.jpeg,entangled_angle,3856.4375,12.26894063578566,0.6031579887759171,50.9921875,0.03865567232701235,0.6926850098063098
NORMAL2-IM-0123-0001.jpeg,basis,6954.54296875,9.708117661044376,0.5585907145610534,69.87890625,0.10335801702834191,
NORMAL2-IM-0123-0001.jpeg,angle,720.0625,19.5571016689902,0.7967419798985145,6.1640625,5.017047505128749e-32,
NORMAL2-IM-0123-0001.jpeg,dense_angle,720.0625,19.5571016689902,0.7967419798985145,6.1640625,7.703719777548943e-33,
NORMAL2-IM-0123-0001.jpeg,iqp,4944.54296875,11.189542055460024,0.56844930258268,57.17578125,0.23677078938342755,0.512745697456073
NORMAL2-IM-0123-0001.jpeg,amplitude,720.0625,19.5571016689902,0.7967419798985145,6.1640625,4.81482486096809e-34,
NORMAL2-IM-0123-0001.jpeg,entangled_angle,5455.9140625,10.762128398492482,0.5345603483663125,61.546875,0.03784752138806938,0.6860447483802348
NORMAL2-IM-0129-0001.jpeg,basis,5309.1875,10.880522976519295,0.731782352094956,62.078125,0.10315666690502515,
NORMAL2-IM-0129-0001.jpeg,angle,407.4765625,22.029777271039364,0.8805309947486567,6.3671875,1.8585223963336826e-32,
NORMAL2-IM-0129-0001.jpeg,dense_angle,407.4765625,22.029777271039364,0.8805309947486567,6.3671875,1.6370404527291505e-33,
NORMAL2-IM-0129-0001.jpeg,iqp,3963.28125,12.150254681983746,0.41417110483082903,35.8203125,0.2640599525453501,0.5026606467000818
NORMAL2-IM-0129-0001.jpeg,amplitude,407.4765625,22.029777271039364,0.8805309947486567,6.3671875,0.0,
NORMAL2-IM-0129-0001.jpeg,entangled_angle,3481.546875,12.713081140442927,0.4706508293572363,43.375,0.07850770778427993,0.7328100820233145
NORMAL2-IM-0130-0001.jpeg,basis,9059.59765625,8.559714501171976,0.5992822793191023,80.33203125,0.1267384792431595,
NORMAL2-IM-0130-0001.jpeg,angle,484.484375,21.278005855919684,0.8981247914713787,4.296875,1.4637067577342992e-32,
NORMAL2-IM-0130-0001.jpeg,dense_angle,484.484375,21.278005855919684,0.8981247914713787,4.296875,5.3926038442842604e-33,
NORMAL2-IM-0130-0001.jpeg,iqp,6734.40625,9.847810494081227,0.38681091632934334,65.859375,0.18754602713507892,0.5094952850414316
NORMAL2-IM-0130-0001.jpeg,amplitude,484.484375,21.278005855919684,0.8981247914713787,4.296875,3.851859888774472e-34,
NORMAL2-IM-0130-0001.jpeg,entangled_angle,3768.27734375,12.369375016654327,0.6047263483009894,52.52734375,0.027936439909031347,0.7929523166545628
NORMAL2-IM-0131-0001.jpeg,basis,3117.66015625,13.19251588151478,0.7780938048728352,44.30859375,0.12480203825660274,
NORMAL2-IM-0131-0001.jpeg,angle,81.734375,29.006756148243614,0.9682597253255723,2.84375,2.04148574105047e-32,
NORMAL2-IM-0131-0001.jpeg,dense_angle,81.734375,29.006756148243614,0.9682597253255723,2.84375,4.718528363748728e-33,
NORMAL2-IM-0131-0001.jpeg,iqp,4090.69140625,12.0128364245919,0.5486898658307741,46.03515625,0.295274335636913,0.5046711673902045
NORMAL2-IM-0131-0001.jpeg,amplitude,81.734375,29.006756148243614,0.9682597253255723,2.84375,1.925929944387236e-33,
NORMAL2-IM-0131-0001.jpeg,entangled_angle,4614.63671875,11.489428434262939,0.5917352357591077,58.46484375,0.04379609745847135,0.7126264324891565
NORMAL2-IM-0132-0001.jpeg,basis,5286.83203125,10.898848482800986,0.6994642987249441,65.69140625,0.09393650197562634,
NORMAL2-IM-0132-0001.jpeg,angle,378.2265625,22.353283351899663,0.9215265954547199,5.25,1.2566692887126714e-31,
NORMAL2-IM-0132-0001.jpeg,dense_angle,378.2265625,22.353283351899663,0.9215265954547199,5.25,1.502225356622044e-32,
NORMAL2-IM-0132-0001.jpeg,iqp,12633.28125,7.115641960852703,0.4484406382102005,104.890625,0.24763271066541753,0.5117141563284107
NORMAL2-IM-0132-0001.jpeg,amplitude,378.2265625,22.353283351899663,0.9215265954547199,5.25,9.62964972193618e-35,
NORMAL2-IM-0132-0001.jpeg,entangled_angle,8781.40234375,8.695164848797676,0.5645944158138362,85.83984375,0.04399484478856407,0.7130114932506888
NORMAL2-IM-0135-0001.jpeg,basis,2912.51953125,13.488115144610767,0.8326027505323009,41.69140625,0.07748416479935266,
NORMAL2-IM-0135-0001.jpeg,angle,590.91015625,20.415589064011456,0.9056775823424696,4.44921875,1.5503736052317249e-32,
NORMAL2-IM-0135-0001.jpeg,dense_angle,590.91015625,20.415589064011456,0.9056775823424696,4.44921875,4.8148248609680896e-33,
NORMAL2-IM-0135-0001.jpeg,iqp,6293.69140625,10.141749161973477,0.3372987103548586,45.32421875,0.33540519391389784,0.5091364427947243
NORMAL2-IM-0135-0001.jpeg,amplitude,590.91015625,20.415589064011456,0.9056775823424696,4.44921875,0.0,
NORMAL2-IM-0135-0001.jpeg,entangled_angle,6303.3515625,10.135088307697602,0.40420154427749216,63.6953125,0.09235834830494435,0.6443316673581214
NORMAL2-IM-0139-0001.jpeg,basis,2763.03515625,13.716939500490303,0.7594215856839497,41.15234375,0.1146483926930241,
NORMAL2-IM-0139-0001.jpeg,angle,231.47265625,24.485806654755798,0.9413111823151711,2.98828125,8.676314399464498e-32,
NORMAL2-IM-0139-0001.jpeg,dense_angle,231.47265625,24.485806654755798,0.9413111823151711,2.98828125,5.103714352626175e-33,
NORMAL2-IM-0139-0001.jpeg,iqp,6738.15234375,9.845395350922006,0.5025398485416688,68.96484375,0.26100189328256407,0.5072260828375883
NORMAL2-IM-0139-0001.jpeg,amplitude,231.47265625,24.485806654755798,0.9413111823151711,2.98828125,0.0,
NORMAL2-IM-0139-0001.jpeg,entangled_angle,6022.95703125,10.332705960133826,0.5564974823615048,68.31640625,0.04512084050831963,0.7028649625653511
NORMAL2-IM-0141-0001.jpeg,basis,11559.9375,7.501248748351731,0.3818397732235047,94.0859375,0.12671780602525773,
NORMAL2-IM-0141-0001.jpeg,angle,640.92578125,20.062726194298634,0.7891111740326846,5.26171875,4.3140830754274083e-32,
NORMAL2-IM-0141-0001.jpeg,dense_angle,640.92578125,20.062726194298634,0.7891111740326846,5.26171875,7.318533788671496e-33,
NORMAL2-IM-0141-0001.jpeg,iqp,5034.4453125,11.111287332455655,0.6205836096149415,61.640625,0.2229977540114176,0.5065690790472965
NORMAL2-IM-0141-0001.jpeg,amplitude,640.92578125,20.062726194298634,0.7891111740326846,5.26171875,3.851859888774472e-34,
NORMAL2-IM-0141-0001.jpeg,entangled_angle,4019.28125,12.089319637703358,0.5623390865236858,50.9140625,0.039260648397049375,0.7662432481142097
NORMAL2-IM-0145-0001.jpeg,basis,3046.84375,13.292301778145008,0.7271247857429413,43.5234375,0.10529739848469322,
NORMAL2-IM-0145-0001.jpeg,angle,477.1796875,21.34398412446344,0.8786523677538031,7.875,1.0111132208032988e-32,
NORMAL2-IM-0145-0001.jpeg,dense_angle,477.1796875,21.34398412446344,0.8786523677538031,7.875,2.0222264416065976e-33,
NORMAL2-IM-0145-0001.jpeg,iqp,10357.30859375,7.978334447190877,0.4938222470359598,93.23046875,0.23778680775466166,0.5069591563475886
NORMAL2-IM-0145-0001.jpeg,amplitude,477.1796875,21.34398412446344,0.8786523677538031,7.875,1.5407439555097887e-33,
NORMAL2-IM-0145-0001.jpeg,entangled_angle,7625.3828125,9.308187096775294,0.585175749782156,78.4453125,0.04143458605210556,0.7029804479405717
NORMAL2-IM-0146-0001.jpeg,basis,2950.88671875,13.43127823128738,0.8198595903625403,43.89453125,0.0955223115674674,
NORMAL2-IM-0146-0001.jpeg,angle,259.4296875,23.990606883499964,0.9479128560620328,4.3203125,6.057049675097857e-32,
NORMAL2-IM-0146-0001.jpeg,dense_angle,259.4296875,23.990606883499964,0.9479128560620328,4.3203125,1.1651876163542777e-32,
NORMAL2-IM-0146-0001.jpeg,iqp,5526.21875,10.706522888220517,0.4325330242482866,52.328125,0.3433749040087275,0.5041354007375256
NORMAL2-IM-0146-0001.jpeg,amplitude,259.4296875,23.990606883499964,0.9479128560620328,4.3203125,0.0,
NORMAL2-IM-0146-0001.jpeg,entangled_angle,4977.07421875,11.1610624382225,0.5201294322895005,60.13671875,0.05703698661495106,0.6703472177498591
NORMAL2-IM-0150-0001.jpeg,basis,5114.265625,11.042970801819092,0.6740918806877445,60.078125,0.12335962489479116,
NORMAL2-IM-0150-0001.jpeg,angle,460.328125,21.500128507596067,0.8887548370667272,4.9296875,2.888894916580854e-32,
NORMAL2-IM-0150-0001.jpeg,dense_angle,460.328125,21.500128507596067,0.8887548370667272,4.9296875,3.4666738998970245e-33,
NORMAL2-IM-0150-0001.jpeg,iqp,10790.21484375,7.800502688702463,0.34327743862399207,83.62890625,0.1848089358900336,0.5070746994980407
NORMAL2-IM-0150-0001.jpeg,amplitude,460.328125,21.500128507596067,0.8887548370667272,4.9296875,4.81482486096809e-34,
NORMAL2-IM-0150-0001.jpeg,entangled_angle,6934.19140625,9.72084535440973,0.5611596278009037,73.64453125,0.041187881659294066,0.7289351740243767
NORMAL2-IM-0171-0001.jpeg,basis,7030.9375,9.66067123482373,0.5597566808385303,74.5,0.11476069562549296,
NORMAL2-IM-0171-0001.jpeg,angle,390.09375,22.219113686752067,0.9013058653844064,8.9921875,1.2094840050751841e-31,
NORMAL2-IM-0171-0001.jpeg,dense_angle,390.09375,22.219113686752067,0.9013058653844064,8.9921875,2.311115933264683e-32,
NORMAL2-IM-0171-0001.jpeg,iqp,7174.43359375,9.572927407327812,0.5040649247408536,74.92578125,0.1786165561825157,0.5162864115098211
NORMAL2-IM-0171-0001.jpeg,amplitude,390.09375,22.219113686752067,0.9013058653844064,8.9921875,1.5407439555097887e-33,
NORMAL2-IM-0171-0001.jpeg,entangled_angle,6442.13671875,10.040504234378492,0.5683826183119909,70.55078125,0.032116381644357546,0.7691757905890126
NORMAL2-IM-0173-0001-0001.jpeg,basis,7267.65234375,9.51686216695616,0.6970741269387958,77.86328125,0.11572930595440023,
NORMAL2-IM-0173-0001-0001.jpeg,angle,190.859375,25.323668635423417,0.9428336117999183,8.0625,1.2287433045190565e-31,
NORMAL2-IM-0173-0001-0001.jpeg,dense_angle,190.859375,25.323668635423417,0.9428336117999183,8.0625,3.4666738998970245e-33,
NORMAL2-IM-0173-0001-0001.jpeg,iqp,3734.30859375,12.408701567821506,0.6443398538784831,51.26171875,0.1705371688236164,0.5074658369891056
NORMAL2-IM-0173-0001-0001.jpeg,amplitude,190.859375,25.323668635423417,0.9428336117999183,8.0625,3.851859888774472e-34,
NORMAL2-IM-0173-0001-0001.jpeg,entangled_angle,3402.56640625,12.812737509935637,0.6612764517059101,50.24609375,0.031170317828628412,0.7493592004034175
NORMAL2-IM-0173-0001-0002.jpeg,basis,7267.65234375,9.51686216695616,0.6970741269387958,77.86328125,0.11572930595440023,
NORMAL2-IM-0173-0001-0002.jpeg,angle,190.859375,25.323668635423417,0.9428336117999183,8.0625,1.2287433045190565e-31,
NORMAL2-IM-0173-0001-0002.jpeg,dense_angle,190.859375,25.323668635423417,0.9428336117999183,8.0625,3.4666738998970245e-33,
NORMAL2-IM-0173-0001-0002.jpeg,iqp,3734.30859375,12.408701567821506,0.6443398538784831,51.26171875,0.1705371688236164,0.5074658369891056
NORMAL2-IM-0173-0001-0002.jpeg,amplitude,190.859375,25.323668635423417,0.9428336117999183,8.0625,3.851859888774472e-34,
NORMAL2-IM-0173-0001-0002.jpeg,entangled_angle,3402.56640625,12.812737509935637,0.6612764517059101,50.24609375,0.031170317828628412,0.7493592004034175
NORMAL2-IM-0195-0001.jpeg,basis,4064.515625,12.04071563440586,0.7485110998636064,56.328125,0.10956647593319946,
NORMAL2-IM-0195-0001.jpeg,angle,204.46484375,25.02461715898288,0.9348668125719803,3.23046875,1.4637067577342992e-32,
NORMAL2-IM-0195-0001.jpeg,dense_angle,204.46484375,25.02461715898288,0.9348668125719803,3.23046875,5.103714352626175e-33,
NORMAL2-IM-0195-0001.jpeg,iqp,10784.62109375,7.802754696383651,0.4523340461685303,95.57421875,0.15526353384723882,0.5013553994856447
NORMAL2-IM-0195-0001.jpeg,amplitude,204.46484375,25.02461715898288,0.9348668125719803,3.23046875,1.5407439555097887e-33,
NORMAL2-IM-0195-0001.jpeg,entangled_angle,7642.6640625,9.29835590516082,0.5827708797898936,80.6484375,0.041586154185162344,0.7212330577085949
NORMAL2-IM-0196-0001.jpeg,basis,2841.38671875,13.59550014723471,0.8200700095618084,43.46484375,0.09521377668495681,
NORMAL2-IM-0196-0001.jpeg,angle,261.9765625,23.948179215795527,0.9548334802590513,5.9765625,9.340760230278094e-33,
NORMAL2-IM-0196-0001.jpeg,dense_angle,261.9765625,23.948179215795527,0.9548334802590513,5.9765625,4.8148248609680896e-33,
NORMAL2-IM-0196-0001.jpeg,iqp,10506.8671875,7.916071182934923,0.554077692680426,95.09375,0.21212161245711503,0.5089474705032806
NORMAL2-IM-0196-0001.jpeg,amplitude,261.9765625,23.948179215795527,0.9548334802590513,5.9765625,3.4666738998970245e-33,
NORMAL2-IM-0196-0001.jpeg,entangled_angle,10474.18359375,7.929601788283419,0.523569822001468,93.76953125,0.047785176984974,0.7064290670759196
NORMAL2-IM-0198-0001.jpeg,basis,2999.05859375,13.360954100487918,0.7348034241812433,41.84765625,0.1035311516068601,
NORMAL2-IM-0198-0001.jpeg,angle,539.0390625,20.814601225578,0.850933940097697,8.4609375,2.89852456630279e-32,
NORMAL2-IM-0198-0001.jpeg,dense_angle,539.0390625,20.814601225578,0.850933940097697,8.4609375,3.0814879110195774e-33,
NORMAL2-IM-0198-0001.jpeg,iqp,13117.58203125,6.952265721135753,0.4512175994007256,108.25390625,0.36477317268195925,0.508497737005604
NORMAL2-IM-0198-0001.jpeg,amplitude,539.0390625,20.814601225578,0.850933940097697,8.4609375,3.851859888774472e-34,
NORMAL2-IM-0198-0001.jpeg,entangled_angle,10752.6640625,7.815642831925958,0.5035168821056252,98.3359375,0.04821951014842863,0.6877325683304354
NORMAL2-IM-0199-0001.jpeg,basis,4587.50390625,11.515039138067625,0.6321155042827623,55.66796875,0.114164733155701,
NORMAL2-IM-0199-0001.jpeg,angle,265.83203125,23.884730510896702,0.9323167568902281,2.93359375,2.89852456630279e-32,
NORMAL2-IM-0199-0001.jpeg,dense_angle,265.83203125,23.884730510896702,0.9323167568902281,2.93359375,5.103714352626175e-33,
NORMAL2-IM-0199-0001.jpeg,iqp,13577.45703125,6.802619238183104,0.40649845206056284,108.94921875,0.28793082321480545,0.5071380571562223
NORMAL2-IM-0199-0001.jpeg,amplitude,265.83203125,23.884730510896702,0.9323167568902281,2.93359375,0.0,
NORMAL2-IM-0199-0001.jpeg,entangled_angle,9496.81640625,8.355023186230614,0.5641192735412094,90.47265625,0.03696351457184775,0.7478976896924792
NORMAL2-IM-0201-0001.jpeg,basis,5431.86328125,10.781315305501657,0.6675692033732442,65.38671875,0.10442578896005786,
NORMAL2-IM-0201-0001.jpeg,angle,389.9140625,22.221114622892625,0.9048866592629143,5.6171875,9.437056727497456e-33,
NORMAL2-IM-0201-0001.jpeg,dense_angle,389.9140625,22.221114622892625,0.9048866592629143,5.6171875,1.6370404527291505e-33,
NORMAL2-IM-0201-0001.jpeg,iqp,13912.2890625,6.696817682285964,0.36708822982090467,110.0390625,0.3133814132994276,0.5102020548894837
NORMAL2-IM-0201-0001.jpeg,amplitude,389.9140625,22.221114622892625,0.9048866592629143,5.6171875,5.7777898331617076e-34,
NORMAL2-IM-0201-0001.jpeg,entangled_angle,8629.73828125,8.77082736037113,0.5695037516185001,86.28515625,0.03901054155069476,0.7274003976837347
NORMAL2-IM-0206-0001.jpeg,basis,3749.8828125,12.390626650548134,0.6630536312877979,47.3828125,0.11350516459944349,
NORMAL2-IM-0206-0001.jpeg,angle,248.2265625,24.182321077586728,0.9576435742927336,4.3515625,2.04148574105047e-32,
NORMAL2-IM-0206-0001.jpeg,dense_angle,248.2265625,24.182321077586728,0.9576435742927336,4.3515625,1.4251881588465545e-32,
NORMAL2-IM-0206-0001.jpeg,iqp,3812.33203125,12.318896428103143,0.7235994202968318,52.51953125,0.1485425362982807,0.5035726619485867
NORMAL2-IM-0206-0001.jpeg,amplitude,248.2265625,24.182321077586728,0.9576435742927336,4.3515625,0.0,
NORMAL2-IM-0206-0001.jpeg,entangled_angle,4542.37890625,11.557970024438992,0.6331044057693949,59.89453125,0.041643456738942895,0.7281970835295641
NORMAL2-IM-0207-0001.jpeg,basis,5635.09375,10.621792151496729,0.7637644421001529,68.4609375,0.11175146237461533,
NORMAL2-IM-0207-0001.jpeg,angle,136.640625,26.77500521037102,0.9547518160416685,4.0703125,1.9066706449433635e-32,
NORMAL2-IM-0207-0001.jpeg,dense_angle,136.640625,26.77500521037102,0.9547518160416685,4.0703125,1.2518544638517033e-33,
NORMAL2-IM-0207-0001.jpeg,iqp,7916.125,9.145677175288995,0.5363774972628085,82.7421875,0.2739979809279033,0.5051953074321418
NORMAL2-IM-0207-0001.jpeg,amplitude,136.640625,26.77500521037102,0.9547518160416685,4.0703125,3.851859888774472e-34,
NORMAL2-IM-0207-0001.jpeg,entangled_angle,5606.05078125,10.644233334592027,0.644632912632161,70.80859375,0.0350319669564966,0.7423982253728121
NORMAL2-IM-0210-0001.jpeg,basis,1553.703125,16.217123216226682,0.901346932643286,33.0546875,0.1164273960475446,
NORMAL2-IM-0210-0001.jpeg,angle,187.7578125,25.394823440596138,0.9575816386041025,3.2890625,6.894829200906304e-32,
NORMAL2-IM-0210-0001.jpeg,dense_angle,187.7578125,25.394823440596138,0.9575816386041025,3.2890625,1.2518544638517033e-33,
NORMAL2-IM-0210-0001.jpeg,iqp,9808.359375,8.214839909977979,0.5069053763225028,88.609375,0.21687354253997165,0.5052046280568159
NORMAL2-IM-0210-0001.jpeg,amplitude,187.7578125,25.394823440596138,0.9575816386041025,3.2890625,3.851859888774472e-34,
NORMAL2-IM-0210-0001.jpeg,entangled_angle,8107.3125,9.04203447452222,0.5495251586423452,80.1953125,0.047662200123388634,0.7204953072222355
NORMAL2-IM-0213-0001.jpeg,basis,5463.58984375,10.756022718199938,0.5889930954609284,56.35546875,0.1077441607310215,
NORMAL2-IM-0213-0001.jpeg,angle,342.50390625,22.78414831891595,0.9076882518682031,4.75390625,6.952607099237921e-32,
NORMAL2-IM-0213-0001.jpeg,dense_angle,342.50390625,22.78414831891595,0.9076882518682031,4.75390625,3.2018585325437796e-33,
NORMAL2-IM-0213-0001.jpeg,iqp,12610.3515625,7.123531664815474,0.46475333711593264,103.28125,0.24886569677998818,0.5161478893830354
NORMAL2-IM-0213-0001.jpeg,amplitude,342.50390625,22.78414831891595,0.9076882518682031,4.75390625,2.407412430484045e-35,
NORMAL2-IM-0213-0001.jpeg,entangled_angle,10789.1484375,7.800931926900256,0.4451174434554309,94.9765625,0.055693343938159175,0.6775841313336827
NORMAL2-IM-0217-0001.jpeg,basis,5963.12109375,10.37606732167243,0.6270530754279929,67.75390625,0.11794646504691078,
NORMAL2-IM-0217-0001.jpeg,angle,135.8671875,26.799657754253445,0.9657810657120343,3.171875,1.4251881588465545e-32,
NORMAL2-IM-0217-0001.jpeg,dense_angle,135.8671875,26.799657754253445,0.9657810657120343,3.171875,1.5792625543975334e-32,
NORMAL2-IM-0217-0001.jpeg,iqp,10628.63671875,7.866027975198866,0.4418651119889367,94.34765625,0.18636652516698157,0.5063480844235598
NORMAL2-IM-0217-0001.jpeg,amplitude,135.8671875,26.799657754253445,0.9657810657120343,3.171875,2.4074124304840448e-33,
NORMAL2-IM-0217-0001.jpeg,entangled_angle,7123.3046875,9.603988399025432,0.6008829239996412,76.453125,0.03512985964839797,0.7432699757769521
NORMAL2-IM-0219-0001.jpeg,basis,4404.9453125,11.691398398626154,0.7406418295268213,57.6875,0.12679940203030504,
NORMAL2-IM-0219-0001.jpeg,angle,109.48046875,27.737437126568377,0.9340675322409075,5.16796875,3.3125995043460457e-32,
NORMAL2-IM-0219-0001.jpeg,dense_angle,109.48046875,27.737437126568377,0.9340675322409075,5.16796875,3.177784408238939e-33,
NORMAL2-IM-0219-0001.jpeg,iqp,4033.47265625,12.074012437515634,0.5598162284898425,50.34765625,0.1422031082723007,0.5050758164947546
NORMAL2-IM-0219-0001.jpeg,amplitude,109.48046875,27.737437126568377,0.9340675322409075,5.16796875,0.0,
NORMAL2-IM-0219-0001.jpeg,entangled_angle,6400.8359375,10.068436651127648,0.5788093134209205,72.1953125,0.03157427778831726,0.7768133662685738
NORMAL2-IM-0221-0001.jpeg,basis,7502.87109375,9.378528759336692,0.6419219802012067,71.19140625,0.12162807748555049,
NORMAL2-IM-0221-0001.jpeg,angle,304.44921875,23.295654969230885,0.950376053156281,2.44921875,3.6207482954480034e-32,
NORMAL2-IM-0221-0001.jpeg,dense_angle,304.44921875,23.295654969230885,0.950376053156281,2.44921875,7.703719777548943e-34,
NORMAL2-IM-0221-0001.jpeg,iqp,5665.20703125,10.5986457537343,0.49558808931562404,58.57421875,0.21930363903025604,0.5119240593766301
NORMAL2-IM-0221-0001.jpeg,amplitude,304.44921875,23.295654969230885,0.950376053156281,2.44921875,3.851859888774472e-34,
NORMAL2-IM-0221-0001.jpeg,entangled_angle,3949.9375,12.164901370439472,0.6281685930515958,55.3359375,0.0403714163120439,0.7650738359189869
NORMAL2-IM-0222-0001.jpeg,basis,2847.9140625,13.5855348079956,0.7997274383029321,43.328125,0.12828172562078022,
NORMAL2-IM-0222-0001.jpeg,angle,150.66796875,26.350594275560812,0.9580500418797725,3.06640625,1.4733364074562354e-32,
NORMAL2-IM-0222-0001.jpeg,dense_angle,150.66796875,26.350594275560812,0.9580500418797725,3.06640625,3.851859888774472e-34,
NORMAL2-IM-0222-0001.jpeg,iqp,11888.02734375,7.379705655259324,0.42840863138055346,99.75390625,0.34960436326959543,0.5044417554277798
NORMAL2-IM-0222-0001.jpeg,amplitude,150.66796875,26.350594275560812,0.9580500418797725,3.06640625,7.703719777548943e-34,
NORMAL2-IM-0222-0001.jpeg,entangled_angle,8196.171875,8.994693038203756,0.5662531390923699,82.7265625,0.04121916232636333,0.7215383119560221
NORMAL2-IM-0229-0001.jpeg,basis,5231.890625,10.94421704576063,0.719749934234762,65.8125,0.11625270601326623,
NORMAL2-IM-0229-0001.jpeg,angle,358.81640625,22.582080686894205,0.9250044434621301,4.85546875,1.1940765655200862e-32,
NORMAL2-IM-0229-0001.jpeg,dense_angle,358.81640625,22.582080686894205,0.9250044434621301,4.85546875,7.703719777548943e-34,
NORMAL2-IM-0229-0001.jpeg,iqp,12030.83203125,7.327846974444987,0.381058242818856,99.55078125,0.29947924068722476,0.5058643796697364
NORMAL2-IM-0229-0001.jpeg,amplitude,358.81640625,22.582080686894205,0.9250044434621301,4.85546875,3.851859888774472e-34,
NORMAL2-IM-0229-0001.jpeg,entangled_angle,8589.0546875,8.791349929148822,0.5833365247679407,86.171875,0.03301146004454628,0.7544171931666455
NORMAL2-IM-0232-0001.jpeg,basis,4089.9765625,12.013595415662126,0.7883365587366069,53.1171875,0.10032963988857171,
NORMAL2-IM-0232-0001.jpeg,angle,175.78515625,25.68098161523161,0.9516014935786627,3.89453125,2.3881531310401725e-32,
NORMAL2-IM-0232-0001.jpeg,dense_angle,175.78515625,25.68098161523161,0.9516014935786627,3.89453125,3.4666738998970245e-33,
NORMAL2-IM-0232-0001.jpeg,iqp,10136.64453125,8.071861438123793,0.42819919262183426,89.02734375,0.23066292851469833,0.5050812246264429
NORMAL2-IM-0232-0001.jpeg,amplitude,175.78515625,25.68098161523161,0.9516014935786627,3.89453125,0.0,
NORMAL2-IM-0232-0001.jpeg,entangled_angle,6756.09765625,9.833844423987829,0.5732283838286676,73.51171875,0.04974596618181691,0.7114381837195652
NORMAL2-IM-0233-0001.jpeg,basis,6593.9296875,9.939360490121814,0.7311529368970022,69.6796875,0.10663323363461286,
NORMAL2-IM-0233-0001.jpeg,angle,260.21875,23.977417745295185,0.9229699462131511,3.5625,2.1185229388259594e-32,
NORMAL2-IM-0233-0001.jpeg,dense_angle,260.21875,23.977417745295185,0.9229699462131511,3.5625,3.851859888774472e-33,
NORMAL2-IM-0233-0001.jpeg,iqp,7758.84375,9.232833548686315,0.32056184724720815,64.875,0.23328454637052562,0.5161694320015875
NORMAL2-IM-0233-0001.jpeg,amplitude,260.21875,23.977417745295185,0.9229699462131511,3.5625,0.0,
NORMAL2-IM-0233-0001.jpeg,entangled_angle,5396.96484375,10.80930771821616,0.5547541263914855,64.48046875,0.03987523580351815,0.7380522686934607
NORMAL2-IM-0237-0001.jpeg,basis,4479.22265625,11.618777096807975,0.7066954447110548,59.95703125,0.11280114923332352,
NORMAL2-IM-0237-0001.jpeg,angle,320.46484375,23.07299968207575,0.8621633786749663,1.85546875,8.397054557528348e-32,
NORMAL2-IM-0237-0001.jpeg,dense_angle,320.46484375,23.07299968207575,0.8621633786749663,1.85546875,3.659266894335748e-33,
NORMAL2-IM-0237-0001.jpeg,iqp,1972.5234375,15.180581886739315,0.6509694762608729,32.5703125,0.17672032627742262,0.5060487592758949
NORMAL2-IM-0237-0001.jpeg,amplitude,320.46484375,23.07299968207575,0.8621633786749663,1.85546875,3.851859888774472e-34,
NORMAL2-IM-0237-0001.jpeg,entangled_angle,9931.296875,8.160743964732035,0.517882944885506,94.0859375,0.041587628756346,0.7115153096230478
NORMAL2-IM-0238-0001.jpeg,basis,3665.49609375,12.489475998449906,0.7392445739849807,49.34765625,0.11492127237368488,
NORMAL2-IM-0238-0001.jpeg,angle,121.8046875,27.274163589732566,0.96720802738805,3.1484375,1.1555579666323415e-32,
NORMAL2-IM-0238-0001.jpeg,dense_angle,121.8046875,27.274163589732566,0.96720802738805,3.1484375,3.4666738998970245e-33,
NORMAL2-IM-0238-0001.jpeg,iqp,13039.734375,6.9781161614737,0.35891741700615154,103.1953125,0.2552304563478124,0.5045370113488131
NORMAL2-IM-0238-0001.jpeg,amplitude,121.8046875,27.274163589732566,0.96720802738805,3.1484375,0.0,
NORMAL2-IM-0238-0001.jpeg,entangled_angle,8714.47265625,8.72839249331254,0.5587723559671758,84.90234375,0.04309951799902457,0.7332977057561728
NORMAL2-IM-0241-0001.jpeg,basis,4729.38671875,11.382755334347605,0.6197306850968903,62.46484375,0.14253594568314099,
NORMAL2-IM-0241-0001.jpeg,angle,121.90234375,27.270683052256825,0.9527255498119774,4.41796875,2.513338577425343e-32,
NORMAL2-IM-0241-0001.jpeg,dense_angle,121.90234375,27.270683052256825,0.9527255498119774,4.41796875,1.5407439555097887e-33,
NORMAL2-IM-0241-0001.jpeg,iqp,4562.4375,11.53883432683606,0.6311659382420618,56.3984375,0.21013592194199573,0.5094637722238006
NORMAL2-IM-0241-0001.jpeg,amplitude,121.90234375,27.270683052256825,0.9527255498119774,4.41796875,0.0,
NORMAL2-IM-0241-0001.jpeg,entangled_angle,8416.1171875,8.87968586823186,0.5636661705558541,84.3046875,0.0331282368134797,0.7558866605068278
NORMAL2-IM-0246-0001-0001.jpeg,basis,9180.21875,8.502273309971653,0.6593949192088212,87.2578125,0.14272667459705446,
NORMAL2-IM-0246-0001-0001.jpeg,angle,210.67578125,24.89465747775357,0.9415153201798399,6.54296875,1.5792625543975334e-32,
NORMAL2-IM-0246-0001-0001.jpeg,dense_angle,210.67578125,24.89465747775357,0.9415153201798399,6.54296875,2.311115933264683e-33,
NORMAL2-IM-0246-0001-0001.jpeg,iqp,3914.6015625,12.203927957545373,0.7078445120388193,57.9765625,0.16160943054139143,0.5280648340060107
NORMAL2-IM-0246-0001-0001.jpeg,amplitude,210.67578125,24.89465747775357,0.9415153201798399,6.54296875,0.0,
NORMAL2-IM-0246-0001-0001.jpeg,entangled_angle,3348.42578125,12.882396837419867,0.675153464293408,50.62109375,0.025138527907596735,0.8148118370740097
NORMAL2-IM-0246-0001-0002.jpeg,basis,9180.21875,8.502273309971653,0.6593949192088212,87.2578125,0.14272667459705446,
NORMAL2-IM-0246-0001-0002.jpeg,angle,210.67578125,24.89465747775357,0.9415153201798399,6.54296875,1.5792625543975334e-32,
NORMAL2-IM-0246-0001-0002.jpeg,dense_angle,210.67578125,24.89465747775357,0.9415153201798399,6.54296875,2.311115933264683e-33,
NORMAL2-IM-0246-0001-0002.jpeg,iqp,3914.6015625,12.203927957545373,0.7078445120388193,57.9765625,0.16160943054139143,0.5280648340060107
NORMAL2-IM-0246-0001-0002.jpeg,amplitude,210.67578125,24.89465747775357,0.9415153201798399,6.54296875,0.0,
NORMAL2-IM-0246-0001-0002.jpeg,entangled_angle,3348.42578125,12.882396837419867,0.675153464293408,50.62109375,0.025138527907596735,0.8148118370740097
NORMAL2-IM-0246-0001.jpeg,basis,6600.08203125,9.935310275233409,0.6706209815271333,74.40234375,0.1219457836422746,
NORMAL2-IM-0246-0001.jpeg,angle,207.3828125,24.963076008386025,0.9360129604161789,4.2890625,1.126669017466533e-32,
NORMAL2-IM-0246-0001.jpeg,dense_angle,207.3828125,24.963076008386025,0.9360129604161789,4.2890625,2.0222264416065976e-33,
NORMAL2-IM-0246-0001.jpeg,iqp,7748.8515625,9.238430192683373,0.48245501994746776,77.5234375,0.2550191665027851,0.508789909178841
NORMAL2-IM-0246-0001.jpeg,amplitude,207.3828125,24.963076008386025,0.9360129604161789,4.2890625,1.5407439555097887e-33,
NORMAL2-IM-0246-0001.jpeg,entangled_angle,6932.86328125,9.721677250401402,0.6190804629350083,78.24609375,0.02898238569505232,0.781510900233162
NORMAL2-IM-0249-0001.jpeg,basis,2495.26171875,14.159642569814949,0.7044111674392306,26.82421875,0.11729067903602364,
NORMAL2-IM-0249-0001.jpeg,angle,626.3515625,20.16262195713837,0.8068491135242362,9.578125,1.5792625543975334e-32,
NORMAL2-IM-0249-0001.jpeg,dense_angle,626.3515625,20.16262195713837,0.8068491135242362,9.578125,1.5407439555097887e-33,
NORMAL2-IM-0249-0001.jpeg,iqp,3727.90234375,12.416158338292071,0.39359131853748364,41.12109375,0.24626043476852538,0.5029504677161447
NORMAL2-IM-0249-0001.jpeg,amplitude,626.3515625,20.16262195713837,0.8068491135242362,9.578125,0.0,
NORMAL2-IM-0249-0001.jpeg,entangled_angle,2137.70703125,14.831321751634094,0.5229026560019598,30.05078125,0.04220090843353162,0.7478889802733688
NORMAL2-IM-0251-0001.jpeg,basis,8343.8046875,8.917162313331563,0.6721108609853385,83.296875,0.1247008830229297,
NORMAL2-IM-0251-0001.jpeg,angle,405.07421875,22.055457578001302,0.8862088446381802,7.01171875,3.3125995043460457e-32,
NORMAL2-IM-0251-0001.jpeg,dense_angle,405.07421875,22.055457578001302,0.8862088446381802,7.01171875,4.237045877651919e-33,
NORMAL2-IM-0251-0001.jpeg,iqp,4546.71875,11.553822703313259,0.6983868372527539,56.9453125,0.04684889709686804,0.515063052982655
NORMAL2-IM-0251-0001.jpeg,amplitude,405.07421875,22.055457578001302,0.8862088446381802,7.01171875,0.0,
NORMAL2-IM-0251-0001.jpeg,entangled_angle,3697.6953125,12.451492381311573,0.6447000575325412,53.875,0.024587850682926477,0.802053559688255
NORMAL2-IM-0252-0001.jpeg,basis,1801.23828125,15.575091925309529,0.8484504406708387,33.07421875,0.12007952044447648,
NORMAL2-IM-0252-0001.jpeg,angle,204.56640625,25.022460451678743,0.952335654146393,4.70703125,4.978528906241005e-32,
NORMAL2-IM-0252-0001.jpeg,dense_angle,204.56640625,25.022460451678743,0.952335654146393,4.70703125,3.9481563859938335e-33,
NORMAL2-IM-0252-0001.jpeg,iqp,12553.203125,7.143258046111706,0.40031610286858643,103.1796875,0.34776945544028065,0.5044840166670135
NORMAL2-IM-0252-0001.jpeg,amplitude,204.56640625,25.022460451678743,0.952335654146393,4.70703125,1.6370404527291505e-33,
NORMAL2-IM-0252-0001.jpeg,entangled_angle,8867.07421875,8.653000172775736,0.5366768420256617,85.23046875,0.04229606959593242,0.7219546486434785
NORMAL2-IM-0256-0001.jpeg,basis,8313.390625,8.933021734977004,0.6108831736392246,77.9375,0.1504602555969795,
NORMAL2-IM-0256-0001.jpeg,angle,226.96875,24.57114295026421,0.9199307898243098,3.578125,4.7377876631926e-32,
NORMAL2-IM-0256-0001.jpeg,dense_angle,226.96875,24.57114295026421,0.9199307898243098,3.578125,3.851859888774472e-33,
NORMAL2-IM-0256-0001.jpeg,iqp,1593.65625,16.106857105755136,0.7637551608725248,25.3671875,0.050865739916402614,0.5082361979490315
NORMAL2-IM-0256-0001.jpeg,amplitude,226.96875,24.57114295026421,0.9199307898243098,3.578125,1.1555579666323415e-33,
NORMAL2-IM-0256-0001.jpeg,entangled_angle,3887.76171875,12.233807217441337,0.6381659702586421,54.91796875,0.02325594195530406,0.825405583312594
NORMAL2-IM-0259-0001.jpeg,basis,4179.19140625,11.919880986559537,0.7119195888358965,59.67578125,0.10841633017673036,
NORMAL2-IM-0259-0001.jpeg,angle,229.96484375,24.51418913252025,0.9083966986426316,3.72265625,3.591859346282195e-32,
NORMAL2-IM-0259-0001.jpeg,dense_angle,229.96484375,24.51418913252025,0.9083966986426316,3.72265625,6.933347799794049e-33,
NORMAL2-IM-0259-0001.jpeg,iqp,12341.0234375,7.217291837615875,0.44490777802545906,106.6015625,0.24490520192208753,0.5079040436387507
NORMAL2-IM-0259-0001.jpeg,amplitude,229.96484375,24.51418913252025,0.9083966986426316,3.72265625,9.62964972193618e-34,
NORMAL2-IM-0259-0001.jpeg,entangled_angle,10282.58984375,8.009778480380815,0.5278541030786501,96.96484375,0.04364069690565224,0.7073454086781512
NORMAL2-IM-0267-0001.jpeg,basis,2811.6328125,13.64121757862057,0.8044987971359907,45.796875,0.09518884281623699,
NORMAL2-IM-0267-0001.jpeg,angle,192.5625,25.285086452068946,0.9545694999172147,4.171875,2.8118577188053643e-32,
NORMAL2-IM-0267-0001.jpeg,dense_angle,192.5625,25.285086452068946,0.9545694999172147,4.171875,1.925929944387236e-33,
NORMAL2-IM-0267-0001.jpeg,iqp,12934.5546875,7.013288795038351,0.37286909946915614,101.90625,0.18757727672306906,0.5067727072481323
NORMAL2-IM-0267-0001.jpeg,amplitude,192.5625,25.285086452068946,0.9545694999172147,4.171875,1.5407439555097887e-33,
NORMAL2-IM-0267-0001.jpeg,entangled_angle,9815.05859375,8.211874642812138,0.5173335525195943,91.87890625,0.05170194013651966,0.6842208205075302
NORMAL2-IM-0271-0001.jpeg,basis,5199.58984375,10.971112740834029,0.4922738115177176,61.04296875,0.13303808439974518,
NORMAL2-IM-0271-0001.jpeg,angle,251.984375,24.117067489024905,0.904826016901354,9.4765625,1.1651876163542777e-32,
NORMAL2-IM-0271-0001.jpeg,dense_angle,251.984375,24.117067489024905,0.904826016901354,9.4765625,8.5703882525232e-33,
NORMAL2-IM-0271-0001.jpeg,iqp,13576.2578125,6.803002842481121,0.45072217573916745,111.9140625,0.3175514811722779,0.5058768874568418
NORMAL2-IM-0271-0001.jpeg,amplitude,251.984375,24.117067489024905,0.904826016901354,9.4765625,3.851859888774472e-34,
NORMAL2-IM-0271-0001.jpeg,entangled_angle,9845.55078125,8.19840344348393,0.5585868210585941,94.34765625,0.035428657841926295,0.7560780543247583
NORMAL2-IM-0272-0001.jpeg,basis,13312.19140625,6.888308074741039,0.3832892262579543,111.41015625,0.1536063470431921,
NORMAL2-IM-0272-0001.jpeg,angle,266.80859375,23.868805470248347,0.8852974631157483,5.52734375,1.348150961071065e-32,
NORMAL2-IM-0272-0001.jpeg,dense_angle,266.80859375,23.868805470248347,0.8852974631157483,5.52734375,1.925929944387236e-33,
NORMAL2-IM-0272-0001.jpeg,iqp,3990.09765625,12.120968358449492,0.6158352389685811,55.86328125,0.16313929254220244,0.5142031483326153
NORMAL2-IM-0272-0001.jpeg,amplitude,266.80859375,23.868805470248347,0.8852974631157483,5.52734375,0.0,
NORMAL2-IM-0272-0001.jpeg,entangled_angle,3175.6484375,13.112479433423385,0.6361792004631291,51.140625,0.021644181453192142,0.8201891858378993
NORMAL2-IM-0273-0001.jpeg,basis,9970.109375,8.14380438193325,0.6750972473214505,93.9609375,0.12319633886728368,
NORMAL2-IM-0273-0001.jpeg,angle,332.62890625,22.91120373111972,0.9245052674792378,6.87890625,5.7777898331617076e-33,
NORMAL2-IM-0273-0001.jpeg,dense_angle,332.62890625,22.91120373111972,0.9245052674792378,6.87890625,1.0496318196910435e-32,
NORMAL2-IM-0273-0001.jpeg,iqp,4980.7265625,11.157876608655082,0.526731416671677,59.7109375,0.22620134197542607,0.5072826045184095
NORMAL2-IM-0273-0001.jpeg,amplitude,332.62890625,22.91120373111972,0.9245052674792378,6.87890625,3.851859888774472e-34,
NORMAL2-IM-0273-0001.jpeg,entangled_angle,3083.0703125,13.240969315087227,0.6069516991130004,46.4765625,0.03347175752717502,0.7382168783936437
NORMAL2-IM-0274-0001.jpeg,basis,8480.42578125,8.846627032096345,0.6263314014684999,78.92578125,0.13304124740980228,
NORMAL2-IM-0274-0001.jpeg,angle,237.203125,24.37959954584977,0.9458668659643482,2.6796875,4.391120273202898e-32,
NORMAL2-IM-0274-0001.jpeg,dense_angle,237.203125,24.37959954584977,0.9458668659643482,2.6796875,3.851859888774472e-33,
NORMAL2-IM-0274-0001.jpeg,iqp,1613.453125,16.053240083263482,0.8237278653032178,13.9609375,0.06187459200069008,0.5061662572602673
NORMAL2-IM-0274-0001.jpeg,amplitude,237.203125,24.37959954584977,0.9458668659643482,2.6796875,3.851859888774472e-34,
NORMAL2-IM-0274-0001.jpeg,entangled_angle,3956.015625,12.1582236261469,0.6180602098099309,54.4296875,0.03692180591729128,0.7585263962883563
NORMAL2-IM-0275-0001.jpeg,basis,7551.5,9.350471341369115,0.7032356621136533,79.21875,0.1327620333987735,
NORMAL2-IM-0275-0001.jpeg,angle,235.65625,24.408013983995964,0.9413139136479961,3.140625,1.37607694526468e-31,
NORMAL2-IM-0275-0001.jpeg,dense_angle,235.65625,24.408013983995964,0.9413139136479961,3.140625,7.414830285890858e-33,
NORMAL2-IM-0275-0001.jpeg,iqp,1710.29296875,15.800098505848883,0.8330927574547169,25.04296875,0.14084064410908556,0.5130622348611604
NORMAL2-IM-0275-0001.jpeg,amplitude,235.65625,24.408013983995964,0.9413139136479961,3.140625,3.851859888774472e-34,
NORMAL2-IM-0275-0001.jpeg,entangled_angle,4506.8359375,11.592086121457914,0.6207374853016581,59.8046875,0.03237934984344257,0.7873602594885349
NORMAL2-IM-0276-0001.jpeg,basis,1793.75,15.593184467898428,0.8233048576153028,25.7578125,0.11321078596894998,
NORMAL2-IM-0276-0001.jpeg,angle,423.76953125,21.859506328576575,0.9208323475112681,3.79296875,3.813341289886727e-32,
NORMAL2-IM-0276-0001.jpeg,dense_angle,423.76953125,21.859506328576575,0.9208323475112681,3.79296875,2.792598419361492e-33,
NORMAL2-IM-0276-0001.jpeg,iqp,4032.56640625,12.074988330076607,0.7038763071356945,41.98828125,0.19752404957898867,0.5045949319923343
NORMAL2-IM-0276-0001.jpeg,amplitude,423.76953125,21.859506328576575,0.9208323475112681,3.79296875,0.0,
NORMAL2-IM-0276-0001.jpeg,entangled_angle,5504.23046875,10.723837508274329,0.588170744790585,66.52734375,0.03634775789547476,0.7475959184823449
NORMAL2-IM-0277-0001.jpeg,basis,2710.5234375,13.80027193954152,0.7543590704971911,32.453125,0.12647928772559325,
NORMAL2-IM-0277-0001.jpeg,angle,529.80859375,20.889613623843605,0.8837631658333417,8.25390625,1.8488927466117464e-32,
NORMAL2-IM-0277-0001.jpeg,dense_angle,529.80859375,20.889613623843605,0.8837631658333417,8.25390625,1.925929944387236e-33,
NORMAL2-IM-0277-0001.jpeg,iqp,5951.06640625,10.384855644080176,0.5317601364447347,65.26953125,0.28136187186347644,0.506217909843953
NORMAL2-IM-0277-0001.jpeg,amplitude,529.80859375,20.889613623843605,0.8837631658333417,8.25390625,4.81482486096809e-34,
NORMAL2-IM-0277-0001.jpeg,entangled_angle,4830.421875,11.290952984428046,0.5725574463996067,60.2890625,0.03698258644587621,0.7426723803530804
NORMAL2-IM-0278-0001.jpeg,basis,9461.34765625,8.371273599853733,0.5806771366128193,83.19921875,0.13727894372875915,
NORMAL2-IM-0278-0001.jpeg,angle,271.11328125,23.799295676241815,0.9366665537519065,2.67578125,3.158525108795067e-32,
NORMAL2-IM-0278-0001.jpeg,dense_angle,271.11328125,23.799295676241815,0.9366665537519065,2.67578125,2.6963019221421302e-33,
NORMAL2-IM-0278-0001.jpeg,iqp,5976.2265625,10.36653307372076,0.38103612461109415,50.015625,0.239969014442002,0.5037882817737944
NORMAL2-IM-0278-0001.jpeg,amplitude,271.11328125,23.799295676241815,0.9366665537519065,2.67578125,3.851859888774472e-34,
NORMAL2-IM-0278-0001.jpeg,entangled_angle,3419.21875,12.791534744969075,0.6188723495249389,49.703125,0.03258071456488482,0.7949667984450244
NORMAL2-IM-0279-0001.jpeg,basis,9572.42578125,8.320583530896094,0.5256052584160374,85.99609375,0.14167379864514285,
NORMAL2-IM-0279-0001.jpeg,angle,260.52734375,23.97227049291743,0.9113700648793502,3.55859375,1.348150961071065e-32,
NORMAL2-IM-0279-0001.jpeg,dense_angle,260.52734375,23.97227049291743,0.9113700648793502,3.55859375,1.5407439555097887e-33,
NORMAL2-IM-0279-0001.jpeg,iqp,1820.75,15.528300422416024,0.7809654116791619,31.8984375,0.07012888067095267,0.5148891610938419
NORMAL2-IM-0279-0001.jpeg,amplitude,260.52734375,23.97227049291743,0.9113700648793502,3.55859375,7.703719777548943e-34,
NORMAL2-IM-0279-0001.jpeg,entangled_angle,4243.3359375,11.853729454040982,0.6489529673359493,58.609375,0.024021639659615263,0.8113243911834338
NORMAL2-IM-0280-0001.jpeg,basis,4890.94140625,11.236879008875043,0.7650900173168736,57.98828125,0.1386121201922256,
NORMAL2-IM-0280-0001.jpeg,angle,138.6796875,26.710675065191044,0.9639283155006543,3.1171875,2.6674129729763217e-32,
NORMAL2-IM-0280-0001.jpeg,dense_angle,138.6796875,26.710675065191044,0.9639283155006543,3.1171875,6.644458308135964e-33,
NORMAL2-IM-0280-0001.jpeg,iqp,6337.49609375,10.111626562130414,0.624879804881501,71.37109375,0.24692819913664027,0.5087491255633738
NORMAL2-IM-0280-0001.jpeg,amplitude,138.6796875,26.710675065191044,0.9639283155006543,3.1171875,9.62964972193618e-35,
NORMAL2-IM-0280-0001.jpeg,entangled_angle,5263.234375,10.91827651024901,0.6241839186536022,65.046875,0.03230040285228449,0.7901694619510593
NORMAL2-IM-0281-0001.jpeg,basis,3719.65234375,12.42578010299628,0.8143501677099452,49.63671875,0.10007939172803151,
NORMAL2-IM-0281-0001.jpeg,angle,350.23046875,22.68726435470016,0.9323281152954543,3.93359375,2.1763008371575765e-32,
NORMAL2-IM-0281-0001.jpeg,dense_angle,350.23046875,22.68726435470016,0.9323281152954543,3.93359375,2.0222264416065976e-33,
NORMAL2-IM-0281-0001.jpeg,iqp,4489.63671875,11.608691596029265,0.6676911948317037,57.25390625,0.14251910710882343,0.5063233236346267
NORMAL2-IM-0281-0001.jpeg,amplitude,350.23046875,22.68726435470016,0.9323281152954543,3.93359375,1.6370404527291505e-33,
NORMAL2-IM-0281-0001.jpeg,entangled_angle,5197.046875,10.973237268886084,0.5361834281644603,62.0546875,0.0567114051896691,0.6772121505685671
NORMAL2-IM-0282-0001.jpeg,basis,5474.4921875,10.747365205329052,0.5437129173935008,61.046875,0.09881209313337283,
NORMAL2-IM-0282-0001.jpeg,angle,942.66796875,18.387216105823544,0.8014539727695414,10.23046875,2.515745989855827e-32,
NORMAL2-IM-0282-0001.jpeg,dense_angle,942.66796875,18.387216105823544,0.8014539727695414,10.23046875,7.944461020597348e-34,
NORMAL2-IM-0282-0001.jpeg,iqp,14080.83203125,6.644520430004166,0.39234888509806914,109.27734375,0.20876507224397667,0.5065547972001267
NORMAL2-IM-0282-0001.jpeg,amplitude,942.66796875,18.387216105823544,0.8014539727695414,10.23046875,1.5407439555097887e-33,
NORMAL2-IM-0282-0001.jpeg,entangled_angle,10378.3046875,7.969539442529272,0.45356617336718685,90.984375,0.05242829074838744,0.688641898082727
NORMAL2-IM-0283-0001.jpeg,basis,5708.61328125,10.565497372880552,0.5665251539898695,64.56640625,0.1375799284633831,
NORMAL2-IM-0283-0001.jpeg,angle,200.3125,25.11372309668999,0.9169343684908416,4.6953125,2.1763008371575765e-32,
NORMAL2-IM-0283-0001.jpeg,dense_angle,200.3125,25.11372309668999,0.9169343684908416,4.6953125,5.7777898331617076e-34,
NORMAL2-IM-0283-0001.jpeg,iqp,8869.21875,8.651949944191529,0.4620563965732216,87.3828125,0.31701193191951327,0.5028739559925898
NORMAL2-IM-0283-0001.jpeg,amplitude,200.3125,25.11372309668999,0.9169343684908416,4.6953125,3.851859888774472e-34,
NORMAL2-IM-0283-0001.jpeg,entangled_angle,6546.56640625,9.970667832892595,0.5802748168800206,74.26171875,0.029490549248981753,0.7844340892136157
NORMAL2-IM-0285-0001.jpeg,basis,8932.078125,8.621278478670751,0.6252191128056891,80.8359375,0.1550539250986127,
NORMAL2-IM-0285-0001.jpeg,angle,318.11328125,23.10498559559417,0.8883460666823926,5.64453125,2.4266717299279172e-32,
NORMAL2-IM-0285-0001.jpeg,dense_angle,318.11328125,23.10498559559417,0.8883460666823926,5.64453125,1.925929944387236e-33,
NORMAL2-IM-0285-0001.jpeg,iqp,3307.83984375,12.935358867889182,0.7495053838717677,42.72265625,0.07939675123581608,0.5091347859684465
NORMAL2-IM-0285-0001.jpeg,amplitude,318.11328125,23.10498559559417,0.8883460666823926,5.64453125,7.703719777548943e-34,
NORMAL2-IM-0285-0001.jpeg,entangled_angle,1502.1015625,16.36381062991949,0.7167047536364919,30.03125,0.020965147527830165,0.8427880164397831
NORMAL2-IM-0286-0001.jpeg,basis,3793.25,12.340688943732555,0.7788259080544955,50.046875,0.1128850530621324,
NORMAL2-IM-0286-0001.jpeg,angle,296.81640625,23.40592458375064,0.9225685230948755,2.43359375,6.933347799794049e-33,
NORMAL2-IM-0286-0001.jpeg,dense_angle,296.81640625,23.40592458375064,0.9225685230948755,2.43359375,8.185202263645752e-33,
NORMAL2-IM-0286-0001.jpeg,iqp,7173.1875,9.573681778574981,0.48552651356629034,74.4296875,0.349574266725472,0.5032082328976122
NORMAL2-IM-0286-0001.jpeg,amplitude,296.81640625,23.40592458375064,0.9225685230948755,2.43359375,0.0,
NORMAL2-IM-0286-0001.jpeg,entangled_angle,4929.62890625,11.202661332811086,0.5561314290208749,60.81640625,0.03880956202119681,0.739365716182488
NORMAL2-IM-0287-0001.jpeg,basis,3884.76953125,12.237151020232135,0.6605812262528146,44.85546875,0.10555908977606976,
NORMAL2-IM-0287-0001.jpeg,angle,393.078125,22.18601485086824,0.8955603707361124,5.2109375,1.9066706449433635e-32,
NORMAL2-IM-0287-0001.jpeg,dense_angle,393.078125,22.18601485086824,0.8955603707361124,5.2109375,2.5037089277034066e-33,
NORMAL2-IM-0287-0001.jpeg,iqp,11172.2890625,7.6493819711994675,0.35966686536533565,94.390625,0.3487638704440049,0.5061229527403149
NORMAL2-IM-0287-0001.jpeg,amplitude,393.078125,22.18601485086824,0.8955603707361124,5.2109375,5.7777898331617076e-34,
NORMAL2-IM-0287-0001.jpeg,entangled_angle,7339.46484375,9.474159663305041,0.4966258624890569,76.13671875,0.04711765363072306,0.6682700512962876
NORMAL2-IM-0288-0001.jpeg,basis,8618.71484375,8.776378488573712,0.5914297387552889,81.85546875,0.12956058832113793,
NORMAL2-IM-0288-0001.jpeg,angle,178.9296875,25.603979574286658,0.9218463366087337,5.6484375,1.4637067577342992e-32,
NORMAL2-IM-0288-0001.jpeg,dense_angle,178.9296875,25.603979574286658,0.9218463366087337,5.6484375,1.232595164407831e-32,
NORMAL2-IM-0288-0001.jpeg,iqp,2057.04296875,14.998369972742482,0.7005558748869124,30.99609375,0.1351436342229671,0.5055945894565383
NORMAL2-IM-0288-0001.jpeg,amplitude,178.9296875,25.603979574286658,0.9218463366087337,5.6484375,7.703719777548943e-34,
NORMAL2-IM-0288-0001.jpeg,entangled_angle,4993.6171875,11.14665114748599,0.5955704150247989,64.203125,0.030512980344235604,0.7832237283980639
NORMAL2-IM-0289-0001.jpeg,basis,6546.10546875,9.970973626262726,0.6889547051987343,70.39453125,0.12682409945189235,
NORMAL2-IM-0289-0001.jpeg,angle,216.796875,24.77027343057084,0.9464737854265559,5.421875,1.7814851985581932e-32,
NORMAL2-IM-0289-0001.jpeg,dense_angle,216.796875,24.77027343057084,0.9464737854265559,5.421875,7.703719777548943e-34,
NORMAL2-IM-0289-0001.jpeg,iqp,8457.90625,8.858174938822035,0.47238636608333173,84.7265625,0.24578041460396363,0.5095301337576381
NORMAL2-IM-0289-0001.jpeg,amplitude,216.796875,24.77027343057084,0.9464737854265559,5.421875,5.7777898331617076e-34,
NORMAL2-IM-0289-0001.jpeg,entangled_angle,5702.5234375,10.570132819554361,0.5916923974853476,67.2734375,0.036283291541943846,0.768929844678267
NORMAL2-IM-0290-0001.jpeg,basis,8324.83984375,8.927044737219463,0.5987433015626443,83.50390625,0.1427852271088599,
NORMAL2-IM-0290-0001.jpeg,angle,307.734375,23.24904349706637,0.8499386665397368,2.6328125,3.5148221485067054e-32,
NORMAL2-IM-0290-0001.jpeg,dense_angle,307.734375,23.24904349706637,0.8499386665397368,2.6328125,2.792598419361492e-33,
NORMAL2-IM-0290-0001.jpeg,iqp,4521.40625,11.57806830562926,0.5415400514487341,49.03125,0.1763646568289534,0.5087197961445276
NORMAL2-IM-0290-0001.jpeg,amplitude,307.734375,23.24904349706637,0.8499386665397368,2.6328125,9.62964972193618e-35,
NORMAL2-IM-0290-0001.jpeg,entangled_angle,5715.1484375,10.560528462153535,0.6122580485226529,70.53125,0.023095906271059223,0.8170780271227378
NORMAL2-IM-0292-0001.jpeg,basis,3363.0625,12.863454224403108,0.6169004925096199,42.1875,0.08687507932312702,
NORMAL2-IM-0292-0001.jpeg,angle,776.81640625,19.227619716345398,0.7993159423081313,9.38671875,1.1074097180226606e-32,
NORMAL2-IM-0292-0001.jpeg,dense_angle,776.81640625,19.227619716345398,0.7993159423081313,9.38671875,2.2148194360453212e-33,
NORMAL2-IM-0292-0001.jpeg,iqp,9151.90625,8.515687982078836,0.467559938481951,78.2578125,0.324616941808542,0.5077270630760364
NORMAL2-IM-0292-0001.jpeg,amplitude,776.81640625,19.227619716345398,0.7993159423081313,9.38671875,1.7333369499485123e-33,
NORMAL2-IM-0292-0001.jpeg,entangled_angle,9357.1640625,8.419361166840618,0.46586928976089326,85.453125,0.05529650809115698,0.6580122193603577
NORMAL2-IM-0294-0001.jpeg,basis,10575.79296875,7.887674203724792,0.5449927142454968,88.62890625,0.16091445924422287,
NORMAL2-IM-0294-0001.jpeg,angle,188.06640625,25.387691351379505,0.907363582737638,4.00390625,2.69630192214213e-32,
NORMAL2-IM-0294-0001.jpeg,dense_angle,188.06640625,25.387691351379505,0.907363582737638,4.00390625,4.622231866529366e-33,
NORMAL2-IM-0294-0001.jpeg,iqp,1107.484375,17.68742753195511,0.729425645083668,18.421875,0.07262313504400769,0.5048265885627403
NORMAL2-IM-0294-0001.jpeg,amplitude,188.06640625,25.387691351379505,0.907363582737638,4.00390625,7.703719777548943e-34,
NORMAL2-IM-0294-0001.jpeg,entangled_angle,2499.2265625,14.152747328392895,0.6791767741851414,44.109375,0.015962398982552986,0.8682544619058268
NORMAL2-IM-0297-0001.jpeg,basis,3241.53125,13.02330148090444,0.8443772336049782,47.765625,0.1251776782287909,
NORMAL2-IM-0297-0001.jpeg,angle,395.8125,22.155908554965166,0.9262096218163437,4.390625,1.887411345499491e-32,
NORMAL2-IM-0297-0001.jpeg,dense_angle,395.8125,22.155908554965166,0.9262096218163437,4.390625,1.925929944387236e-33,
NORMAL2-IM-0297-0001.jpeg,iqp,5424.44140625,10.787253384715195,0.5779900009057773,63.73828125,0.11886482722580063,0.5025927664865609
NORMAL2-IM-0297-0001.jpeg,amplitude,395.8125,22.155908554965166,0.9262096218163437,4.390625,0.0,
NORMAL2-IM-0297-0001.jpeg,entangled_angle,4202.12109375,11.896117974268067,0.6030222136601432,54.19921875,0.04233891540612504,0.7497693397602012
NORMAL2-IM-0300-0001.jpeg,basis,7171.16015625,9.574909389938716,0.6929892100234766,74.77734375,0.1213932548673664,
NORMAL2-IM-0300-0001.jpeg,angle,480.43359375,21.314469935480325,0.9069197806132457,7.76171875,5.488900341503622e-33,
NORMAL2-IM-0300-0001.jpeg,dense_angle,480.43359375,21.314469935480325,0.9069197806132457,7.76171875,4.81482486096809e-34,
NORMAL2-IM-0300-0001.jpeg,iqp,4907.68359375,11.222038055737329,0.554231097770184,57.13671875,0.25891809237070945,0.505082885907746
NORMAL2-IM-0300-0001.jpeg,amplitude,480.43359375,21.314469935480325,0.9069197806132457,7.76171875,0.0,
NORMAL2-IM-0300-0001.jpeg,entangled_angle,5153.59765625,11.009698509004288,0.5514872265643224,62.48828125,0.03674042877172503,0.7510420341111219
NORMAL2-IM-0301-0001.jpeg,basis,5982.4453125,10.362016235929719,0.7065842664313412,64.859375,0.1304594395958153,
NORMAL2-IM-0301-0001.jpeg,angle,240.41796875,24.32113437315326,0.9498017766889685,3.01953125,3.158525108795067e-32,
NORMAL2-IM-0301-0001.jpeg,dense_angle,240.41796875,24.32113437315326,0.9498017766889685,3.01953125,5.007417855406813e-33,
NORMAL2-IM-0301-0001.jpeg,iqp,2418.98828125,14.29446596433599,0.7601000695579576,37.77734375,0.08622627331081602,0.5037817456716466
NORMAL2-IM-0301-0001.jpeg,amplitude,240.41796875,24.32113437315326,0.9498017766889685,3.01953125,3.851859888774472e-34,
NORMAL2-IM-0301-0001.jpeg,entangled_angle,4654.03125,11.452510657897829,0.6237201076446633,60.6328125,0.03442096198692786,0.7596214534991055
NORMAL2-IM-0302-0001.jpeg,basis,5373.93359375,10.827880653591729,0.739045883188683,61.69140625,0.09709463172829663,
NORMAL2-IM-0302-0001.jpeg,angle,360.921875,22.556671559935275,0.9109940823861363,7.765625,4.7474173129145364e-32,
NORMAL2-IM-0302-0001.jpeg,dense_angle,360.921875,22.556671559935275,0.9109940823861363,7.765625,1.290373062739448e-32,
NORMAL2-IM-0302-0001.jpeg,iqp,4517.828125,11.581506561480934,0.5708279332575229,54.96875,0.21681185199344197,0.5070952036954288
NORMAL2-IM-0302-0001.jpeg,amplitude,360.921875,22.556671559935275,0.9109940823861363,7.765625,9.62964972193618e-35,
NORMAL2-IM-0302-0001.jpeg,entangled_angle,3468.125,12.729856187096694,0.6002610203400629,47.640625,0.046017241325242805,0.7044692756943456
NORMAL2-IM-0303-0001.jpeg,basis,6043.9296875,10.31760957568292,0.7184598821740157,67.7109375,0.13700284287344633,
NORMAL2-IM-0303-0001.jpeg,angle,424.62890625,21.850708058058004,0.9198709790011179,3.33984375,1.7333369499485123e-32,
NORMAL2-IM-0303-0001.jpeg,dense_angle,424.62890625,21.850708058058004,0.9198709790011179,3.33984375,8.474091755303838e-33,
NORMAL2-IM-0303-0001.jpeg,iqp,3348.203125,12.882685634610588,0.6852765669007791,46.6796875,0.15321761798055716,0.5054692769674033
NORMAL2-IM-0303-0001.jpeg,amplitude,424.62890625,21.850708058058004,0.9198709790011179,3.33984375,1.925929944387236e-33,
NORMAL2-IM-0303-0001.jpeg,entangled_angle,3971.05078125,12.14174920070548,0.6250331454977361,53.09765625,0.03333504106869872,0.7848983848680402
NORMAL2-IM-0304-0001.jpeg,basis,2102.36328125,14.903725980765824,0.8640832125083558,37.28515625,0.10335289241480264,
NORMAL2-IM-0304-0001.jpeg,angle,186.78515625,25.417380008306978,0.9603958970468314,3.83984375,1.8585223963336826e-32,
NORMAL2-IM-0304-0001.jpeg,dense_angle,186.78515625,25.417380008306978,0.9603958970468314,3.83984375,4.718528363748728e-33,
NORMAL2-IM-0304-0001.jpeg,iqp,8197.97265625,8.993738954431171,0.501033694313592,80.07421875,0.17046817423852112,0.5033133808526711
NORMAL2-IM-0304-0001.jpeg,amplitude,186.78515625,25.417380008306978,0.9603958970468314,3.83984375,9.62964972193618e-35,
NORMAL2-IM-0304-0001.jpeg,entangled_angle,5384.31640625,10.819497878372012,0.6021937931511023,63.04296875,0.04148106835564619,0.714479725026627
NORMAL2-IM-0305-0001.jpeg,basis,7440.609375,9.41471855784066,0.6917226572228288,77.1875,0.1313313251203595,
NORMAL2-IM-0305-0001.jpeg,angle,166.8984375,25.906280900263173,0.9507650422244116,3.5390625,1.935559594109172e-32,
NORMAL2-IM-0305-0001.jpeg,dense_angle,166.8984375,25.906280900263173,0.9507650422244116,3.5390625,2.0222264416065976e-33,
NORMAL2-IM-0305-0001.jpeg,iqp,2667.45703125,13.869829285507167,0.6995792629253843,30.66796875,0.18857598301640108,0.5147265377539401
NORMAL2-IM-0305-0001.jpeg,amplitude,166.8984375,25.906280900263173,0.9507650422244116,3.5390625,3.4666738998970245e-33,
NORMAL2-IM-0305-0001.jpeg,entangled_angle,4644.96484375,11.460979295615347,0.6483117518035264,60.83984375,0.029928261402589917,0.7878556647395869
NORMAL2-IM-0307-0001.jpeg,basis,2870.6171875,13.55105080054183,0.6812236946371513,28.71875,0.1208044398187346,
NORMAL2-IM-0307-0001.jpeg,angle,365.42578125,22.502811767467573,0.9051652349008091,4.44921875,2.1185229388259594e-32,
NORMAL2-IM-0307-0001.jpeg,dense_angle,365.42578125,22.502811767467573,0.9051652349008091,4.44921875,1.925929944387236e-33,
NORMAL2-IM-0307-0001.jpeg,iqp,6068.9140625,10.299693730637644,0.6277496309929356,69.0703125,0.1974145955891545,0.506766250629122
NORMAL2-IM-0307-0001.jpeg,amplitude,365.42578125,22.502811767467573,0.9051652349008091,4.44921875,3.0814879110195774e-33,
NORMAL2-IM-0307-0001.jpeg,entangled_angle,5910.984375,10.414205495244786,0.5835362110092758,68.1171875,0.037463383265739995,0.7332400367462634
NORMAL2-IM-0309-0001.jpeg,basis,5684.29296875,10.584039074758495,0.7286032761704828,66.55078125,0.11833636552086305,
NORMAL2-IM-0309-0001.jpeg,angle,496.5,21.171611080365103,0.9077121268663012,4.3046875,5.363714895118452e-32,
NORMAL2-IM-0309-0001.jpeg,dense_angle,496.5,21.171611080365103,0.9077121268663012,4.3046875,4.237045877651919e-33,
NORMAL2-IM-0309-0001.jpeg,iqp,1829.6015625,15.507238383767618,0.8007656151858334,19.6796875,0.12679369572735041,0.5094076162852708
NORMAL2-IM-0309-0001.jpeg,amplitude,496.5,21.171611080365103,0.9077121268663012,4.3046875,2.0222264416065976e-33,
NORMAL2-IM-0309-0001.jpeg,entangled_angle,6424.21484375,10.05260304329714,0.5293717535600937,71.12890625,0.040980971535468515,0.7525131374379528
NORMAL2-IM-0310-0001.jpeg,basis,6433.359375,10.046425485907974,0.731148348749829,70.78125,0.09226859831455653,
NORMAL2-IM-0310-0001.jpeg,angle,330.96484375,22.932984969298648,0.9227313475649219,3.55859375,5.325196296230707e-32,
NORMAL2-IM-0310-0001.jpeg,dense_angle,330.96484375,22.932984969298648,0.9227313475649219,3.55859375,1.232595164407831e-32,
NORMAL2-IM-0310-0001.jpeg,iqp,7985.01953125,9.108043781136685,0.42138263992724345,76.06640625,0.43429382070959394,0.5051798077415135
NORMAL2-IM-0310-0001.jpeg,amplitude,330.96484375,22.932984969298648,0.9227313475649219,3.55859375,2.0222264416065976e-33,
NORMAL2-IM-0310-0001.jpeg,entangled_angle,5963.24609375,10.375976285048477,0.5188701766149912,67.10546875,0.05057534176557553,0.6581077156382946
NORMAL2-IM-0311-0001.jpeg,basis,7820.31640625,9.198560361062036,0.6178846419400853,76.75390625,0.12642780757776195,
NORMAL2-IM-0311-0001.jpeg,angle,418.1953125,21.91701200312592,0.9216448985979241,2.8359375,2.4266717299279172e-32,
NORMAL2-IM-0311-0001.jpeg,dense_angle,418.1953125,21.91701200312592,0.9216448985979241,2.8359375,5.3926038442842604e-33,
NORMAL2-IM-0311-0001.jpeg,iqp,5090.93359375,11.062829287404192,0.5641423614423728,58.19921875,0.19123053291178346,0.5054432447772401
NORMAL2-IM-0311-0001.jpeg,amplitude,418.1953125,21.91701200312592,0.9216448985979241,2.8359375,1.5407439555097887e-33,
NORMAL2-IM-0311-0001.jpeg,entangled_angle,4089.15234375,12.014470701185367,0.6429939097810572,55.96484375,0.03431659442756145,0.7732356108357514
NORMAL2-IM-0312-0001.jpeg,basis,8859.46484375,8.656728717602862,0.6134471169567385,80.27734375,0.13956068698444596,
NORMAL2-IM-0312-0001.jpeg,angle,728.4609375,19.50674092453104,0.8422766884938973,7.5546875,1.4637067577342992e-32,
NORMAL2-IM-0312-0001.jpeg,dense_angle,728.4609375,19.50674092453104,0.8422766884938973,7.5546875,8.185202263645752e-33,
NORMAL2-IM-0312-0001.jpeg,iqp,2071.1640625,14.968658589728385,0.6398223680358983,26.1875,0.11363821518331854,0.5129741139637838
NORMAL2-IM-0312-0001.jpeg,amplitude,728.4609375,19.50674092453104,0.8422766884938973,7.5546875,3.851859888774472e-34,
NORMAL2-IM-0312-0001.jpeg,entangled_angle,4591.3671875,11.511383346825212,0.511833333900686,57.75,0.031198950799434865,0.7766950934123074
NORMAL2-IM-0313-0001.jpeg,basis,6003.9296875,10.346447633242533,0.6463023995354169,67.21875,0.14162998642896307,
NORMAL2-IM-0313-0001.jpeg,angle,165.08203125,25.95380556858079,0.9431495876702602,2.53515625,9.725946219155541e-33,
NORMAL2-IM-0313-0001.jpeg,dense_angle,165.08203125,25.95380556858079,0.9431495876702602,2.53515625,3.177784408238939e-33,
NORMAL2-IM-0313-0001.jpeg,iqp,2593.6328125,13.991718689936581,0.7395378735279985,40.8046875,0.15360523838733384,0.5030306462860163
NORMAL2-IM-0313-0001.jpeg,amplitude,165.08203125,25.95380556858079,0.9431495876702602,2.53515625,1.5407439555097887e-33,
NORMAL2-IM-0313-0001.jpeg,entangled_angle,4865.2734375,11.259731074125058,0.6532342907361256,63.0859375,0.028411190618266222,0.7918359588387748
NORMAL2-IM-0315-0001.jpeg,basis,7499.89453125,9.380252047853041,0.6385257022027191,73.93359375,0.12505164124696544,
NORMAL2-IM-0315-0001.jpeg,angle,176.6640625,25.659321477804575,0.9395408440957307,2.8671875,1.6948183510607676e-32,
NORMAL2-IM-0315-0001.jpeg,dense_angle,176.6640625,25.659321477804575,0.9395408440957307,2.8671875,3.4666738998970245e-33,
NORMAL2-IM-0315-0001.jpeg,iqp,6696.32421875,9.872438879548008,0.34439279668303635,58.01953125,0.23605694469017843,0.5107440017197915
NORMAL2-IM-0315-0001.jpeg,amplitude,176.6640625,25.659321477804575,0.9395408440957307,2.8671875,3.851859888774472e-34,
NORMAL2-IM-0315-0001.jpeg,entangled_angle,3568.1328125,12.606393496194329,0.6338386877894502,51.46875,0.029539402138457734,0.7888879619559926
NORMAL2-IM-0316-0001.jpeg,basis,6406.63671875,10.064502623661832,0.595434711103974,64.58984375,0.15821161960706176,
NORMAL2-IM-0316-0001.jpeg,angle,278.59375,23.68108991676443,0.9184196988010183,5.640625,2.195560136601449e-32,
NORMAL2-IM-0316-0001.jpeg,dense_angle,278.59375,23.68108991676443,0.9184196988010183,5.640625,7.703719777548943e-33,
NORMAL2-IM-0316-0001.jpeg,iqp,820.21875,18.9915066793734,0.8807023642391827,17.421875,0.03740279335211438,0.5105020604322716
NORMAL2-IM-0316-0001.jpeg,amplitude,278.59375,23.68108991676443,0.9184196988010183,5.640625,3.851859888774472e-34,
NORMAL2-IM-0316-0001.jpeg,entangled_angle,3041.11328125,13.300477629843943,0.6894579824709983,49.95703125,0.018774472992507837,0.8381165545281859
NORMAL2-IM-0317-0001.jpeg,basis,6924.09375,9.72717421417292,0.7071356514461756,73.5234375,0.15045977176956493,
NORMAL2-IM-0317-0001.jpeg,angle,270.20703125,23.813837149482005,0.945232416878426,2.78515625,2.6577833232543855e-32,
NORMAL2-IM-0317-0001.jpeg,dense_angle,270.20703125,23.813837149482005,0.945232416878426,2.78515625,4.622231866529366e-33,
NORMAL2-IM-0317-0001.jpeg,iqp,1745.26953125,15.712178539879982,0.7550980212706635,25.72265625,0.17116578091050383,0.5058418294948201
NORMAL2-IM-0317-0001.jpeg,amplitude,270.20703125,23.813837149482005,0.945232416878426,2.78515625,3.851859888774472e-34,
NORMAL2-IM-0317-0001.jpeg,entangled_angle,3143.44140625,13.156749913557022,0.6576365391573475,47.32421875,0.029634298726994582,0.8067611139764452
NORMAL2-IM-0319-0001.jpeg,basis,5936.1328125,10.395767517690047,0.695349461699985,68.1015625,0.11610671589458565,
NORMAL2-IM-0319-0001.jpeg,angle,215.0625,24.80515670902905,0.9295766296842235,3.296875,4.4777871207003234e-32,
NORMAL2-IM-0319-0001.jpeg,dense_angle,215.0625,24.80515670902905,0.9295766296842235,3.296875,5.3926038442842604e-33,
NORMAL2-IM-0319-0001.jpeg,iqp,8218.234375,8.983018381647708,0.4387294366884272,79.4765625,0.22437091300711287,0.5090931508325254
NORMAL2-IM-0319-0001.jpeg,amplitude,215.0625,24.80515670902905,0.9295766296842235,3.296875,9.62964972193618e-35,
NORMAL2-IM-0319-0001.jpeg,entangled_angle,5453.734375,10.763863791290046,0.5889764356368709,66.9921875,0.03370322857405935,0.7590265122305443
NORMAL2-IM-0321-0001.jpeg,basis,3512.40234375,12.674761025910966,0.6801410843622281,45.69140625,0.12361770306718722,
NORMAL2-IM-0321-0001.jpeg,angle,262.19921875,23.944489675377557,0.9436459591949108,3.19140625,1.232595164407831e-32,
NORMAL2-IM-0321-0001.jpeg,dense_angle,262.19921875,23.944489675377557,0.9436459591949108,3.19140625,3.851859888774472e-33,
NORMAL2-IM-0321-0001.jpeg,iqp,2458.6328125,14.223866875226111,0.690446615966027,23.40625,0.10276529757642784,0.5078688983542133
NORMAL2-IM-0321-0001.jpeg,amplitude,262.19921875,23.944489675377557,0.9436459591949108,3.19140625,0.0,
NORMAL2-IM-0321-0001.jpeg,entangled_angle,5052.65234375,11.095609439645798,0.5938706371399907,62.65234375,0.04358039535901623,0.7225608335340308
NORMAL2-IM-0322-0001.jpeg,basis,5039.2421875,11.107151296867224,0.6843687168477777,60.4609375,0.12939191950782636,
NORMAL2-IM-0322-0001.jpeg,angle,206.921875,24.972739558009593,0.9046570281326558,4.1796875,4.622231866529366e-33,
NORMAL2-IM-0322-0001.jpeg,dense_angle,206.921875,24.972739558009593,0.9046570281326558,4.1796875,2.6963019221421302e-33,
NORMAL2-IM-0322-0001.jpeg,iqp,1708.80859375,15.803869414084817,0.7589665021567774,33.00390625,0.09397306312587486,0.5090064633878391
NORMAL2-IM-0322-0001.jpeg,amplitude,206.921875,24.972739558009593,0.9046570281326558,4.1796875,7.703719777548943e-34,
NORMAL2-IM-0322-0001.jpeg,entangled_angle,3420.8125,12.789510903797122,0.6135152684084187,51.328125,0.024909710065312098,0.8099339064237543
NORMAL2-IM-0323-0001.jpeg,basis,7720.3515625,9.254432835661897,0.6274471686735117,67.7265625,0.14267790338268704,
NORMAL2-IM-0323-0001.jpeg,angle,210.91015625,24.889828674388536,0.9477544347497842,2.78515625,7.357052387559241e-32,
NORMAL2-IM-0323-0001.jpeg,dense_angle,210.91015625,24.889828674388536,0.9477544347497842,2.78515625,3.0814879110195774e-33,
NORMAL2-IM-0323-0001.jpeg,iqp,7244.9140625,9.530471225311643,0.4640839474081612,74.859375,0.2999258631173308,0.5039326910190662
NORMAL2-IM-0323-0001.jpeg,amplitude,210.91015625,24.889828674388536,0.9477544347497842,2.78515625,7.703719777548943e-34,
NORMAL2-IM-0323-0001.jpeg,entangled_angle,3923.81640625,12.193716821441642,0.6355219303839553,53.93359375,0.03749177162985863,0.7682430186190419
NORMAL2-IM-0325-0001.jpeg,basis,3055.19921875,13.280408265567885,0.8220587301473951,43.25390625,0.12331885806787402,
NORMAL2-IM-0325-0001.jpeg,angle,311.80078125,23.192031618427368,0.9227104941826311,3.73046875,1.5291883758434653e-31,
NORMAL2-IM-0325-0001.jpeg,dense_angle,311.80078125,23.192031618427368,0.9227104941826311,3.73046875,1.925929944387236e-33,
NORMAL2-IM-0325-0001.jpeg,iqp,3342.3515625,12.890282320000455,0.6005887493021264,14.2265625,0.17762796099335312,0.5054843206302667
NORMAL2-IM-0325-0001.jpeg,amplitude,311.80078125,23.192031618427368,0.9227104941826311,3.73046875,0.0,
NORMAL2-IM-0325-0001.jpeg,entangled_angle,4254.796875,11.842015292727632,0.6090802883484527,56.6484375,0.03986438066008433,0.744049002222109
NORMAL2-IM-0326-0001.jpeg,basis,7012.5703125,9.672031320685523,0.6665113070682446,70.9921875,0.12034705332329221,
NORMAL2-IM-0326-0001.jpeg,angle,218.11328125,24.74398249631375,0.9361383075369752,3.76953125,1.3173360819608693e-31,
NORMAL2-IM-0326-0001.jpeg,dense_angle,218.11328125,24.74398249631375,0.9361383075369752,3.76953125,1.925929944387236e-33,
NORMAL2-IM-0326-0001.jpeg,iqp,5802.66796875,10.494526401164405,0.5572345528534635,66.23046875,0.1547876351795918,0.5083212993871741
NORMAL2-IM-0326-0001.jpeg,amplitude,218.11328125,24.74398249631375,0.9361383075369752,3.76953125,3.851859888774472e-34,
NORMAL2-IM-0326-0001.jpeg,entangled_angle,3896.20703125,12.224383351098462,0.6461639202004877,53.65234375,0.03330028444076201,0.7717375065145262
NORMAL2-IM-0327-0001.jpeg,basis,3846.0859375,12.280613769183695,0.7436404101276782,50.0625,0.12300476485334369,
NORMAL2-IM-0327-0001.jpeg,angle,196.11328125,25.205733547663016,0.9395177779929048,3.55859375,9.725946219155541e-33,
NORMAL2-IM-0327-0001.jpeg,dense_angle,196.11328125,25.205733547663016,0.9395177779929048,3.55859375,8.5703882525232e-33,
NORMAL2-IM-0327-0001.jpeg,iqp,7041.3359375,9.654252961516773,0.4561476447792681,71.59375,0.23705677701907354,0.5115718054243901
NORMAL2-IM-0327-0001.jpeg,amplitude,196.11328125,25.205733547663016,0.9395177779929048,3.55859375,7.703719777548943e-34,
NORMAL2-IM-0327-0001.jpeg,entangled_angle,4766.3125,11.3489784770506,0.5861132253987927,59.75,0.0386264527946928,0.7589821296666637
NORMAL2-IM-0328-0001.jpeg,basis,6024.7109375,10.331441463446984,0.7312702339443727,65.6015625,0.14849586357317768,
NORMAL2-IM-0328-0001.jpeg,angle,276.26953125,23.717473700507313,0.9225153778567293,2.93359375,1.9259299443872359e-32,
NORMAL2-IM-0328-0001.jpeg,dense_angle,276.26953125,23.717473700507313,0.9225153778567293,2.93359375,4.622231866529366e-33,
NORMAL2-IM-0328-0001.jpeg,iqp,5701.05078125,10.571254514339525,0.619596779987458,68.58984375,0.16259896873515903,0.5136866185521535
NORMAL2-IM-0328-0001.jpeg,amplitude,276.26953125,23.717473700507313,0.9225153778567293,2.93359375,0.0,
NORMAL2-IM-0328-0001.jpeg,entangled_angle,4184.24609375,11.914631415061498,0.636501259016065,57.51171875,0.025272684942265134,0.820254896775265
NORMAL2-IM-0329-0001.jpeg,basis,1504.546875,16.35674637893366,0.8470043015592865,15.15625,0.09004737102534408,
NORMAL2-IM-0329-0001.jpeg,angle,501.98828125,21.123867820652503,0.9099387040411543,9.50390625,1.0026872772966047e-31,
NORMAL2-IM-0329-0001.jpeg,dense_angle,501.98828125,21.123867820652503,0.9099387040411543,9.50390625,3.283710555180237e-32,
NORMAL2-IM-0329-0001.jpeg,iqp,8703.078125,8.73407478792888,0.43790428746211346,73.703125,0.17841887156486663,0.5259976470501296
NORMAL2-IM-0329-0001.jpeg,amplitude,501.98828125,21.123867820652503,0.9099387040411543,9.50390625,9.62964972193618e-35,
NORMAL2-IM-0329-0001.jpeg,entangled_angle,9817.8359375,8.210645903900408,0.4418805063612206,86.28125,0.054495324870240336,0.6517766595238663
NORMAL2-IM-0330-0001.jpeg,basis,6347.74609375,10.104608139710853,0.5433109546755924,68.39453125,0.13184650174922444,
NORMAL2-IM-0330-0001.jpeg,angle,188.25,25.38345375995172,0.9312263834434664,3.1875,1.502225356622044e-32,
NORMAL2-IM-0330-0001.jpeg,dense_angle,188.25,25.38345375995172,0.9312263834434664,3.1875,6.259272319258517e-33,
NORMAL2-IM-0330-0001.jpeg,iqp,9927.51953125,8.162396107068318,0.446651282670434,89.55078125,0.26058908990084295,0.5108441629163387
NORMAL2-IM-0330-0001.jpeg,amplitude,188.25,25.38345375995172,0.9312263834434664,3.1875,3.851859888774472e-34,
NORMAL2-IM-0330-0001.jpeg,entangled_angle,6897.51953125,9.743874219519768,0.598049734003443,76.23828125,0.028974410378613237,0.7833882819475922
NORMAL2-IM-0331-0001.jpeg,basis,7616.0859375,9.313485250225492,0.6907398593320699,79.390625,0.12829093389076607,
NORMAL2-IM-0331-0001.jpeg,angle,373.01171875,22.413578848004736,0.9139544523621532,5.16796875,3.505192498784769e-32,
NORMAL2-IM-0331-0001.jpeg,dense_angle,373.01171875,22.413578848004736,0.9139544523621532,5.16796875,5.103714352626175e-33,
NORMAL2-IM-0331-0001.jpeg,iqp,3774.2421875,12.362505961147479,0.5142033858879306,36.328125,0.1621057041467094,0.510573910253918
NORMAL2-IM-0331-0001.jpeg,amplitude,373.01171875,22.413578848004736,0.9139544523621532,5.16796875,2.311115933264683e-33,
NORMAL2-IM-0331-0001.jpeg,entangled_angle,4465.25,11.63234581723745,0.6279953805604035,59.3984375,0.02677457581753931,0.7804500983437317
NORMAL2-IM-0332-0001.jpeg,basis,6976.79296875,9.694245250700032,0.6840011698080319,74.76171875,0.13235050916096425,
NORMAL2-IM-0332-0001.jpeg,angle,354.31640625,22.63689098518137,0.90831813500863,4.19140625,1.5407439555097887e-32,
NORMAL2-IM-0332-0001.jpeg,dense_angle,354.31640625,22.63689098518137,0.90831813500863,4.19140625,5.3926038442842604e-33,
NORMAL2-IM-0332-0001.jpeg,iqp,2040.8671875,15.032656175985007,0.7333471849624661,16.8671875,0.11927127589695888,0.5158160220298815
NORMAL2-IM-0332-0001.jpeg,amplitude,354.31640625,22.63689098518137,0.90831813500863,4.19140625,0.0,
NORMAL2-IM-0332-0001.jpeg,entangled_angle,4819.3359375,11.300931605020669,0.6271214893717698,62.90625,0.0268319784467612,0.8038208236350474
NORMAL2-IM-0333-0001.jpeg,basis,3619.77734375,12.54398503416149,0.8181099688785587,49.44921875,0.10160754044527812,
NORMAL2-IM-0333-0001.jpeg,angle,319.796875,23.0820614528786,0.9419315366428437,2.734375,2.2340787354891936e-32,
NORMAL2-IM-0333-0001.jpeg,dense_angle,319.796875,23.0820614528786,0.9419315366428437,2.734375,5.3926038442842604e-33,
NORMAL2-IM-0333-0001.jpeg,iqp,2343.6171875,14.431936865140678,0.7693456658901959,32.2421875,0.17073547907266284,0.5050608091514616
NORMAL2-IM-0333-0001.jpeg,amplitude,319.796875,23.0820614528786,0.9419315366428437,2.734375,1.925929944387236e-33,
NORMAL2-IM-0333-0001.jpeg,entangled_angle,4837.4609375,11.284628897549878,0.5947213916754094,60.6484375,0.04327683481935014,0.7256822699553092
NORMAL2-IM-0335-0001.jpeg,basis,4938.9296875,11.194475174454027,0.7388310636926054,59.7890625,0.12995102926382462,
NORMAL2-IM-0335-0001.jpeg,angle,223.734375,24.63347645765891,0.9303865121226518,2.3359375,2.4266717299279172e-32,
NORMAL2-IM-0335-0001.jpeg,dense_angle,223.734375,24.63347645765891,0.9303865121226518,2.3359375,2.311115933264683e-33,
NORMAL2-IM-0335-0001.jpeg,iqp,5969.0703125,10.371736661861695,0.6461393236232079,72.1328125,0.1780487623926076,0.5120847355046649
NORMAL2-IM-0335-0001.jpeg,amplitude,223.734375,24.63347645765891,0.9303865121226518,2.3359375,0.0,
NORMAL2-IM-0335-0001.jpeg,entangled_angle,4757.26171875,11.357233162627411,0.6417298130496684,63.12109375,0.02719394113581864,0.7976392950272682
NORMAL2-IM-0336-0001.jpeg,basis,4781.4765625,11.33518329544099,0.6920020130903529,56.8515625,0.12306814387266629,
NORMAL2-IM-0336-0001.jpeg,angle,137.33203125,26.75308517202162,0.9624403277557227,3.23046875,1.4637067577342992e-32,
NORMAL2-IM-0336-0001.jpeg,dense_angle,137.33203125,26.75308517202162,0.9624403277557227,3.23046875,6.548161810916602e-33,
NORMAL2-IM-0336-0001.jpeg,iqp,7928.875,9.13868789685494,0.4349084999544677,67.5390625,0.18359448517415194,0.5052489220349461
NORMAL2-IM-0336-0001.jpeg,amplitude,137.33203125,26.75308517202162,0.9624403277557227,3.23046875,0.0,
NORMAL2-IM-0336-0001.jpeg,entangled_angle,3127.28515625,13.179128774057476,0.6705815873627923,48.08203125,0.0380033854355891,0.746614114675063
NORMAL2-IM-0337-0001.jpeg,basis,4197.703125,11.900686402312049,0.6591085621617103,49.171875,0.09112932407970098,
NORMAL2-IM-0337-0001.jpeg,angle,308.8359375,23.233525298589008,0.938820100547767,5.5625,2.8118577188053643e-32,
NORMAL2-IM-0337-0001.jpeg,dense_angle,308.8359375,23.233525298589008,0.938820100547767,5.5625,3.4666738998970245e-33,
NORMAL2-IM-0337-0001.jpeg,iqp,6674.27734375,9.886761114473074,0.4835277933689238,67.23046875,0.1917009945342359,0.5048431427779428
NORMAL2-IM-0337-0001.jpeg,amplitude,308.8359375,23.233525298589008,0.938820100547767,5.5625,0.0,
NORMAL2-IM-0337-0001.jpeg,entangled_angle,4415.01171875,11.681485002064848,0.5680235690297892,55.08203125,0.05987195342169177,0.6683750517553353
NORMAL2-IM-0338-0001.jpeg,basis,2064.7578125,14.982112428237828,0.7617884878575748,26.7421875,0.1361076776832031,
NORMAL2-IM-0338-0001.jpeg,angle,253.55859375,24.09002026382536,0.9205827355370486,5.23046875,2.850376317693109e-32,
NORMAL2-IM-0338-0001.jpeg,dense_angle,253.55859375,24.09002026382536,0.9205827355370486,5.23046875,5.007417855406813e-33,
NORMAL2-IM-0338-0001.jpeg,iqp,12348.4140625,7.214691772101068,0.42761423562711337,101.6796875,0.10807791842530406,0.509406250034923
NORMAL2-IM-0338-0001.jpeg,amplitude,253.55859375,24.09002026382536,0.9205827355370486,5.23046875,0.0,
NORMAL2-IM-0338-0001.jpeg,entangled_angle,2078.046875,14.95425021051837,0.6785378263407017,36.9296875,0.029623554179096824,0.7906823636999191
NORMAL2-IM-0339-0001.jpeg,basis,4135.01171875,11.966036161737225,0.8222103667225774,56.71484375,0.107296508725513,
NORMAL2-IM-0339-0001.jpeg,angle,345.51171875,22.746175789054494,0.942584808530422,3.73046875,3.505192498784769e-32,
NORMAL2-IM-0339-0001.jpeg,dense_angle,345.51171875,22.746175789054494,0.942584808530422,3.73046875,3.4666738998970245e-33,
NORMAL2-IM-0339-0001.jpeg,iqp,7617.84765625,9.312480775930664,0.5396838516403045,78.47265625,0.19830589182666247,0.5041488399212317
NORMAL2-IM-0339-0001.jpeg,amplitude,345.51171875,22.746175789054494,0.942584808530422,3.73046875,0.0,
NORMAL2-IM-0339-0001.jpeg,entangled_angle,5553.83984375,10.684870090364026,0.5967041189601064,67.19921875,0.03500573357895254,0.7532308162075916
NORMAL2-IM-0340-0001.jpeg,basis,7784.5859375,9.218448434938008,0.6935637627993618,78.0078125,0.12721491728039402,
NORMAL2-IM-0340-0001.jpeg,angle,238.15234375,24.3622550093807,0.8849873832133395,5.09765625,2.9755617640782794e-32,
NORMAL2-IM-0340-0001.jpeg,dense_angle,238.15234375,24.3622550093807,0.8849873832133395,5.09765625,5.3926038442842604e-33,
NORMAL2-IM-0340-0001.jpeg,iqp,7130.875,9.599375372774569,0.34835826756110516,68.703125,0.23266780276541746,0.5126288706858874
NORMAL2-IM-0340-0001.jpeg,amplitude,238.15234375,24.3622550093807,0.8849873832133395,5.09765625,7.703719777548943e-34,
NORMAL2-IM-0340-0001.jpeg,entangled_angle,4318.13671875,11.777839722308105,0.5005039587929421,56.14453125,0.038511684120954265,0.7750510667416342
NORMAL2-IM-0341-0001.jpeg,basis,6238.3359375,10.180116028427195,0.7231562784283505,70.6953125,0.09592088695393464,
NORMAL2-IM-0341-0001.jpeg,angle,195.7109375,25.21465263553489,0.9477391537406441,3.40625,7.896312771987667e-33,
NORMAL2-IM-0341-0001.jpeg,dense_angle,195.7109375,25.21465263553489,0.9477391537406441,3.40625,8.666684749742561e-34,
NORMAL2-IM-0341-0001.jpeg,iqp,8982.578125,8.596793577455955,0.4297363222441431,86.0078125,0.3485423786244709,0.5061641888393601
NORMAL2-IM-0341-0001.jpeg,amplitude,195.7109375,25.21465263553489,0.9477391537406441,3.40625,1.5407439555097887e-33,
NORMAL2-IM-0341-0001.jpeg,entangled_angle,5759.171875,10.527203211901945,0.5673065331976399,69.6640625,0.04313501127882238,0.6992255229944996
NORMAL2-IM-0343-0001.jpeg,basis,2809.26953125,13.644869519194415,0.7034903222193055,36.90234375,0.13200216082267036,
NORMAL2-IM-0343-0001.jpeg,angle,225.24609375,24.604230927485744,0.9318417729162072,5.73828125,2.9274135154685985e-32,
NORMAL2-IM-0343-0001.jpeg,dense_angle,225.24609375,24.604230927485744,0.9318417729162072,5.73828125,1.5407439555097887e-33,
NORMAL2-IM-0343-0001.jpeg,iqp,5285.0546875,10.900308753064712,0.538121759616207,49.6640625,0.17275752404009073,0.505423640661198
NORMAL2-IM-0343-0001.jpeg,amplitude,225.24609375,24.604230927485744,0.9318417729162072,5.73828125,0.0,
NORMAL2-IM-0343-0001.jpeg,entangled_angle,1242.1640625,17.1890140050814,0.6881438235545865,25.9375,0.02966026087942699,0.7847108916019574
NORMAL2-IM-0345-0001.jpeg,basis,3728.375,12.41560773645144,0.7998756994795164,50.65625,0.08532692838343914,
NORMAL2-IM-0345-0001.jpeg,angle,442.0390625,21.67619711702971,0.9102894508806098,9.9375,7.472608184222475e-32,
NORMAL2-IM-0345-0001.jpeg,dense_angle,442.0390625,21.67619711702971,0.9102894508806098,9.9375,1.1940765655200862e-32,
NORMAL2-IM-0345-0001.jpeg,iqp,9526.73828125,8.341361264333774,0.44282749366069823,88.24609375,0.18445177833271065,0.5039249281448993
NORMAL2-IM-0345-0001.jpeg,amplitude,442.0390625,21.67619711702971,0.9102894508806098,9.9375,0.0,
NORMAL2-IM-0345-0001.jpeg,entangled_angle,6400.90234375,10.068391594952766,0.5262238136581684,69.48046875,0.04960077632833792,0.688633253527142
NORMAL2-IM-0346-0001.jpeg,basis,3336.28515625,12.898171976512343,0.7960515541659529,44.83984375,0.09532790016126746,
NORMAL2-IM-0346-0001.jpeg,angle,365.87890625,22.49742988722915,0.9421915622049856,4.43359375,2.5037089277034066e-32,
NORMAL2-IM-0346-0001.jpeg,dense_angle,365.87890625,22.49742988722915,0.9421915622049856,4.43359375,1.5407439555097887e-32,
NORMAL2-IM-0346-0001.jpeg,iqp,3883.3359375,12.238753989873803,0.7901324566319852,34.25,0.1890776398305839,0.508882000590259
NORMAL2-IM-0346-0001.jpeg,amplitude,365.87890625,22.49742988722915,0.9421915622049856,4.43359375,0.0,
NORMAL2-IM-0346-0001.jpeg,entangled_angle,4583.9921875,11.518364920762318,0.5782128676914923,53.34375,0.05313619482721303,0.6876415839537755
NORMAL2-IM-0347-0001.jpeg,basis,6607.28125,9.930575671936415,0.7300638069837467,74.9375,0.1193637443175607,
NORMAL2-IM-0347-0001.jpeg,angle,211.4453125,24.878822990886988,0.9432850905658746,3.078125,3.7844523407209185e-32,
NORMAL2-IM-0347-0001.jpeg,dense_angle,211.4453125,24.878822990886988,0.9432850905658746,3.078125,1.925929944387236e-33,
NORMAL2-IM-0347-0001.jpeg,iqp,3397.36328125,12.819383722531967,0.7233218971064516,41.16015625,0.13595437598705273,0.5085594073462041
NORMAL2-IM-0347-0001.jpeg,amplitude,211.4453125,24.878822990886988,0.9432850905658746,3.078125,3.851859888774472e-34,
NORMAL2-IM-0347-0001.jpeg,entangled_angle,4840.09375,11.282265870926382,0.6227068792557146,63.546875,0.0298796043705947,0.7709807490921012
NORMAL2-IM-0348-0001.jpeg,basis,8065.640625,9.064414933148866,0.5595845703907983,75.3125,0.13744723563876893,
NORMAL2-IM-0348-0001.jpeg,angle,386.61328125,22.25803591686205,0.8985544206030879,6.35546875,5.161492250957792e-32,
NORMAL2-IM-0348-0001.jpeg,dense_angle,386.61328125,22.25803591686205,0.8985544206030879,6.35546875,2.311115933264683e-33,
NORMAL2-IM-0348-0001.jpeg,iqp,6900.84765625,9.741779208811657,0.48849847806216723,75.57421875,0.23681170286210015,0.5058620894078141
NORMAL2-IM-0348-0001.jpeg,amplitude,386.61328125,22.25803591686205,0.8985544206030879,6.35546875,0.0,
NORMAL2-IM-0348-0001.jpeg,entangled_angle,4183.32421875,11.915588360057889,0.6330689878274722,57.56640625,0.02427636861044865,0.8172141151204283
NORMAL2-IM-0349-0001.jpeg,basis,6156.953125,10.237145136969799,0.6506998261940952,68.1484375,0.1331405874823971,
NORMAL2-IM-0349-0001.jpeg,angle,327.55078125,22.97801721251503,0.8954780387887389,3.47265625,9.340760230278094e-33,
NORMAL2-IM-0349-0001.jpeg,dense_angle,327.55078125,22.97801721251503,0.8954780387887389,3.47265625,4.622231866529366e-33,
NORMAL2-IM-0349-0001.jpeg,iqp,7825.16796875,9.195866923339826,0.2551987635703857,67.33984375,0.20274378125654663,0.5069191681756589
NORMAL2-IM-0349-0001.jpeg,amplitude,327.55078125,22.97801721251503,0.8954780387887389,3.47265625,0.0,
NORMAL2-IM-0349-0001.jpeg,entangled_angle,5855.6640625,10.455042074329148,0.5574879863889419,69.265625,0.029510740585626742,0.7768662034600993
NORMAL2-IM-0350-0001.jpeg,basis,5228.2109375,10.94727259552322,0.7429096881428526,63.3515625,0.11693056016401138,
NORMAL2-IM-0350-0001.jpeg,angle,302.68359375,23.32091479181047,0.9078901808916604,4.26953125,1.502225356622044e-32,
NORMAL2-IM-0350-0001.jpeg,dense_angle,302.68359375,23.32091479181047,0.9078901808916604,4.26953125,7.318533788671496e-33,
NORMAL2-IM-0350-0001.jpeg,iqp,6051.94140625,10.31185646253292,0.5690494093590831,67.08203125,0.23441424432803373,0.5104405046094311
NORMAL2-IM-0350-0001.jpeg,amplitude,302.68359375,23.32091479181047,0.9078901808916604,4.26953125,3.851859888774472e-34,
NORMAL2-IM-0350-0001.jpeg,entangled_angle,5283.57421875,10.901525484995908,0.5801919183032989,62.63671875,0.03861454966937305,0.7541553097076819
NORMAL2-IM-0351-0001.jpeg,basis,9401.6015625,8.39878518916151,0.6413554503700489,84.7265625,0.13386432335089715,
NORMAL2-IM-0351-0001.jpeg,angle,141.83984375,26.612821166912234,0.960762869014763,2.64453125,6.548161810916602e-33,
NORMAL2-IM-0351-0001.jpeg,dense_angle,141.83984375,26.612821166912234,0.960762869014763,2.64453125,1.925929944387236e-33,
NORMAL2-IM-0351-0001.jpeg,iqp,5112.390625,11.044563310930158,0.5094030286095275,57.984375,0.16877804954592635,0.5093148757734536
NORMAL2-IM-0351-0001.jpeg,amplitude,141.83984375,26.612821166912234,0.960762869014763,2.64453125,0.0,
NORMAL2-IM-0351-0001.jpeg,entangled_angle,3119.54296875,13.189893888651445,0.6891496356693401,48.44921875,0.02601579883108144,0.8103046778057231
NORMAL2-IM-0352-0001.jpeg,basis,5951.234375,10.384733066265007,0.7659820228966844,70.84375,0.12104890238966703,
NORMAL2-IM-0352-0001.jpeg,angle,223.5390625,24.637269356555937,0.9360913249093832,4.453125,3.0814879110195774e-33,
NORMAL2-IM-0352-0001.jpeg,dense_angle,223.5390625,24.637269356555937,0.9360913249093832,4.453125,2.4074124304840448e-33,
NORMAL2-IM-0352-0001.jpeg,iqp,8082.0390625,9.055594157032258,0.5160885763323517,81.7578125,0.305151238952041,0.5049710520462853
NORMAL2-IM-0352-0001.jpeg,amplitude,223.5390625,24.637269356555937,0.9360913249093832,4.453125,3.851859888774472e-34,
NORMAL2-IM-0352-0001.jpeg,entangled_angle,5495.1328125,10.731021674680301,0.6073929938928085,67.125,0.032505803322908526,0.7473891164440057
NORMAL2-IM-0353-0001.jpeg,basis,7935.17578125,9.135238091114688,0.5306460383489668,79.17578125,0.11739117670696148,
NORMAL2-IM-0353-0001.jpeg,angle,315.12109375,23.146028856767348,0.9144238532025136,5.07421875,1.5118550063439801e-32,
NORMAL2-IM-0353-0001.jpeg,dense_angle,315.12109375,23.146028856767348,0.9144238532025136,5.07421875,3.4666738998970245e-33,
NORMAL2-IM-0353-0001.jpeg,iqp,9073.97265625,8.552828946504574,0.46982140801837685,89.02734375,0.25109122904158293,0.5036935877319464
NORMAL2-IM-0353-0001.jpeg,amplitude,315.12109375,23.146028856767348,0.9144238532025136,5.07421875,4.81482486096809e-34,
NORMAL2-IM-0353-0001.jpeg,entangled_angle,6257.34765625,10.166900759564667,0.5819919034660854,72.69140625,0.03498421828711739,0.7563334199431637
NORMAL2-IM-0354-0001.jpeg,basis,8655.60546875,8.757829082359317,0.5940220328242697,79.09765625,0.11519749741193797,
NORMAL2-IM-0354-0001.jpeg,angle,387.5625,22.247386121768848,0.9293628663235893,3.78125,8.474091755303838e-33,
NORMAL2-IM-0354-0001.jpeg,dense_angle,387.5625,22.247386121768848,0.9293628663235893,3.78125,3.0814879110195774e-33,
NORMAL2-IM-0354-0001.jpeg,iqp,4575.5546875,11.52636610417791,0.5191398820998632,50.8984375,0.1444140022671785,0.5055581544930604
NORMAL2-IM-0354-0001.jpeg,amplitude,387.5625,22.247386121768848,0.9293628663235893,3.78125,1.925929944387236e-33,
NORMAL2-IM-0354-0001.jpeg,entangled_angle,4064.625,12.040598768525069,0.6088548315913098,54.625,0.035474597195946936,0.7605480821185372
NORMAL2-IM-0357-0001.jpeg,basis,5191.1640625,10.978156062498002,0.7343884467859998,59.1796875,0.13134300141730781,
NORMAL2-IM-0357-0001.jpeg,angle,468.109375,21.427330218767707,0.9081664673577918,6.1171875,1.8180778675015506e-31,
NORMAL2-IM-0357-0001.jpeg,dense_angle,468.109375,21.427330218767707,0.9081664673577918,6.1171875,3.0814879110195774e-33,
NORMAL2-IM-0357-0001.jpeg,iqp,2689.3671875,13.834302590468823,0.6305728714551253,35.859375,0.16614557507000502,0.502549938067764
NORMAL2-IM-0357-0001.jpeg,amplitude,468.109375,21.427330218767707,0.9081664673577918,6.1171875,0.0,
NORMAL2-IM-0357-0001.jpeg,entangled_angle,2745.74609375,13.744199864455492,0.6328384076336075,41.80078125,0.04219895506331611,0.7494529715651947
NORMAL2-IM-0359-0001.jpeg,basis,8298.75390625,8.94067474789084,0.5586616340037168,82.20703125,0.11303409590576996,
NORMAL2-IM-0359-0001.jpeg,angle,320.109375,23.0778196741373,0.8635241163978457,6.0,7.703719777548943e-33,
NORMAL2-IM-0359-0001.jpeg,dense_angle,320.109375,23.0778196741373,0.8635241163978457,6.0,3.177784408238939e-33,
NORMAL2-IM-0359-0001.jpeg,iqp,4668.375,11.439146262003545,0.5289070666087994,58.953125,0.1448700681042509,0.5088335332217266
NORMAL2-IM-0359-0001.jpeg,amplitude,320.109375,23.0778196741373,0.8635241163978457,6.0,3.851859888774472e-34,
NORMAL2-IM-0359-0001.jpeg,entangled_angle,3864.1328125,12.26028315913113,0.6247622765614681,55.0390625,0.027880016815359197,0.772632385623854
NORMAL2-IM-0360-0001.jpeg,basis,4188.2421875,11.910485738081661,0.7143205349005075,51.3828125,0.10973620189281585,
NORMAL2-IM-0360-0001.jpeg,angle,431.984375,21.776123223261497,0.8738628123249101,5.9921875,3.274080905458301e-33,
NORMAL2-IM-0360-0001.jpeg,dense_angle,431.984375,21.776123223261497,0.8738628123249101,5.9921875,5.103714352626175e-33,
NORMAL2-IM-0360-0001.jpeg,iqp,5535.421875,10.699296352010432,0.5697779392837158,63.703125,0.3149522319043351,0.5057488548080593
NORMAL2-IM-0360-0001.jpeg,amplitude,431.984375,21.776123223261497,0.8738628123249101,5.9921875,5.7777898331617076e-34,
NORMAL2-IM-0360-0001.jpeg,entangled_angle,5177.30078125,10.989769643151483,0.5950881404151175,65.50390625,0.04051300324803769,0.7147260409041545
NORMAL2-IM-0361-0001.jpeg,basis,4468.56640625,11.629121446073349,0.6669272741741383,56.53515625,0.09857099154312579,
NORMAL2-IM-0361-0001.jpeg,angle,284.9921875,23.5824740602482,0.9172737885642388,4.109375,6.413346714809495e-32,
NORMAL2-IM-0361-0001.jpeg,dense_angle,284.9921875,23.5824740602482,0.9172737885642388,4.109375,6.066679324819793e-33,
NORMAL2-IM-0361-0001.jpeg,iqp,9288.25,8.45146464628425,0.440256732660581,88.8828125,0.2885549558990272,0.5122653045655912
NORMAL2-IM-0361-0001.jpeg,amplitude,284.9921875,23.5824740602482,0.9172737885642388,4.109375,0.0,
NORMAL2-IM-0361-0001.jpeg,entangled_angle,7893.54296875,9.158083834620665,0.5395802950906686,84.20703125,0.043864544562096826,0.6810625103973995
NORMAL2-IM-0362-0001.jpeg,basis,7783.125,9.219263554256532,0.669651614498843,76.8828125,0.14024747518276337,
NORMAL2-IM-0362-0001.jpeg,angle,185.84765625,25.439232723482466,0.9256572848588895,3.28515625,1.3096323621833204e-32,
NORMAL2-IM-0362-0001.jpeg,dense_angle,185.84765625,25.439232723482466,0.9256572848588895,3.28515625,5.3926038442842604e-33,
NORMAL2-IM-0362-0001.jpeg,iqp,5819.11328125,10.482235491388561,0.4537221566724037,65.41015625,0.15364205338476197,0.5099236217462313
NORMAL2-IM-0362-0001.jpeg,amplitude,185.84765625,25.439232723482466,0.9256572848588895,3.28515625,0.0,
NORMAL2-IM-0362-0001.jpeg,entangled_angle,3227.01171875,13.042798183399835,0.6805306654303221,50.41015625,0.021262955151785005,0.8359236009619309
NORMAL2-IM-0364-0001.jpeg,basis,9214.13671875,8.486257088706997,0.6484004779177017,83.35546875,0.12550521494997402,
NORMAL2-IM-0364-0001.jpeg,angle,212.296875,24.861367594491778,0.9320102997499826,4.3046875,9.629649721936179e-33,
NORMAL2-IM-0364-0001.jpeg,dense_angle,212.296875,24.861367594491778,0.9320102997499826,4.3046875,3.4666738998970245e-33,
NORMAL2-IM-0364-0001.jpeg,iqp,1094.8203125,17.73737514471048,0.8363016600244992,23.2265625,0.10088180386965112,0.508183612144497
NORMAL2-IM-0364-0001.jpeg,amplitude,212.296875,24.861367594491778,0.9320102997499826,4.3046875,0.0,
NORMAL2-IM-0364-0001.jpeg,entangled_angle,2580.19921875,14.014271214691705,0.6766358290474231,43.56640625,0.03027753418593822,0.7789660650033957
NORMAL2-IM-0366-0001.jpeg,basis,9378.51953125,8.409460736779756,0.6131323412045009,84.33984375,0.1321159338176664,
NORMAL2-IM-0366-0001.jpeg,angle,250.09765625,24.149707390392926,0.9346249707559712,3.68359375,1.9259299443872359e-32,
NORMAL2-IM-0366-0001.jpeg,dense_angle,250.09765625,24.149707390392926,0.9346249707559712,3.68359375,4.622231866529366e-33,
NORMAL2-IM-0366-0001.jpeg,iqp,4611.0234375,11.492830311553233,0.5066394819414849,48.265625,0.1476701893545404,0.5106529243811795
NORMAL2-IM-0366-0001.jpeg,amplitude,250.09765625,24.149707390392926,0.9346249707559712,3.68359375,0.0,
NORMAL2-IM-0366-0001.jpeg,entangled_angle,3374.6953125,12.848457926114673,0.6492090680914625,49.4609375,0.026541403050436476,0.7988636363352365
NORMAL2-IM-0368-0001.jpeg,basis,6678.5546875,9.883978743142377,0.6993890649555055,68.1875,0.1508451393053346,
NORMAL2-IM-0368-0001.jpeg,angle,408.44921875,22.019422911562856,0.8932877524429739,5.46484375,1.1555579666323415e-32,
NORMAL2-IM-0368-0001.jpeg,dense_angle,408.44921875,22.019422911562856,0.8932877524429739,5.46484375,2.6963019221421302e-33,
NORMAL2-IM-0368-0001.jpeg,iqp,2449.16015625,14.24063175293467,0.6485988165608322,28.02734375,0.17084781816495412,0.5165235356548511
NORMAL2-IM-0368-0001.jpeg,amplitude,408.44921875,22.019422911562856,0.8932877524429739,5.46484375,0.0,
NORMAL2-IM-0368-0001.jpeg,entangled_angle,4033.41015625,12.074079733411088,0.6306083840482133,56.58203125,0.02276272471752603,0.821922359855481
NORMAL2-IM-0369-0001.jpeg,basis,8757.53125,8.706986651575585,0.5915401296380692,81.4296875,0.12767711193267917,
NORMAL2-IM-0369-0001.jpeg,angle,182.703125,25.513343851702757,0.9445989505467441,2.6328125,2.69630192214213e-32,
NORMAL2-IM-0369-0001.jpeg,dense_angle,182.703125,25.513343851702757,0.9445989505467441,2.6328125,1.925929944387236e-33,
NORMAL2-IM-0369-0001.jpeg,iqp,5892.5859375,10.427744358726718,0.4711203535329448,63.5390625,0.18820187089527213,0.5138818828264354
NORMAL2-IM-0369-0001.jpeg,amplitude,182.703125,25.513343851702757,0.9445989505467441,2.6328125,3.851859888774472e-34,
NORMAL2-IM-0369-0001.jpeg,entangled_angle,3685.99609375,12.465254902300313,0.6312044961658525,52.51953125,0.029731846932794403,0.796540055714998
NORMAL2-IM-0370-0001.jpeg,basis,5972.09375,10.369537442013755,0.7681148084310108,68.3359375,0.12454198203332756,
NORMAL2-IM-0370-0001.jpeg,angle,383.0703125,22.298018648937582,0.9277483367442819,3.515625,2.8118577188053643e-32,
NORMAL2-IM-0370-0001.jpeg,dense_angle,383.0703125,22.298018648937582,0.9277483367442819,3.515625,5.3926038442842604e-33,
NORMAL2-IM-0370-0001.jpeg,iqp,6984.80859375,9.689258513220956,0.48682034717141937,76.02734375,0.18462346985169326,0.5041066913590141
NORMAL2-IM-0370-0001.jpeg,amplitude,383.0703125,22.298018648937582,0.9277483367442819,3.515625,3.851859888774472e-34,
NORMAL2-IM-0370-0001.jpeg,entangled_angle,4018.16796875,12.090522735585818,0.624930687947005,55.91015625,0.03223413426501784,0.7708105443488728
NORMAL2-IM-0372-0001.jpeg,basis,6008.65625,10.343030017537252,0.7086625220226678,68.3046875,0.12050304205361242,
NORMAL2-IM-0372-0001.jpeg,angle,391.78125,22.20036713324528,0.9096825821756428,3.7734375,8.859277744181285e-33,
NORMAL2-IM-0372-0001.jpeg,dense_angle,391.78125,22.20036713324528,0.9096825821756428,3.7734375,2.311115933264683e-33,
NORMAL2-IM-0372-0001.jpeg,iqp,9045.78515625,8.566340921344556,0.4151033727443002,85.11328125,0.24913588657913377,0.5041553707375543
NORMAL2-IM-0372-0001.jpeg,amplitude,391.78125,22.20036713324528,0.9096825821756428,3.7734375,0.0,
NORMAL2-IM-0372-0001.jpeg,entangled_angle,5479.07421875,10.743731775028724,0.5568102578187991,64.67578125,0.0419388640753874,0.7447046056925783
NORMAL2-IM-0373-0001.jpeg,basis,9063.8984375,8.557653303277103,0.4844018666828675,82.6875,0.15295766460816285,
NORMAL2-IM-0373-0001.jpeg,angle,306.23828125,23.27020882224581,0.87242864586687,6.99609375,3.4666738998970245e-33,
NORMAL2-IM-0373-0001.jpeg,dense_angle,306.23828125,23.27020882224581,0.87242864586687,6.99609375,3.0814879110195774e-33,
NORMAL2-IM-0373-0001.jpeg,iqp,1555.8671875,16.211078390353503,0.5804015492765788,15.1328125,0.10511360951453201,0.520697430025967
NORMAL2-IM-0373-0001.jpeg,amplitude,306.23828125,23.27020882224581,0.87242864586687,6.99609375,7.703719777548943e-34,
NORMAL2-IM-0373-0001.jpeg,entangled_angle,1601.27734375,16.08613801947582,0.6547728873299716,32.47265625,0.017992643868165726,0.8272114813530812
NORMAL2-IM-0374-0001-0001.jpeg,basis,4887.5,11.239935904639871,0.7800075576047591,60.5390625,0.12381766408344252,
NORMAL2-IM-0374-0001-0001.jpeg,angle,290.0,23.506823629689542,0.9276123376405101,3.328125,3.0814879110195774e-33,
NORMAL2-IM-0374-0001-0001.jpeg,dense_angle,290.0,23.506823629689542,0.9276123376405101,3.328125,1.925929944387236e-33,
NORMAL2-IM-0374-0001-0001.jpeg,iqp,5338.5,10.856611138083831,0.6598191450109315,66.4609375,0.1448700559383667,0.5070675053402935
NORMAL2-IM-0374-0001-0001.jpeg,amplitude,290.0,23.506823629689542,0.9276123376405101,3.328125,0.0,
NORMAL2-IM-0374-0001-0001.jpeg,entangled_angle,4764.86328125,11.350299169744746,0.627388123697476,62.54296875,0.030157482618508365,0.7846358162079762
NORMAL2-IM-0374-0001-0002.jpeg,basis,8294.77734375,8.94275628093855,0.5930653422195455,74.91015625,0.1448770401848044,
NORMAL2-IM-0374-0001-0002.jpeg,angle,193.046875,25.274175851136995,0.9553850629289858,3.0390625,1.1170393677445968e-32,
NORMAL2-IM-0374-0001-0002.jpeg,dense_angle,193.046875,25.274175851136995,0.9553850629289858,3.0390625,9.629649721936179e-33,
NORMAL2-IM-0374-0001-0002.jpeg,iqp,6161.1171875,10.234208914998245,0.47823277950972803,60.1796875,0.2339044895505372,0.524788738999556
NORMAL2-IM-0374-0001-0002.jpeg,amplitude,193.046875,25.274175851136995,0.9553850629289858,3.0390625,3.851859888774472e-34,
NORMAL2-IM-0374-0001-0002.jpeg,entangled_angle,4309.81640625,11.786215908117729,0.6538910729332748,58.44921875,0.028636443597259573,0.8044407516412473
NORMAL2-IM-0374-0001.jpeg,basis,3595.2890625,12.57346547316775,0.809018611282428,50.15625,0.10375838340691612,
NORMAL2-IM-0374-0001.jpeg,angle,271.10546875,23.799420825939798,0.942328875455181,3.48828125,7.395570986446986e-32,
NORMAL2-IM-0374-0001.jpeg,dense_angle,271.10546875,23.799420825939798,0.942328875455181,3.48828125,1.0785207688568521e-32,
NORMAL2-IM-0374-0001.jpeg,iqp,5925.83203125,10.403310237028027,0.5430889128036618,65.51953125,0.15731737155505787,0.505268296682994
NORMAL2-IM-0374-0001.jpeg,amplitude,271.10546875,23.799420825939798,0.942328875455181,3.48828125,1.5407439555097887e-33,
NORMAL2-IM-0374-0001.jpeg,entangled_angle,3598.8359375,12.569183122318108,0.614143041501781,48.703125,0.05030029975100728,0.7026741508801593
NORMAL2-IM-0376-0001.jpeg,basis,8197.37109375,8.994057648907322,0.6191291748865454,78.33984375,0.11996666197558659,
NORMAL2-IM-0376-0001.jpeg,angle,230.09765625,24.511681658536606,0.9349474209439501,3.98046875,1.653410857256442e-31,
NORMAL2-IM-0376-0001.jpeg,dense_angle,230.09765625,24.511681658536606,0.9349474209439501,3.98046875,9.629649721936179e-33,
NORMAL2-IM-0376-0001.jpeg,iqp,7771.1640625,9.22594283115266,0.3055189383642862,65.9375,0.28108033805796734,0.5074508608664194
NORMAL2-IM-0376-0001.jpeg,amplitude,230.09765625,24.511681658536606,0.9349474209439501,3.98046875,1.5407439555097887e-33,
NORMAL2-IM-0376-0001.jpeg,entangled_angle,4537.92578125,11.562229722403604,0.5040369809773896,55.96484375,0.046946514277337814,0.76252721732686
NORMAL2-IM-0378-0001.jpeg,basis,11742.13671875,7.43333228119314,0.6054495538198873,96.74609375,0.148531309034177,
NORMAL2-IM-0378-0001.jpeg,angle,191.4296875,25.31071070490681,0.9464089283671955,2.1328125,4.198527278764174e-32,
NORMAL2-IM-0378-0001.jpeg,dense_angle,191.4296875,25.31071070490681,0.9464089283671955,2.1328125,3.0814879110195774e-33,
NORMAL2-IM-0378-0001.jpeg,iqp,3266.13671875,12.990460007501905,0.5796911671881808,46.46484375,0.07023799087832772,0.5080997825982395
NORMAL2-IM-0378-0001.jpeg,amplitude,191.4296875,25.31071070490681,0.9464089283671955,2.1328125,3.851859888774472e-34,
NORMAL2-IM-0378-0001.jpeg,entangled_angle,2085.42578125,14.938856226281088,0.6944724695862612,37.10546875,0.027447173775637816,0.8096645434629919
NORMAL2-IM-0380-0001.jpeg,basis,2783.5,13.684891352249531,0.8370395769891933,43.5625,0.07907025510091842,
NORMAL2-IM-0380-0001.jpeg,angle,315.97265625,23.13430859748103,0.9320694516875642,4.30859375,2.744450170751811e-32,
NORMAL2-IM-0380-0001.jpeg,dense_angle,315.97265625,23.13430859748103,0.9320694516875642,4.30859375,1.925929944387236e-33,
NORMAL2-IM-0380-0001.jpeg,iqp,6722.83203125,9.85528100247211,0.5039090040598959,69.33984375,0.30661640207495683,0.5069008690295942
NORMAL2-IM-0380-0001.jpeg,amplitude,315.97265625,23.13430859748103,0.9320694516875642,4.30859375,3.0814879110195774e-33,
NORMAL2-IM-0380-0001.jpeg,entangled_angle,6254.1640625,10.169110911717606,0.5008464014509628,68.0078125,0.06712190058480312,0.6520675502381273
NORMAL2-IM-0381-0001.jpeg,basis,3441.7890625,12.762961107390787,0.7626095089505947,46.359375,0.10865809340651128,
NORMAL2-IM-0381-0001.jpeg,angle,229.62890625,24.52053803645976,0.9336055767784417,4.46484375,3.562970397116386e-33,
NORMAL2-IM-0381-0001.jpeg,dense_angle,229.62890625,24.52053803645976,0.9336055767784417,4.46484375,2.792598419361492e-33,
NORMAL2-IM-0381-0001.jpeg,iqp,5931.90234375,10.398863681945743,0.5201638069319025,66.71484375,0.2321523281940695,0.5059058052971854
NORMAL2-IM-0381-0001.jpeg,amplitude,229.62890625,24.52053803645976,0.9336055767784417,4.46484375,1.5407439555097887e-33,
NORMAL2-IM-0381-0001.jpeg,entangled_angle,5710.9296875,10.563735476684231,0.5866731280986188,68.4765625,0.04206483631532313,0.7160757240073119
person100_bacteria_475.jpeg,basis,8934.00390625,8.620342228437485,0.5066146295496662,81.27734375,0.15100774558958208,
person100_bacteria_475.jpeg,angle,389.60546875,22.224553165851543,0.8248895510580344,4.32421875,2.04148574105047e-32,
person100_bacteria_475.jpeg,dense_angle,389.60546875,22.224553165851543,0.8248895510580344,4.32421875,3.851859888774472e-34,
person100_bacteria_475.jpeg,iqp,4749.06640625,11.36472118498715,0.4641350173321976,56.66796875,0.24733513896103818,0.5092556573973314
person100_bacteria_475.jpeg,amplitude,389.60546875,22.224553165851543,0.8248895510580344,4.32421875,7.703719777548943e-34,
person100_bacteria_475.jpeg,entangled_angle,3681.87109375,12.470117815486553,0.524979013641362,51.60546875,0.02128794052022432,0.8374187168188084
person100_bacteria_477.jpeg,basis,4686.109375,11.422679399435836,0.5292083352272773,48.59375,0.1841616339583132,
person100_bacteria_477.jpeg,angle,178.34765625,25.61812954423031,0.8734289824523023,3.10546875,2.619264724366641e-32,
person100_bacteria_477.jpeg,dense_angle,178.34765625,25.61812954423031,0.8734289824523023,3.10546875,3.851859888774472e-33,
person100_bacteria_477.jpeg,iqp,1665.98828125,15.914084186629037,0.5640454237556748,33.22265625,0.22398494007537031,0.5063753048517701
person100_bacteria_477.jpeg,amplitude,178.34765625,25.61812954423031,0.8734289824523023,3.10546875,3.851859888774472e-34,
person100_bacteria_477.jpeg,entangled_angle,411.82421875,21.98368477643203,0.8160501497108881,12.33203125,0.0072879916015486605,0.9247601348792411
person100_bacteria_478.jpeg,basis,8350.15625,8.91385758692344,0.32474857714460226,64.4921875,0.10865167819166568,
person100_bacteria_478.jpeg,angle,756.5078125,19.342669435012752,0.8240358285809652,7.5859375,1.6394478651596345e-32,
person100_bacteria_478.jpeg,dense_angle,756.5078125,19.342669435012752,0.8240358285809652,7.5859375,1.2518544638517033e-32,
person100_bacteria_478.jpeg,iqp,5964.06640625,10.375378904552665,0.440828429904313,54.35546875,0.30543850692820285,0.5333454871806286
person100_bacteria_478.jpeg,amplitude,756.5078125,19.342669435012752,0.8240358285809652,7.5859375,0.0,
person100_bacteria_478.jpeg,entangled_angle,6980.1640625,9.692147304222448,0.4224351395900886,72.8828125,0.05844175742461269,0.6583196071784725
person100_bacteria_479.jpeg,basis,13673.1796875,6.772108397048468,0.28935234266928306,111.0234375,0.15934806958379932,
person100_bacteria_479.jpeg,angle,167.87890625,25.880842297967504,0.8871164945211655,4.68359375,3.813341289886727e-32,
person100_bacteria_479.jpeg,dense_angle,167.87890625,25.880842297967504,0.8871164945211655,4.68359375,4.237045877651919e-33,
person100_bacteria_479.jpeg,iqp,944.40625,18.37921508327877,0.7453422590409964,8.0390625,0.11225647895304021,0.5127126917704404
person100_bacteria_479.jpeg,amplitude,167.87890625,25.880842297967504,0.8871164945211655,4.68359375,1.5407439555097887e-33,
person100_bacteria_479.jpeg,entangled_angle,3070.3046875,13.258988852167754,0.6467595350861639,49.859375,0.015464305110713773,0.8645963236117047
person100_bacteria_480.jpeg,basis,1586.56640625,16.126221065150723,0.6397364676257897,18.72265625,0.15174309798651453,
person100_bacteria_480.jpeg,angle,124.578125,27.176385707584405,0.9215587142234347,2.5234375,2.946672814912471e-32,
person100_bacteria_480.jpeg,dense_angle,124.578125,27.176385707584405,0.9215587142234347,2.5234375,8.666684749742561e-34,
person100_bacteria_480.jpeg,iqp,3772.56640625,12.364434677246932,0.2838236426187786,24.27734375,0.325923504286896,0.5103897973688242
person100_bacteria_480.jpeg,amplitude,124.578125,27.176385707584405,0.9215587142234347,2.5234375,3.851859888774472e-34,
person100_bacteria_480.jpeg,entangled_angle,3597.93359375,12.570272174598461,0.5701733203379369,51.99609375,0.02792124801161984,0.774392251801393
person100_bacteria_481.jpeg,basis,5869.3125,10.444931275832452,0.5876977359147534,62.0703125,0.15921646664404077,
person100_bacteria_481.jpeg,angle,201.71484375,25.083425027071232,0.8934402273435619,3.43359375,2.2725973343769383e-32,
person100_bacteria_481.jpeg,dense_angle,201.71484375,25.083425027071232,0.8934402273435619,3.43359375,2.6963019221421302e-33,
person100_bacteria_481.jpeg,iqp,2532.75390625,14.094873670307063,0.665009996973067,40.58984375,0.172042784735086,0.5210790037619173
person100_bacteria_481.jpeg,amplitude,201.71484375,25.083425027071232,0.8934402273435619,3.43359375,3.851859888774472e-34,
person100_bacteria_481.jpeg,entangled_angle,2767.22265625,13.710362561214797,0.634001339817004,46.05078125,0.01744356526029662,0.8456468811965723
person100_bacteria_482.jpeg,basis,4709.18359375,11.401347385504259,0.594945973887605,54.87890625,0.12797666936516772,
person100_bacteria_482.jpeg,angle,349.52734375,22.6959920431919,0.8586924270897909,3.64453125,1.232595164407831e-32,
person100_bacteria_482.jpeg,dense_angle,349.52734375,22.6959920431919,0.8586924270897909,3.64453125,3.0814879110195774e-33,
person100_bacteria_482.jpeg,iqp,4176.6328125,11.922540648018888,0.2437982386052593,34.375,0.15660362258698096,0.5134547301538162
person100_bacteria_482.jpeg,amplitude,349.52734375,22.6959920431919,0.8586924270897909,3.64453125,0.0,
person100_bacteria_482.jpeg,entangled_angle,3246.51171875,13.016633860080422,0.5097749856962078,46.44140625,0.03270810720102828,0.7682598808204222
person101_bacteria_483.jpeg,basis,5494.5625,10.73147243071109,0.4882426780481935,67.1796875,0.11744864087695495,
person101_bacteria_483.jpeg,angle,149.64453125,26.380195106662768,0.9110920252458208,2.93359375,1.4733364074562354e-32,
person101_bacteria_483.jpeg,dense_angle,149.64453125,26.380195106662768,0.9110920252458208,2.93359375,5.7777898331617076e-33,
person101_bacteria_483.jpeg,iqp,10901.07421875,7.756110643687223,0.34050521156288904,94.37109375,0.1636358245934965,0.5062340342615992
person101_bacteria_483.jpeg,amplitude,149.64453125,26.380195106662768,0.9110920252458208,2.93359375,3.851859888774472e-34,
person101_bacteria_483.jpeg,entangled_angle,9491.453125,8.357476536189521,0.5308878821742254,93.453125,0.03581524195407998,0.7319030614903668
person101_bacteria_484.jpeg,basis,1955.86328125,15.217418674070775,0.7851968604963853,36.25390625,0.1123022259462666,
person101_bacteria_484.jpeg,angle,381.32421875,22.317859717089434,0.8884467388774386,6.06640625,1.7814851985581932e-32,
person101_bacteria_484.jpeg,dense_angle,381.32421875,22.317859717089434,0.8884467388774386,6.06640625,4.81482486096809e-34,
person101_bacteria_484.jpeg,iqp,6040.6640625,10.319956767456723,0.4447145399354317,57.4921875,0.26576086193254655,0.505219757801302
person101_bacteria_484.jpeg,amplitude,381.32421875,22.317859717089434,0.8884467388774386,6.06640625,1.5407439555097887e-33,
person101_bacteria_484.jpeg,entangled_angle,7737.375,9.244867149623527,0.49325685028801713,80.2109375,0.04711789482930588,0.6714775769042527
person101_bacteria_485.jpeg,basis,10538.26171875,7.903113807517038,0.5261432160360474,96.40234375,0.14982541529705928,
person101_bacteria_485.jpeg,angle,126.8359375,27.098380375537584,0.9122422057399708,3.375,1.0400021699691074e-32,
person101_bacteria_485.jpeg,dense_angle,126.8359375,27.098380375537584,0.9122422057399708,3.375,3.4666738998970245e-33,
person101_bacteria_485.jpeg,iqp,3719.3984375,12.426076565775151,0.5395817497702319,51.2421875,0.19826698086308175,0.5132468204719935
person101_bacteria_485.jpeg,amplitude,126.8359375,27.098380375537584,0.9122422057399708,3.375,3.851859888774472e-34,
person101_bacteria_485.jpeg,entangled_angle,3128.9921875,13.176758820713097,0.6741593155974905,50.9375,0.019282410843419525,0.8206812867507044
person101_bacteria_486.jpeg,basis,9017.6875,8.5798517972849,0.33743714816431447,86.9609375,0.13475575774477844,
person101_bacteria_486.jpeg,angle,307.6484375,23.25025647154414,0.8724841712320351,5.25,1.9259299443872359e-32,
person101_bacteria_486.jpeg,dense_angle,307.6484375,23.25025647154414,0.8724841712320351,5.25,7.414830285890858e-33,
person101_bacteria_486.jpeg,iqp,7812.64453125,9.20282296142181,0.380500944463124,76.01171875,0.16796819881013159,0.5138336386448455
person101_bacteria_486.jpeg,amplitude,307.6484375,23.25025647154414,0.8724841712320351,5.25,3.851859888774472e-34,
person101_bacteria_486.jpeg,entangled_angle,6115.33984375,10.266597640640061,0.5998424554319953,73.90234375,0.026756465934054917,0.782386445479398
person102_bacteria_487.jpeg,basis,7975.63671875,9.11314996737248,0.5761319762230762,71.53515625,0.14884859927331473,
person102_bacteria_487.jpeg,angle,304.13671875,23.30011504723007,0.8592894965108842,6.12890625,5.7777898331617076e-33,
person102_bacteria_487.jpeg,dense_angle,304.13671875,23.30011504723007,0.8592894965108842,6.12890625,7.318533788671496e-33,
person102_bacteria_487.jpeg,iqp,7360.41796875,9.46177883980453,0.5455354603847826,80.71484375,0.21150099585841556,0.508833390567916
person102_bacteria_487.jpeg,amplitude,304.13671875,23.30011504723007,0.8592894965108842,6.12890625,2.0222264416065976e-33,
person102_bacteria_487.jpeg,entangled_angle,4640.4375,11.465214331408786,0.6258815156239812,60.796875,0.025127831549151453,0.7893725025994407
person103_bacteria_488.jpeg,basis,8692.15234375,8.739530314534115,0.33242665439221897,80.66015625,0.16091830734051193,
person103_bacteria_488.jpeg,angle,308.1171875,23.243644359095804,0.8756816862806828,11.59375,3.4666738998970245e-33,
person103_bacteria_488.jpeg,dense_angle,308.1171875,23.243644359095804,0.8756816862806828,11.59375,3.562970397116386e-33,
person103_bacteria_488.jpeg,iqp,5138.28125,11.022624886565225,0.4503433690697929,53.6015625,0.12173214609188521,0.51085422297398
person103_bacteria_488.jpeg,amplitude,308.1171875,23.243644359095804,0.8756816862806828,11.59375,7.703719777548943e-34,
person103_bacteria_488.jpeg,entangled_angle,4018.80078125,12.089838828540898,0.6208743661933217,56.33984375,0.02058691627193975,0.8325864872516351
person103_bacteria_489.jpeg,basis,10182.6171875,8.052209439668122,0.32340361822931685,89.015625,0.14432013256250886,
person103_bacteria_489.jpeg,angle,541.94140625,20.79128026945554,0.8168820279746654,10.84765625,1.9259299443872359e-32,
person103_bacteria_489.jpeg,dense_angle,541.94140625,20.79128026945554,0.8168820279746654,10.84765625,4.237045877651919e-33,
person103_bacteria_489.jpeg,iqp,4586.0,11.516463104739902,0.6557024477076489,61.171875,0.2553437826883583,0.5050739097383458
person103_bacteria_489.jpeg,amplitude,541.94140625,20.79128026945554,0.8168820279746654,10.84765625,0.0,
person103_bacteria_489.jpeg,entangled_angle,3385.5390625,12.834525317965467,0.6411245778796583,48.3984375,0.02969580374632814,0.7767188472284718
person103_bacteria_490.jpeg,basis,7388.47265625,9.445256904728481,0.5613395403643558,68.48828125,0.09797545480447911,
person103_bacteria_490.jpeg,angle,398.3203125,22.12847906877038,0.892868567474012,9.890625,2.465190328815662e-32,
person103_bacteria_490.jpeg,dense_angle,398.3203125,22.12847906877038,0.892868567474012,9.890625,4.622231866529366e-33,
person103_bacteria_490.jpeg,iqp,4974.3359375,11.163452492391944,0.3718456060054517,51.890625,0.2465209295925107,0.503264956480239
person103_bacteria_490.jpeg,amplitude,398.3203125,22.12847906877038,0.892868567474012,9.890625,9.62964972193618e-35,
person103_bacteria_490.jpeg,entangled_angle,2931.44140625,13.459991429531371,0.4986899062433179,38.03515625,0.07723853290859507,0.7249244920866096
person104_bacteria_491.jpeg,basis,7285.921875,9.505958507611219,0.5862428906602246,71.296875,0.13408691947975349,
person104_bacteria_491.jpeg,angle,380.421875,22.328148791045145,0.92433826992727,6.1171875,1.3096323621833204e-32,
person104_bacteria_491.jpeg,dense_angle,380.421875,22.328148791045145,0.92433826992727,6.1171875,4.81482486096809e-34,
person104_bacteria_491.jpeg,iqp,5516.1484375,10.71444416504095,0.5471817121859361,65.296875,0.33671999280006376,0.5061731334467976
person104_bacteria_491.jpeg,amplitude,380.421875,22.328148791045145,0.92433826992727,6.1171875,1.5407439555097887e-33,
person104_bacteria_491.jpeg,entangled_angle,3911.53515625,12.207331228992464,0.5957197556437916,50.43359375,0.04121375772667492,0.7376636547363649
person104_bacteria_492.jpeg,basis,7247.8828125,9.528691980391145,0.4931050576352626,75.3046875,0.15180139189355493,
person104_bacteria_492.jpeg,angle,140.58984375,26.651264126069133,0.920569098365378,3.47265625,4.246675527373855e-32,
person104_bacteria_492.jpeg,dense_angle,140.58984375,26.651264126069133,0.920569098365378,3.47265625,3.4666738998970245e-33,
person104_bacteria_492.jpeg,iqp,6983.84765625,9.689856036485747,0.4183579165802729,76.42578125,0.3222444351795686,0.5084325226091624
person104_bacteria_492.jpeg,amplitude,140.58984375,26.651264126069133,0.920569098365378,3.47265625,4.81482486096809e-34,
person104_bacteria_492.jpeg,entangled_angle,4743.0625,11.370215134190154,0.5530213107094284,61.4765625,0.028507352808289994,0.7832533889007487
person108_bacteria_504.jpeg,basis,5808.12890625,10.490441142895433,0.44223479729785675,53.76171875,0.12001133161818506,
person108_bacteria_504.jpeg,angle,412.62109375,21.975289349402665,0.8099708391302975,8.15234375,1.4348178085684907e-32,
person108_bacteria_504.jpeg,dense_angle,412.62109375,21.975289349402665,0.8099708391302975,8.15234375,2.4074124304840448e-33,
person108_bacteria_504.jpeg,iqp,10647.16015625,7.858465740259311,0.38184410058324775,93.26171875,0.2577814657958619,0.5053331122837654
person108_bacteria_504.jpeg,amplitude,412.62109375,21.975289349402665,0.8099708391302975,8.15234375,8.666684749742561e-34,
person108_bacteria_504.jpeg,entangled_angle,7888.95703125,9.160607702710836,0.47015364795172937,78.65234375,0.038272506780873156,0.6987851328620943
person108_bacteria_506.jpeg,basis,5582.9375,10.662175948403451,0.43221274931179793,60.265625,0.11277945837907524,
person108_bacteria_506.jpeg,angle,515.16015625,21.01138094617688,0.7648470664422098,10.91015625,1.6948183510607676e-32,
person108_bacteria_506.jpeg,dense_angle,515.16015625,21.01138094617688,0.7648470664422098,10.91015625,2.1185229388259594e-33,
person108_bacteria_506.jpeg,iqp,5624.046875,10.630314291070315,0.38673729180014343,53.828125,0.11123930227373911,0.5068003706193447
person108_bacteria_506.jpeg,amplitude,515.16015625,21.01138094617688,0.7648470664422098,10.91015625,4.81482486096809e-34,
person108_bacteria_506.jpeg,entangled_angle,9144.1484375,8.51937093495567,0.3952956975591735,87.2421875,0.04120469489031147,0.6923412766357123
person108_bacteria_507.jpeg,basis,6087.6171875,10.286330263339691,0.5430740835855676,62.9453125,0.13565943742461198,
person108_bacteria_507.jpeg,angle,631.15625,20.129434737116906,0.8084996922460127,11.5546875,5.825938081771388e-32,
person108_bacteria_507.jpeg,dense_angle,631.15625,20.129434737116906,0.8084996922460127,11.5546875,2.792598419361492e-33,
person108_bacteria_507.jpeg,iqp,7581.23828125,9.333402139703562,0.41851991113994735,78.70703125,0.14370771306987004,0.509086247661342
person108_bacteria_507.jpeg,amplitude,631.15625,20.129434737116906,0.8084996922460127,11.5546875,3.851859888774472e-34,
person108_bacteria_507.jpeg,entangled_angle,5297.06640625,10.890449434000937,0.5046996407224242,63.21484375,0.02505214971808711,0.796420640888267
person108_bacteria_511.jpeg,basis,4035.68359375,12.071632515872373,0.5061479261850977,31.89453125,0.14361868836566452,
person108_bacteria_511.jpeg,angle,591.62109375,20.410367108643644,0.8564658518956637,8.56640625,1.0881504185787883e-32,
person108_bacteria_511.jpeg,dense_angle,591.62109375,20.410367108643644,0.8564658518956637,8.56640625,3.562970397116386e-33,
person108_bacteria_511.jpeg,iqp,7289.3828125,9.50389602436447,0.4453342196091322,73.515625,0.3368992264350231,0.5047532583163259
person108_bacteria_511.jpeg,amplitude,591.62109375,20.410367108643644,0.8564658518956637,8.56640625,9.62964972193618e-35,
person108_bacteria_511.jpeg,entangled_angle,5021.0703125,11.122840578132307,0.5599361256843484,61.1640625,0.029686412979170466,0.7424124075224265
person109_bacteria_512.jpeg,basis,9660.44921875,8.280830389360375,0.1577736538880612,74.19140625,0.09760494588252955,
person109_bacteria_512.jpeg,angle,1775.28125,15.638131946615575,0.5815670094284836,20.8125,2.8124595719129854e-32,
person109_bacteria_512.jpeg,dense_angle,1775.28125,15.638131946615575,0.5815670094284836,20.8125,4.194916160118448e-33,
person109_bacteria_512.jpeg,iqp,14569.328125,6.496408364371799,0.33629069199080136,108.71875,0.47645615430130683,0.5451788685985954
person109_bacteria_512.jpeg,amplitude,1775.28125,15.638131946615575,0.5815670094284836,20.8125,3.912045199536573e-34,
person109_bacteria_512.jpeg,entangled_angle,9863.609375,8.190444961489668,0.41123592166311435,84.484375,0.05041502271104482,0.683518277673356
person109_bacteria_513.jpeg,basis,8307.2109375,8.936251226153622,0.5637424261903109,79.1171875,0.14110873366029023,
person109_bacteria_513.jpeg,angle,343.71875,22.76877137140842,0.8947035434936889,6.7265625,1.3192620119052566e-32,
person109_bacteria_513.jpeg,dense_angle,343.71875,22.76877137140842,0.8947035434936889,6.7265625,1.925929944387236e-33,
person109_bacteria_513.jpeg,iqp,4804.67578125,11.314162739964877,0.4250654991697433,46.73828125,0.1646272510805505,0.5102082249341258
person109_bacteria_513.jpeg,amplitude,343.71875,22.76877137140842,0.8947035434936889,6.7265625,3.851859888774472e-34,
person109_bacteria_513.jpeg,entangled_angle,4377.26953125,11.71877071661552,0.6125919265093162,58.66796875,0.028939216828941582,0.7574007151133143
person109_bacteria_517.jpeg,basis,11528.37890625,7.5131211875687365,0.48102338481169515,94.23828125,0.16342907998754552,
person109_bacteria_517.jpeg,angle,454.1171875,21.559124214088104,0.8359277582504033,10.1796875,3.774822690998982e-32,
person109_bacteria_517.jpeg,dense_angle,454.1171875,21.559124214088104,0.8359277582504033,10.1796875,8.08890576642639e-33,
person109_bacteria_517.jpeg,iqp,763.609375,19.302091091848165,0.8159865439750533,7.8125,0.11213215339866274,0.5145584531648517
person109_bacteria_517.jpeg,amplitude,454.1171875,21.559124214088104,0.8359277582504033,10.1796875,0.0,
person109_bacteria_517.jpeg,entangled_angle,2201.76171875,14.703100443391259,0.7065142005093634,39.76953125,0.012896050260353783,0.8902432195762027
person109_bacteria_519.jpeg,basis,11412.5546875,7.556974892370491,0.30242725260738385,93.9375,0.16752067958613992,
person109_bacteria_519.jpeg,angle,667.91796875,19.883572335822443,0.7621537056970809,9.31640625,1.0014835710813626e-32,
person109_bacteria_519.jpeg,dense_angle,667.91796875,19.883572335822443,0.7621537056970809,9.31640625,4.237045877651919e-33,
person109_bacteria_519.jpeg,iqp,2017.9453125,15.081709684423913,0.6246688381664025,28.6328125,0.16130379347523513,0.5195369793555813
person109_bacteria_519.jpeg,amplitude,667.91796875,19.883572335822443,0.7621537056970809,9.31640625,7.703719777548943e-34,
person109_bacteria_519.jpeg,entangled_angle,2663.0078125,13.87707920331837,0.6636204787257758,43.25,0.01200093871702853,0.8924909100428937
person109_bacteria_522.jpeg,basis,8373.49609375,8.901735388109678,0.4672544158374443,70.67578125,0.14101288246166832,
person109_bacteria_522.jpeg,angle,877.12890625,18.700169372178365,0.7752091519204756,9.10546875,1.0400021699691074e-32,
person109_bacteria_522.jpeg,dense_angle,877.12890625,18.700169372178365,0.7752091519204756,9.10546875,7.703719777548943e-34,
person109_bacteria_522.jpeg,iqp,3055.0390625,13.28063593255052,0.6424396133309704,40.6953125,0.19873069981431024,0.5030901823789187
person109_bacteria_522.jpeg,amplitude,877.12890625,18.700169372178365,0.7752091519204756,9.10546875,1.5407439555097887e-33,
person109_bacteria_522.jpeg,entangled_angle,3175.59375,13.11255422345273,0.5284416731801631,38.25,0.04846034806592602,0.7848234806224547
person109_bacteria_523.jpeg,basis,11156.7890625,7.655411387651901,0.2863177690627492,97.8203125,0.15628169491292265,
person109_bacteria_523.jpeg,angle,413.36328125,21.967484649161555,0.8643120391117297,8.25390625,2.6963019221421302e-33,
person109_bacteria_523.jpeg,dense_angle,413.36328125,21.967484649161555,0.8643120391117297,8.25390625,1.0400021699691074e-32,
person109_bacteria_523.jpeg,iqp,6252.7890625,10.170065828409234,0.4451773751666054,63.328125,0.08830796975063916,0.5111017477098256
person109_bacteria_523.jpeg,amplitude,413.36328125,21.967484649161555,0.8643120391117297,8.25390625,3.851859888774472e-34,
person109_bacteria_523.jpeg,entangled_angle,4790.82421875,11.326701245176755,0.6306715414605824,63.01953125,0.01889654608864208,0.8423771959400399
person109_bacteria_526.jpeg,basis,8117.93359375,9.036348664840688,0.5699897912185814,77.48046875,0.12622353601814784,
person109_bacteria_526.jpeg,angle,248.94140625,24.16983222353734,0.9294783244266831,6.82421875,1.4107436842636503e-31,
person109_bacteria_526.jpeg,dense_angle,248.94140625,24.16983222353734,0.9294783244266831,6.82421875,7.414830285890858e-33,
person109_bacteria_526.jpeg,iqp,2929.96484375,13.462179515230089,0.7140296846616395,48.12890625,0.23714002713982094,0.5037513942674172
person109_bacteria_526.jpeg,amplitude,248.94140625,24.16983222353734,0.9294783244266831,6.82421875,3.0814879110195774e-33,
person109_bacteria_526.jpeg,entangled_angle,3065.09765625,13.26636044853653,0.6319907847644678,45.54296875,0.03814736616098587,0.7134106720118886
person109_bacteria_527.jpeg,basis,10236.08984375,8.029462717659296,0.26634959525987995,88.64453125,0.11899821765187171,
person109_bacteria_527.jpeg,angle,607.796875,20.293218980521615,0.8432267737852086,8.546875,1.617781153285278e-32,
person109_bacteria_527.jpeg,dense_angle,607.796875,20.293218980521615,0.8432267737852086,8.546875,3.4666738998970245e-33,
person109_bacteria_527.jpeg,iqp,8569.96875,8.801011225768363,0.4878244001982164,85.171875,0.33627556634345185,0.5068847345899673
person109_bacteria_527.jpeg,amplitude,607.796875,20.293218980521615,0.8432267737852086,8.546875,1.925929944387236e-33,
person109_bacteria_527.jpeg,entangled_angle,6200.51171875,10.20652828231151,0.587953201554717,72.09765625,0.03368522232084957,0.7368242688613771
person109_bacteria_528.jpeg,basis,8166.875,9.01024452423486,0.5955111620627428,76.0078125,0.093923142949663,
person109_bacteria_528.jpeg,angle,252.5546875,24.10724927292986,0.92203822547794,5.828125,1.7429665996704484e-32,
person109_bacteria_528.jpeg,dense_angle,252.5546875,24.10724927292986,0.92203822547794,5.828125,3.851859888774472e-34,
person109_bacteria_528.jpeg,iqp,2834.3515625,13.606266433317797,0.5349517212905982,40.53125,0.22536862681154315,0.5051535287456201
person109_bacteria_528.jpeg,amplitude,252.5546875,24.10724927292986,0.92203822547794,5.828125,0.0,
person109_bacteria_528.jpeg,entangled_angle,2228.65625,14.650372732045314,0.5777745027400258,35.1875,0.08141429490314428,0.718049541655016
person10_virus_35.jpeg,basis,4433.91015625,11.662934720533947,0.7405887631265625,59.11328125,0.12055694378550119,
person10_virus_35.jpeg,angle,245.2578125,24.234575104770872,0.901586781232489,4.7890625,1.2711137632955757e-32,
person10_virus_35.jpeg,dense_angle,245.2578125,24.234575104770872,0.901586781232489,4.7890625,3.177784408238939e-33,
person10_virus_35.jpeg,iqp,8069.703125,9.062228030412427,0.4658329762970652,80.9375,0.1663397532784938,0.5085592918273754
person10_virus_35.jpeg,amplitude,245.2578125,24.234575104770872,0.901586781232489,4.7890625,0.0,
person10_virus_35.jpeg,entangled_angle,7204.390625,9.554831084579542,0.5752295216522061,79.828125,0.031988768770762066,0.7607384319246606
person110_bacteria_531.jpeg,basis,7170.51953125,9.575297377829559,0.48322334040224857,73.73828125,0.10213110695437266,
person110_bacteria_531.jpeg,angle,435.36328125,21.742285632252297,0.837658828890711,6.70703125,1.126669017466533e-32,
person110_bacteria_531.jpeg,dense_angle,435.36328125,21.742285632252297,0.837658828890711,6.70703125,1.7574110742533527e-33,
person110_bacteria_531.jpeg,iqp,8578.4453125,8.79671773879555,0.29248432798570057,81.625,0.4329531654553674,0.5232282310877853
person110_bacteria_531.jpeg,amplitude,435.36328125,21.742285632252297,0.837658828890711,6.70703125,1.564818079814629e-33,
person110_bacteria_531.jpeg,entangled_angle,4706.484375,11.403837396504175,0.5233485009439179,56.8203125,0.04115943213144617,0.6954978688140641
person111_bacteria_533.jpeg,basis,4246.38671875,11.850608180065265,0.7498428277697683,55.78515625,0.13116176163104687,
person111_bacteria_533.jpeg,angle,124.859375,27.166592041852663,0.9463634062894942,2.9296875,1.2634100435180267e-31,
person111_bacteria_533.jpeg,dense_angle,124.859375,27.166592041852663,0.9463634062894942,2.9296875,8.474091755303838e-33,
person111_bacteria_533.jpeg,iqp,4267.59765625,11.828968929240826,0.5569587842879745,57.60546875,0.25815047300922317,0.507396864594577
person111_bacteria_533.jpeg,amplitude,124.859375,27.166592041852663,0.9463634062894942,2.9296875,1.5407439555097887e-33,
person111_bacteria_533.jpeg,entangled_angle,2998.0,13.362487323556495,0.6275028967170624,44.75,0.03335343145797465,0.7553747930045379
person111_bacteria_534.jpeg,basis,10927.21875,7.745707236421561,0.36818181625388346,91.703125,0.11656582929217041,
person111_bacteria_534.jpeg,angle,716.48828125,19.578712693167944,0.8392040848404764,10.35546875,7.125940794232773e-33,
person111_bacteria_534.jpeg,dense_angle,716.48828125,19.578712693167944,0.8392040848404764,10.35546875,5.7777898331617076e-33,
person111_bacteria_534.jpeg,iqp,5878.359375,10.438242276157489,0.21179418626662808,48.359375,0.2818265975894503,0.5043897984091421
person111_bacteria_534.jpeg,amplitude,716.48828125,19.578712693167944,0.8392040848404764,10.35546875,0.0,
person111_bacteria_534.jpeg,entangled_angle,4654.63671875,11.451945696856479,0.4978591512408095,55.76171875,0.040483877215661684,0.6831156556645341
person111_bacteria_535.jpeg,basis,7800.4296875,9.209618343607174,0.5013011793138922,77.65625,0.15165472370334146,
person111_bacteria_535.jpeg,angle,139.9765625,26.670250368256212,0.9225146073890875,4.1796875,5.045936454294558e-32,
person111_bacteria_535.jpeg,dense_angle,139.9765625,26.670250368256212,0.9225146073890875,4.1796875,6.259272319258517e-33,
person111_bacteria_535.jpeg,iqp,3811.0234375,12.32038741209986,0.3875106604236149,32.671875,0.19596541660488487,0.5091510842717455
person111_bacteria_535.jpeg,amplitude,139.9765625,26.670250368256212,0.9225146073890875,4.1796875,4.81482486096809e-34,
person111_bacteria_535.jpeg,entangled_angle,4333.48828125,11.762427343987095,0.5921560501927158,59.01953125,0.02279998698057808,0.8126820893911642
person111_bacteria_536.jpeg,basis,11740.97265625,7.433762842506535,0.23417065865032363,95.18359375,0.12515942813575423,
person111_bacteria_536.jpeg,angle,623.609375,20.181677253579004,0.8169994882752973,9.265625,5.8740863303810694e-33,
person111_bacteria_536.jpeg,dense_angle,623.609375,20.181677253579004,0.8169994882752973,9.265625,1.348150961071065e-32,
person111_bacteria_536.jpeg,iqp,5798.1953125,10.497875203711214,0.5950061693291452,61.6875,0.258197844870207,0.506907208583815
person111_bacteria_536.jpeg,amplitude,623.609375,20.181677253579004,0.8169994882752973,9.265625,0.0,
person111_bacteria_536.jpeg,entangled_angle,5581.5390625,10.663263923624346,0.5672076830993336,65.5078125,0.03634143393521877,0.7285610178655527
person111_bacteria_537.jpeg,basis,10145.59765625,8.068027253520436,0.33874183128532726,92.37890625,0.1491033863523854,
person111_bacteria_537.jpeg,angle,251.51171875,24.125221358103882,0.8925295916077884,4.30859375,4.516305719588068e-32,
person111_bacteria_537.jpeg,dense_angle,251.51171875,24.125221358103882,0.8925295916077884,4.30859375,1.4637067577342992e-32,
person111_bacteria_537.jpeg,iqp,2786.91015625,13.679573926116525,0.6024563957243517,33.89453125,0.12013387596822458,0.5065593356435376
person111_bacteria_537.jpeg,amplitude,251.51171875,24.125221358103882,0.8925295916077884,4.30859375,4.81482486096809e-34,
person111_bacteria_537.jpeg,entangled_angle,5872.109375,10.442862246348666,0.5691542800545123,70.15625,0.023278556800808828,0.8078029177640257
person112_bacteria_538.jpeg,basis,4007.75,12.101797380802704,0.5919345811719219,54.3046875,0.11419519708193293,
person112_bacteria_538.jpeg,angle,179.046875,25.601136154255993,0.9120826200353659,3.34375,2.474819978537598e-32,
person112_bacteria_538.jpeg,dense_angle,179.046875,25.601136154255993,0.9120826200353659,3.34375,3.9481563859938335e-33,
person112_bacteria_538.jpeg,iqp,6243.484375,10.176533316823441,0.4940648211378932,72.1328125,0.22887429124450973,0.5083449568050331
person112_bacteria_538.jpeg,amplitude,179.046875,25.601136154255993,0.9120826200353659,3.34375,9.62964972193618e-35,
person112_bacteria_538.jpeg,entangled_angle,4739.5703125,11.373413903687137,0.5700158708890942,61.453125,0.03289498389762692,0.7160330876219583
person112_bacteria_539.jpeg,basis,3887.6953125,12.233881399236244,0.47509143989609126,48.046875,0.1374793600420993,
person112_bacteria_539.jpeg,angle,345.9296875,22.74092526334973,0.8737024104748714,4.640625,1.3192620119052566e-32,
person112_bacteria_539.jpeg,dense_angle,345.9296875,22.74092526334973,0.8737024104748714,4.640625,3.274080905458301e-33,
person112_bacteria_539.jpeg,iqp,9550.74609375,8.330430613530579,0.2340515075330739,87.05859375,0.35060430569483036,0.5019965757617734
person112_bacteria_539.jpeg,amplitude,345.9296875,22.74092526334973,0.8737024104748714,4.640625,0.0,
person112_bacteria_539.jpeg,entangled_angle,5637.140625,10.620214919338768,0.5117028552266681,66.109375,0.02969236869205676,0.7395635339783204
person113_bacteria_540.jpeg,basis,7816.90625,9.200454574756932,0.4066737237995841,79.6171875,0.13322464624277264,
person113_bacteria_540.jpeg,angle,291.54296875,23.48377789025779,0.8388373937892868,6.80859375,4.8148248609680896e-32,
person113_bacteria_540.jpeg,dense_angle,291.54296875,23.48377789025779,0.8388373937892868,6.80859375,5.3926038442842604e-33,
person113_bacteria_540.jpeg,iqp,7503.9921875,9.377879876460769,0.39267163710749664,74.4140625,0.1861398070172469,0.5066270434092193
person113_bacteria_540.jpeg,amplitude,291.54296875,23.48377789025779,0.8388373937892868,6.80859375,3.851859888774472e-34,
person113_bacteria_540.jpeg,entangled_angle,5763.9921875,10.523569773671696,0.5431219479302131,68.5625,0.025629171538656244,0.7847616595854421
person113_bacteria_541.jpeg,basis,6035.7578125,10.323485556763892,0.45022147900876935,59.765625,0.1329803044022825,
person113_bacteria_541.jpeg,angle,161.078125,26.06043795227357,0.8841705839523025,4.8359375,8.185202263645752e-33,
person113_bacteria_541.jpeg,dense_angle,161.078125,26.06043795227357,0.8841705839523025,4.8359375,2.0222264416065976e-33,
person113_bacteria_541.jpeg,iqp,11416.01171875,7.555659549496653,0.2758868078430076,99.06640625,0.3480683769545382,0.5087862806261151
person113_bacteria_541.jpeg,amplitude,161.078125,26.06043795227357,0.8841705839523025,4.8359375,9.62964972193618e-35,
person113_bacteria_541.jpeg,entangled_angle,6515.2734375,9.991477136657505,0.5134765626928466,73.359375,0.030425558139799205,0.7408505946531974
person113_bacteria_542.jpeg,basis,7691.4375,9.27072845517113,0.42269311549808447,76.6953125,0.1368342256462201,
person113_bacteria_542.jpeg,angle,184.38671875,25.47350724960031,0.8720004905921855,5.05859375,7.896312771987667e-33,
person113_bacteria_542.jpeg,dense_angle,184.38671875,25.47350724960031,0.8720004905921855,5.05859375,2.311115933264683e-33,
person113_bacteria_542.jpeg,iqp,6610.3359375,9.92856829960903,0.21872910326988537,58.40625,0.2149623142870863,0.5105524536104938
person113_bacteria_542.jpeg,amplitude,184.38671875,25.47350724960031,0.8720004905921855,5.05859375,7.703719777548943e-34,
person113_bacteria_542.jpeg,entangled_angle,6144.21484375,10.2461396767522,0.48295186785722755,70.68359375,0.031881228437534055,0.7341389532955693
person113_bacteria_543.jpeg,basis,5786.1875,10.506878581207616,0.5846477649872438,63.09375,0.145011284633622,
person113_bacteria_543.jpeg,angle,333.3984375,22.901168007290075,0.9023748261448415,6.59375,5.623715437610729e-32,
person113_bacteria_543.jpeg,dense_angle,333.3984375,22.901168007290075,0.9023748261448415,6.59375,1.1170393677445968e-32,
person113_bacteria_543.jpeg,iqp,7100.20703125,9.618093485969213,0.5271391484580848,73.80859375,0.20412119643434362,0.513526549661648
person113_bacteria_543.jpeg,amplitude,333.3984375,22.901168007290075,0.9023748261448415,6.59375,3.851859888774472e-34,
person113_bacteria_543.jpeg,entangled_angle,5645.5703125,10.61372540194017,0.6071168796735453,68.5625,0.024574061103814365,0.8078308101669259
person114_bacteria_544.jpeg,basis,8076.59375,9.058521223063092,0.45545161154651814,79.703125,0.14559285007158101,
person114_bacteria_544.jpeg,angle,149.16796875,26.394047849738193,0.9228234203382202,4.44140625,9.725946219155541e-33,
person114_bacteria_544.jpeg,dense_angle,149.16796875,26.394047849738193,0.9228234203382202,4.44140625,1.020742870525235e-32,
person114_bacteria_544.jpeg,iqp,8116.125,9.037316336953417,0.46895209405535604,83.96875,0.3196890765332937,0.5063754161467671
person114_bacteria_544.jpeg,amplitude,149.16796875,26.394047849738193,0.9228234203382202,4.44140625,4.81482486096809e-34,
person114_bacteria_544.jpeg,entangled_angle,5652.25390625,10.608586982068664,0.6082610511178279,68.33984375,0.028921379616097028,0.758826607058454
person114_bacteria_545.jpeg,basis,2276.515625,14.558097254075399,0.7221277902826481,10.90625,0.1276328349519617,
person114_bacteria_545.jpeg,angle,697.41796875,19.695872282259444,0.85887197102338,7.85546875,2.6963019221421302e-33,
person114_bacteria_545.jpeg,dense_angle,697.41796875,19.695872282259444,0.85887197102338,7.85546875,1.5503736052317249e-32,
person114_bacteria_545.jpeg,iqp,4094.3125,12.00899373580472,0.6101412508397326,49.8046875,0.21005772593509925,0.5092571413618588
person114_bacteria_545.jpeg,amplitude,697.41796875,19.695872282259444,0.85887197102338,7.85546875,0.0,
person114_bacteria_545.jpeg,entangled_angle,4102.7109375,12.000094416760554,0.4754839477267697,46.28125,0.05448767908485189,0.6978057635517223
person114_bacteria_546.jpeg,basis,6057.9921875,10.307516519449969,0.5688609445267029,71.609375,0.1515420641391444,
person114_bacteria_546.jpeg,angle,134.10546875,26.856338723562022,0.9355504901129248,2.94921875,6.644458308135964e-33,
person114_bacteria_546.jpeg,dense_angle,134.10546875,26.856338723562022,0.9355504901129248,2.94921875,4.718528363748728e-33,
person114_bacteria_546.jpeg,iqp,7734.29296875,9.246597420962514,0.38353588513551257,80.76171875,0.32362273338424763,0.5105472963289465
person114_bacteria_546.jpeg,amplitude,134.10546875,26.856338723562022,0.9355504901129248,2.94921875,2.311115933264683e-33,
person114_bacteria_546.jpeg,entangled_angle,4319.36328125,11.776606288261124,0.6361021182734153,59.56640625,0.024715328344916136,0.7811873012086777
person117_bacteria_553.jpeg,basis,8563.52734375,8.80427672080401,0.4677152716486727,83.20703125,0.1423164235308969,
person117_bacteria_553.jpeg,angle,211.48828125,24.877940531259316,0.9067916233394115,4.31640625,1.3096323621833204e-32,
person117_bacteria_553.jpeg,dense_angle,211.48828125,24.877940531259316,0.9067916233394115,4.31640625,8.08890576642639e-33,
person117_bacteria_553.jpeg,iqp,5283.90625,10.90125257351021,0.5173756895553977,66.1640625,0.260242592079321,0.5086465919161922
person117_bacteria_553.jpeg,amplitude,211.48828125,24.877940531259316,0.9067916233394115,4.31640625,3.851859888774472e-34,
person117_bacteria_553.jpeg,entangled_angle,3841.26953125,12.286055793919468,0.5779737047873268,53.76171875,0.0270669993431266,0.7957393828126202
person117_bacteria_556.jpeg,basis,6400.8359375,10.068436651127648,0.46856831166117074,65.4765625,0.14938967008669482,
person117_bacteria_556.jpeg,angle,344.22265625,22.762409092850326,0.8860346202346017,4.11328125,1.1170393677445968e-32,
person117_bacteria_556.jpeg,dense_angle,344.22265625,22.762409092850326,0.8860346202346017,4.11328125,3.851859888774472e-33,
person117_bacteria_556.jpeg,iqp,5289.21875,10.896888320502194,0.5192457037061446,64.8359375,0.29706578318926885,0.5091038255666933
person117_bacteria_556.jpeg,amplitude,344.22265625,22.762409092850326,0.8860346202346017,4.11328125,1.5407439555097887e-33,
person117_bacteria_556.jpeg,entangled_angle,3193.79296875,13.087736004253692,0.6294289187624926,46.79296875,0.02441630488021602,0.781691942493085
person117_bacteria_557.jpeg,basis,6169.96484375,10.227976714228175,0.6490704125010468,62.76953125,0.11079039166547733,
person117_bacteria_557.jpeg,angle,295.28515625,23.42838744992384,0.9268741359588833,4.68359375,1.0361503100803329e-31,
person117_bacteria_557.jpeg,dense_angle,295.28515625,23.42838744992384,0.9268741359588833,4.68359375,1.5792625543975334e-32,
person117_bacteria_557.jpeg,iqp,3220.04296875,13.05218693840865,0.6082106235617001,44.61328125,0.18136203775979953,0.5115676030733282
person117_bacteria_557.jpeg,amplitude,295.28515625,23.42838744992384,0.9268741359588833,4.68359375,0.0,
person117_bacteria_557.jpeg,entangled_angle,2837.64453125,13.601223699527985,0.5747727790519146,42.19140625,0.047587215947340555,0.7262954503597436
person118_bacteria_559.jpeg,basis,5749.9375,10.5341723679613,0.4254393738711461,54.8046875,0.13760003406263668,
person118_bacteria_559.jpeg,angle,294.87890625,23.43436653853162,0.8606481479168796,4.87890625,4.1696383295983656e-32,
person118_bacteria_559.jpeg,dense_angle,294.87890625,23.43436653853162,0.8606481479168796,4.87890625,3.0814879110195774e-33,
person118_bacteria_559.jpeg,iqp,4042.88671875,12.06388788248316,0.34479220218875467,45.82421875,0.17080365615229204,0.5077836053752546
person118_bacteria_559.jpeg,amplitude,294.87890625,23.43436653853162,0.8606481479168796,4.87890625,1.925929944387236e-33,
person118_bacteria_559.jpeg,entangled_angle,2636.00390625,13.921343113717487,0.5896208088414231,42.09765625,0.02410349512145625,0.7695427517614459
person118_bacteria_560.jpeg,basis,12795.35546875,7.0602800530885625,0.3534512578703079,95.94140625,0.16562793974234657,
person118_bacteria_560.jpeg,angle,377.7734375,22.35848942890172,0.8533757235235967,5.3515625,1.4251881588465545e-32,
person118_bacteria_560.jpeg,dense_angle,377.7734375,22.35848942890172,0.8533757235235967,5.3515625,5.7777898331617076e-33,
person118_bacteria_560.jpeg,iqp,8752.99609375,8.709236262154775,0.4326121585740774,72.61328125,0.17282549180653206,0.5078921243233041
person118_bacteria_560.jpeg,amplitude,377.7734375,22.35848942890172,0.8533757235235967,5.3515625,0.0,
person118_bacteria_560.jpeg,entangled_angle,932.3671875,18.43493379737129,0.7374277853259269,16.09375,0.013010052049096466,0.8812250030029237
person119_bacteria_565.jpeg,basis,4704.328125,11.40582754877422,0.6501796734670768,57.4296875,0.15103509535661053,
person119_bacteria_565.jpeg,angle,106.08984375,27.874065510896028,0.9567117164506349,2.55859375,1.617781153285278e-32,
person119_bacteria_565.jpeg,dense_angle,106.08984375,27.874065510896028,0.9567117164506349,2.55859375,3.4666738998970245e-33,
person119_bacteria_565.jpeg,iqp,4838.7109375,11.283506825489953,0.5592138551378056,63.640625,0.23297147688350328,0.5068995895636621
person119_bacteria_565.jpeg,amplitude,106.08984375,27.874065510896028,0.9567117164506349,2.55859375,3.851859888774472e-34,
person119_bacteria_565.jpeg,entangled_angle,3352.36328125,12.877292857266587,0.6672288582522193,50.98828125,0.025708659087347666,0.7851036595914652
person119_bacteria_566.jpeg,basis,3036.80078125,13.306640583937225,0.6706328200763633,45.92578125,0.12818568889029894,
person119_bacteria_566.jpeg,angle,285.05859375,23.58146222519708,0.8967497308518422,3.93359375,3.370377402677663e-32,
person119_bacteria_566.jpeg,dense_angle,285.05859375,23.58146222519708,0.8967497308518422,3.93359375,5.488900341503622e-33,
person119_bacteria_566.jpeg,iqp,7474.05859375,9.395238626389382,0.41325172809465804,77.55078125,0.27240448160524916,0.5042402151510053
person119_bacteria_566.jpeg,amplitude,285.05859375,23.58146222519708,0.8967497308518422,3.93359375,0.0,
person119_bacteria_566.jpeg,entangled_angle,5741.109375,10.540845400921775,0.4792553800343063,64.9296875,0.03850833476443526,0.7162274200208395
person119_bacteria_567.jpeg,basis,8800.33203125,8.685813027382665,0.6502938032624545,79.24609375,0.13947590627633455,
person119_bacteria_567.jpeg,angle,327.13671875,22.983510675667755,0.9110566274862465,3.85546875,8.204461563089625e-32,
person119_bacteria_567.jpeg,dense_angle,327.13671875,22.983510675667755,0.9110566274862465,3.85546875,3.851859888774472e-33,
person119_bacteria_567.jpeg,iqp,4758.60546875,11.356006615004507,0.5058680092111151,45.98046875,0.173564824465954,0.5142931270417983
person119_bacteria_567.jpeg,amplitude,327.13671875,22.983510675667755,0.9110566274862465,3.85546875,3.851859888774472e-34,
person119_bacteria_567.jpeg,entangled_angle,3098.640625,13.219091504336335,0.6255010719802476,45.5859375,0.026503843025161587,0.8119641737385038
person119_bacteria_568.jpeg,basis,1586.38671875,16.12671295574429,0.7973967784034626,21.13671875,0.13160090225292975,
person119_bacteria_568.jpeg,angle,201.0703125,25.097324079698357,0.9526477832644633,3.875,1.0014835710813626e-32,
person119_bacteria_568.jpeg,dense_angle,201.0703125,25.097324079698357,0.9526477832644633,3.875,9.629649721936179e-33,
person119_bacteria_568.jpeg,iqp,3532.65234375,12.649794612253451,0.6380519132887467,46.51171875,0.24634814823587223,0.5043974653221641
person119_bacteria_568.jpeg,amplitude,201.0703125,25.097324079698357,0.9526477832644633,3.875,0.0,
person119_bacteria_568.jpeg,entangled_angle,3185.49609375,13.099032840079603,0.6138941516138834,45.44921875,0.04156853823232709,0.7565091010078404
person11_virus_38.jpeg,basis,10456.3828125,7.936988863037416,0.5236453447823795,90.265625,0.13347795914192306,
person11_virus_38.jpeg,angle,250.34375,24.14543607451314,0.8883298709256405,5.5625,2.3496345321524277e-32,
person11_virus_38.jpeg,dense_angle,250.34375,24.14543607451314,0.8883298709256405,5.5625,1.925929944387236e-33,
person11_virus_38.jpeg,iqp,2542.84375,14.077606859448968,0.7455516217803008,45.2578125,0.10774922807426628,0.507066747620309
person11_virus_38.jpeg,amplitude,250.34375,24.14543607451314,0.8883298709256405,5.5625,0.0,
person11_virus_38.jpeg,entangled_angle,2486.60546875,14.174734764170076,0.7143180930732081,43.49609375,0.02169225283052771,0.7943137872827124
person120_bacteria_570.jpeg,basis,5517.89453125,10.713069657276229,0.5720417852343463,62.66015625,0.15112569544459187,
person120_bacteria_570.jpeg,angle,183.66796875,25.490469378668106,0.9252246128174515,5.48046875,1.1940765655200862e-32,
person120_bacteria_570.jpeg,dense_angle,183.66796875,25.490469378668106,0.9252246128174515,5.48046875,5.3926038442842604e-33,
person120_bacteria_570.jpeg,iqp,3108.53515625,13.205245774445656,0.6529508022865713,49.29296875,0.1929065710717609,0.5102517143714745
person120_bacteria_570.jpeg,amplitude,183.66796875,25.490469378668106,0.9252246128174515,5.48046875,0.0,
person120_bacteria_570.jpeg,entangled_angle,2325.7578125,14.46515872389076,0.6708196078919824,39.5234375,0.024743360471239394,0.7955736666596307
person120_bacteria_571.jpeg,basis,6098.25,10.278751364116975,0.6466742213811009,67.9921875,0.10492449457639785,
person120_bacteria_571.jpeg,angle,336.12109375,22.865845927847197,0.9059654972539167,5.05078125,1.1555579666323415e-32,
person120_bacteria_571.jpeg,dense_angle,336.12109375,22.865845927847197,0.9059654972539167,5.05078125,0.0,
person120_bacteria_571.jpeg,iqp,4885.390625,11.241810662011344,0.5790691981550905,62.3359375,0.20585221536046241,0.5097875864298961
person120_bacteria_571.jpeg,amplitude,336.12109375,22.865845927847197,0.9059654972539167,5.05078125,3.851859888774472e-34,
person120_bacteria_571.jpeg,entangled_angle,4628.734375,11.476181018353063,0.4978595314317701,55.015625,0.04656942276287007,0.7399896660452088
person120_bacteria_572.jpeg,basis,7172.84375,9.573889904049661,0.4527626161065975,75.9375,0.11121726105022567,
person120_bacteria_572.jpeg,angle,228.60546875,24.539937453968385,0.8719048867778892,2.78515625,2.474819978537598e-32,
person120_bacteria_572.jpeg,dense_angle,228.60546875,24.539937453968385,0.8719048867778892,2.78515625,8.5703882525232e-33,
person120_bacteria_572.jpeg,iqp,11025.80859375,7.7066991194103105,0.2352662566423056,95.53515625,0.32776365766415533,0.5067772369262435
person120_bacteria_572.jpeg,amplitude,228.60546875,24.539937453968385,0.8719048867778892,2.78515625,9.62964972193618e-35,
person120_bacteria_572.jpeg,entangled_angle,7977.73828125,9.112005761833021,0.4659986400906617,84.62109375,0.03416576879619152,0.7284440246491534
person120_bacteria_573.jpeg,basis,8924.04296875,8.625187081483006,0.5487505765285765,79.16796875,0.12853658700187676,
person120_bacteria_573.jpeg,angle,357.7109375,22.595481413695566,0.9081503171769024,6.71875,1.8488927466117464e-32,
person120_bacteria_573.jpeg,dense_angle,357.7109375,22.595481413695566,0.9081503171769024,6.71875,3.0814879110195774e-33,
person120_bacteria_573.jpeg,iqp,7448.5,9.410115387656631,0.3516126202323778,62.4609375,0.25667071375713735,0.5380224631422572
person120_bacteria_573.jpeg,amplitude,357.7109375,22.595481413695566,0.9081503171769024,6.71875,0.0,
person120_bacteria_573.jpeg,entangled_angle,4560.6640625,11.540522774837378,0.5303678844775799,58.0703125,0.04273803885833902,0.7699131704710137
person121_bacteria_575.jpeg,basis,7245.62109375,9.530047417954163,0.4943334421883289,76.58984375,0.1314456358492081,
person121_bacteria_575.jpeg,angle,233.6328125,24.445465237676526,0.9146657391481721,4.6484375,1.0400021699691074e-32,
person121_bacteria_575.jpeg,dense_angle,233.6328125,24.445465237676526,0.9146657391481721,4.6484375,1.925929944387236e-33,
person121_bacteria_575.jpeg,iqp,5807.78125,10.490701105634448,0.5369781499767537,67.9453125,0.14784806169756087,0.5071476871743255
person121_bacteria_575.jpeg,amplitude,233.6328125,24.445465237676526,0.9146657391481721,4.6484375,0.0,
person121_bacteria_575.jpeg,entangled_angle,6083.24609375,10.289449749498162,0.6149812467112251,72.73046875,0.027400300314072163,0.7675858418824743
person121_bacteria_576.jpeg,basis,11120.3828125,7.669606230378127,0.3316189236116709,98.6484375,0.1473481349160214,
person121_bacteria_576.jpeg,angle,179.265625,25.595833412670416,0.9185278890757154,4.8671875,1.0400021699691074e-32,
person121_bacteria_576.jpeg,dense_angle,179.265625,25.595833412670416,0.9185278890757154,4.8671875,6.548161810916602e-33,
person121_bacteria_576.jpeg,iqp,3243.8828125,13.020152042325758,0.5575412082136872,43.0859375,0.13978787005762922,0.5130394136612382
person121_bacteria_576.jpeg,amplitude,179.265625,25.595833412670416,0.9185278890757154,4.8671875,1.5407439555097887e-33,
person121_bacteria_576.jpeg,entangled_angle,4344.48046875,11.751425117392387,0.7052403075378346,62.15234375,0.018855923232814764,0.8360510304837101
person121_bacteria_578.jpeg,basis,10029.57421875,8.117978643751457,0.4446329838993482,89.94140625,0.1622644201973047,
person121_bacteria_578.jpeg,angle,157.07421875,26.169754525525597,0.9339538136675678,6.12109375,3.4666738998970245e-32,
person121_bacteria_578.jpeg,dense_angle,157.07421875,26.169754525525597,0.9339538136675678,6.12109375,8.08890576642639e-33,
person121_bacteria_578.jpeg,iqp,3780.078125,12.355795851296854,0.5445898518869207,47.8203125,0.10679663032761695,0.507393505632553
person121_bacteria_578.jpeg,amplitude,157.07421875,26.169754525525597,0.9339538136675678,6.12109375,1.5407439555097887e-33,
person121_bacteria_578.jpeg,entangled_angle,3827.9375,12.30115522574679,0.6621032811757118,55.2265625,0.019432181251277506,0.8336560212495832
person121_bacteria_579.jpeg,basis,11904.3046875,7.373763268725466,0.37354652955805717,96.7109375,0.13827952624358586,
person121_bacteria_579.jpeg,angle,483.4765625,21.28704935238205,0.8981006711038334,8.3203125,5.315566646508771e-32,
person121_bacteria_579.jpeg,dense_angle,483.4765625,21.28704935238205,0.8981006711038334,8.3203125,8.666684749742561e-34,
person121_bacteria_579.jpeg,iqp,3082.26171875,13.242108484247817,0.6253936939691834,20.98828125,0.193938003941445,0.5055985520830966
person121_bacteria_579.jpeg,amplitude,483.4765625,21.28704935238205,0.8981006711038334,8.3203125,9.62964972193618e-35,
person121_bacteria_579.jpeg,entangled_angle,3692.859375,12.457175909435316,0.6804184622000237,51.84375,0.028409118387109553,0.782737390602418
person121_bacteria_580.jpeg,basis,4452.984375,11.644291896224239,0.6971648350425264,53.2109375,0.1343115645852183,
person121_bacteria_580.jpeg,angle,171.19140625,25.795984014139272,0.936608145829313,3.22265625,4.5837132676416213e-32,
person121_bacteria_580.jpeg,dense_angle,171.19140625,25.795984014139272,0.936608145829313,3.22265625,2.0222264416065976e-33,
person121_bacteria_580.jpeg,iqp,3365.0546875,12.860882342732975,0.6177379182639728,43.8046875,0.1876721195668144,0.5063746903033786
person121_bacteria_580.jpeg,amplitude,171.19140625,25.795984014139272,0.936608145829313,3.22265625,0.0,
person121_bacteria_580.jpeg,entangled_angle,4037.7578125,12.069400947618199,0.6304479272035515,56.6015625,0.027361771438939846,0.8034499111412422
person122_bacteria_581.jpeg,basis,5181.9140625,10.985901545514727,0.6013458008911603,51.3046875,0.10934662336968284,
person122_bacteria_581.jpeg,angle,449.5,21.603506647986627,0.885846167868475,5.8046875,3.5822296965602587e-32,
person122_bacteria_581.jpeg,dense_angle,449.5,21.603506647986627,0.885846167868475,5.8046875,1.126669017466533e-32,
person122_bacteria_581.jpeg,iqp,7515.34375,9.371315109664222,0.3511058496794944,68.84375,0.24228492255160428,0.5053311124414923
person122_bacteria_581.jpeg,amplitude,449.5,21.603506647986627,0.885846167868475,5.8046875,1.5407439555097887e-33,
person122_bacteria_581.jpeg,entangled_angle,5348.94140625,10.848125203259826,0.42714822508817557,56.72265625,0.08814503612224737,0.7481769349914471
person122_bacteria_582.jpeg,basis,5211.828125,10.960902756989805,0.6577718695090998,59.96875,0.1367986688218026,
person122_bacteria_582.jpeg,angle,196.42578125,25.198818717154086,0.9094915658453351,2.91796875,1.8103741477240017e-32,
person122_bacteria_582.jpeg,dense_angle,196.42578125,25.198818717154086,0.9094915658453351,2.91796875,8.08890576642639e-33,
person122_bacteria_582.jpeg,iqp,4335.8515625,11.760059551167846,0.5375437191948879,58.5390625,0.2513867164149219,0.5055911037970581
person122_bacteria_582.jpeg,amplitude,196.42578125,25.198818717154086,0.9094915658453351,2.91796875,0.0,
person122_bacteria_582.jpeg,entangled_angle,3299.81640625,12.945905834053537,0.5716290352888891,47.23046875,0.03813957001527794,0.7571442621146681
person122_bacteria_583.jpeg,basis,1751.80859375,15.695937083619375,0.7446031354326915,23.09765625,0.13745408482062837,
person122_bacteria_583.jpeg,angle,177.7421875,25.632898400748566,0.9037582293043684,4.4765625,1.4637067577342992e-32,
person122_bacteria_583.jpeg,dense_angle,177.7421875,25.632898400748566,0.9037582293043684,4.4765625,1.925929944387236e-33,
person122_bacteria_583.jpeg,iqp,4710.3828125,11.400241572208675,0.4945547341375912,61.5625,0.14923958071543142,0.5057359860942199
person122_bacteria_583.jpeg,amplitude,177.7421875,25.632898400748566,0.9037582293043684,4.4765625,3.851859888774472e-34,
person122_bacteria_583.jpeg,entangled_angle,2773.40234375,13.700674826368965,0.6863773441325542,46.58984375,0.02260552338610374,0.7794236899456055
person122_bacteria_584.jpeg,basis,7669.92578125,9.28289199389533,0.4774439619378945,75.59765625,0.1614091612290347,
person122_bacteria_584.jpeg,angle,126.95703125,27.094236024993293,0.9184513245667942,2.55859375,3.4666738998970245e-33,
person122_bacteria_584.jpeg,dense_angle,126.95703125,27.094236024993293,0.9184513245667942,2.55859375,7.703719777548943e-34,
person122_bacteria_584.jpeg,iqp,2455.36328125,14.229646039729818,0.5098525358052776,29.91015625,0.2387102525340617,0.5291825451069903
person122_bacteria_584.jpeg,amplitude,126.95703125,27.094236024993293,0.9184513245667942,2.55859375,0.0,
person122_bacteria_584.jpeg,entangled_angle,830.06640625,18.939675230529243,0.812756073034184,24.18359375,0.011307028508565017,0.8815705449552131
person122_bacteria_585.jpeg,basis,6239.53515625,10.179281248065369,0.5956491491141853,66.94921875,0.12448577499986413,
person122_bacteria_585.jpeg,angle,271.61328125,23.791293587625194,0.9104988086655194,5.12109375,2.5037089277034066e-32,
person122_bacteria_585.jpeg,dense_angle,271.61328125,23.791293587625194,0.9104988086655194,5.12109375,7.703719777548943e-34,
person122_bacteria_585.jpeg,iqp,4534.8046875,11.565217739850537,0.6321234866077562,62.515625,0.16062176210675766,0.5133569384391669
person122_bacteria_585.jpeg,amplitude,271.61328125,23.791293587625194,0.9104988086655194,5.12109375,0.0,
person122_bacteria_585.jpeg,entangled_angle,4305.78515625,11.790280046286695,0.5898030745982344,57.07421875,0.029990529945026552,0.7642406363559939
person122_bacteria_586.jpeg,basis,9922.42578125,8.164625017557416,0.5349747743892882,90.53515625,0.13759162771325317,
person122_bacteria_586.jpeg,angle,111.81640625,27.645748308318154,0.954128556704087,2.97265625,3.8903784876622164e-32,
person122_bacteria_586.jpeg,dense_angle,111.81640625,27.645748308318154,0.954128556704087,2.97265625,3.4666738998970245e-33,
person122_bacteria_586.jpeg,iqp,6463.17578125,10.026343931258419,0.49073002037730684,72.30859375,0.26686437825922316,0.5042273999420448
person122_bacteria_586.jpeg,amplitude,111.81640625,27.645748308318154,0.954128556704087,2.97265625,3.851859888774472e-34,
person122_bacteria_586.jpeg,entangled_angle,4017.3828125,12.091371436657282,0.6362916881043941,53.8984375,0.029082933295217495,0.7856856257432472
person123_bacteria_587.jpeg,basis,6584.21484375,9.945763673494813,0.5582176632577097,70.13671875,0.13134650951922877,
person123_bacteria_587.jpeg,angle,199.015625,25.14193186041674,0.9343154208882377,3.96875,4.1214900809886847e-32,
person123_bacteria_587.jpeg,dense_angle,199.015625,25.14193186041674,0.9343154208882377,3.96875,7.703719777548943e-34,
person123_bacteria_587.jpeg,iqp,3250.32421875,13.011536769994592,0.7039875112282905,51.12109375,0.1941984096315695,0.5107886468595235
person123_bacteria_587.jpeg,amplitude,199.015625,25.14193186041674,0.9343154208882377,3.96875,3.851859888774472e-34,
person123_bacteria_587.jpeg,entangled_angle,2550.94140625,14.063798776538663,0.7092345516079749,42.93359375,0.02274544277633692,0.7816457951433655
person124_bacteria_589.jpeg,basis,1723.328125,15.767123850393816,0.6751407602637941,15.5234375,0.14448446973214324,
person124_bacteria_589.jpeg,angle,222.1953125,24.6634546817511,0.8989988332096134,4.1875,2.0125967918846615e-32,
person124_bacteria_589.jpeg,dense_angle,222.1953125,24.6634546817511,0.8989988332096134,4.1875,1.925929944387236e-33,
person124_bacteria_589.jpeg,iqp,5753.2265625,10.531688839558942,0.3979926693074654,67.25,0.300557859329463,0.5099203997952839
person124_bacteria_589.jpeg,amplitude,222.1953125,24.6634546817511,0.8989988332096134,4.1875,1.6370404527291505e-33,
person124_bacteria_589.jpeg,entangled_angle,3742.5859375,12.399085794403852,0.48245476655819863,50.1796875,0.03440035656750831,0.7704842725608714
person124_bacteria_590.jpeg,basis,2630.54296875,13.930349606694945,0.5843007926076278,21.01171875,0.15263913253364592,
person124_bacteria_590.jpeg,angle,466.67578125,21.44065097678069,0.8138157691215371,4.45703125,2.04148574105047e-32,
person124_bacteria_590.jpeg,dense_angle,466.67578125,21.44065097678069,0.8138157691215371,4.45703125,3.851859888774472e-34,
person124_bacteria_590.jpeg,iqp,3886.51171875,12.235203793240789,0.2753801714855437,32.49609375,0.22155350339193228,0.5070332004235691
person124_bacteria_590.jpeg,amplitude,466.67578125,21.44065097678069,0.8138157691215371,4.45703125,0.0,
person124_bacteria_590.jpeg,entangled_angle,2988.15234375,13.376776257019948,0.5623642860680488,44.04296875,0.021598385911999977,0.7989769865635169
person124_bacteria_591.jpeg,basis,3707.8671875,12.439561911583645,0.6300156944123287,48.15625,0.13940696956438473,
person124_bacteria_591.jpeg,angle,312.71484375,23.179318643204915,0.9079862068406203,5.08203125,8.031127868094774e-32,
person124_bacteria_591.jpeg,dense_angle,312.71484375,23.179318643204915,0.9079862068406203,5.08203125,4.81482486096809e-34,
person124_bacteria_591.jpeg,iqp,6138.2421875,10.250363411220855,0.4467409552632495,68.703125,0.25764850986581295,0.5055679260764732
person124_bacteria_591.jpeg,amplitude,312.71484375,23.179318643204915,0.9079862068406203,5.08203125,1.5407439555097887e-33,
person124_bacteria_591.jpeg,entangled_angle,4430.77734375,11.666004345353162,0.49873935188157476,53.80078125,0.038752492595419866,0.742238363328559
person124_bacteria_592.jpeg,basis,5250.41015625,10.928871295308474,0.6038401211328839,56.87890625,0.14319614789511548,
person124_bacteria_592.jpeg,angle,201.3125,25.092096187041438,0.918753435363515,3.796875,3.851859888774472e-33,
person124_bacteria_592.jpeg,dense_angle,201.3125,25.092096187041438,0.918753435363515,3.796875,2.311115933264683e-33,
person124_bacteria_592.jpeg,iqp,4679.1171875,11.429164387261084,0.4815533488485111,57.9609375,0.15730406364539634,0.5063909892567942
person124_bacteria_592.jpeg,amplitude,201.3125,25.092096187041438,0.918753435363515,3.796875,9.62964972193618e-35,
person124_bacteria_592.jpeg,entangled_angle,3636.94921875,12.523431236489488,0.6056223793496388,52.44921875,0.026463375330727158,0.8117847279798669
person125_bacteria_594.jpeg,basis,8551.078125,8.810594865818315,0.5164453585767074,87.15625,0.15384392591738627,
person125_bacteria_594.jpeg,angle,235.53125,24.41031823916027,0.9091223595945732,5.5625,3.6207482954480034e-32,
person125_bacteria_594.jpeg,dense_angle,235.53125,24.41031823916027,0.9091223595945732,5.5625,1.5407439555097887e-33,
person125_bacteria_594.jpeg,iqp,3116.80078125,13.193713168101354,0.5474111864085992,33.12890625,0.1692921997155314,0.5136717674018068
person125_bacteria_594.jpeg,amplitude,235.53125,24.41031823916027,0.9091223595945732,5.5625,0.0,
person125_bacteria_594.jpeg,entangled_angle,2432.9921875,14.26939646483367,0.7477571810920557,44.1796875,0.01826201799321648,0.8304316415942163
person125_bacteria_595.jpeg,basis,7080.640625,9.63007808359492,0.5613978140220547,66.9296875,0.12478749109963816,
person125_bacteria_595.jpeg,angle,497.953125,21.158918986543615,0.8876204677744917,8.65625,1.5792625543975334e-32,
person125_bacteria_595.jpeg,dense_angle,497.953125,21.158918986543615,0.8876204677744917,8.65625,4.718528363748728e-33,
person125_bacteria_595.jpeg,iqp,5901.57421875,10.421124876452996,0.6502528985687155,68.66796875,0.2310962288650908,0.5077946307707634
person125_bacteria_595.jpeg,amplitude,497.953125,21.158918986543615,0.8876204677744917,8.65625,0.0,
person125_bacteria_595.jpeg,entangled_angle,4343.46484375,11.75244050208768,0.6216974910294132,55.21484375,0.03937481535643099,0.7435591340588988
person126_bacteria_598.jpeg,basis,7621.48828125,9.310405746697445,0.45134255364929254,76.73828125,0.14150680187375111,
person126_bacteria_598.jpeg,angle,299.9375,23.360495935914138,0.8448213166400922,5.0234375,9.437056727497456e-33,
person126_bacteria_598.jpeg,dense_angle,299.9375,23.360495935914138,0.8448213166400922,5.0234375,7.800016274768305e-33,
person126_bacteria_598.jpeg,iqp,6944.01171875,9.714699157812483,0.40796241102962805,75.51953125,0.2756310090078642,0.5061008983351354
person126_bacteria_598.jpeg,amplitude,299.9375,23.360495935914138,0.8448213166400922,5.0234375,7.703719777548943e-34,
person126_bacteria_598.jpeg,entangled_angle,4895.1171875,11.233172677368433,0.48681165485486083,60.359375,0.030705090287240694,0.7689703342024143
person126_bacteria_599.jpeg,basis,5557.9609375,10.681648707273514,0.548540436022772,64.75,0.15421462679848855,
person126_bacteria_599.jpeg,angle,313.36328125,23.170322547747823,0.8529222048216032,5.83203125,5.14223295151392e-32,
person126_bacteria_599.jpeg,dense_angle,313.36328125,23.170322547747823,0.8529222048216032,5.83203125,2.311115933264683e-33,
person126_bacteria_599.jpeg,iqp,9386.6171875,8.405712543844393,0.24579657844725566,86.859375,0.3296486842341529,0.5080522505444247
person126_bacteria_599.jpeg,amplitude,313.36328125,23.170322547747823,0.8529222048216032,5.83203125,4.81482486096809e-34,
person126_bacteria_599.jpeg,entangled_angle,5539.62890625,10.695996880827789,0.5076086197822466,66.43359375,0.027008480722342756,0.7666919102602239
person126_bacteria_600.jpeg,basis,7608.09765625,9.318042823725298,0.3150333407266183,78.25390625,0.12976871252078062,
person126_bacteria_600.jpeg,angle,330.734375,22.936010250501567,0.8182113338975066,5.890625,7.029644297013411e-33,
person126_bacteria_600.jpeg,dense_angle,330.734375,22.936010250501567,0.8182113338975066,5.890625,1.5407439555097887e-33,
person126_bacteria_600.jpeg,iqp,9474.4765625,8.365251350823977,0.27252072219125195,83.6640625,0.16076019886890347,0.5087275790382749
person126_bacteria_600.jpeg,amplitude,330.734375,22.936010250501567,0.8182113338975066,5.890625,3.851859888774472e-34,
person126_bacteria_600.jpeg,entangled_angle,7813.70703125,9.202232372011498,0.4532536947757053,82.64453125,0.034247007216237135,0.7378059189784034
person127_bacteria_602.jpeg,basis,7722.2890625,9.25334306664695,0.3684730804621673,76.5703125,0.14762293310699715,
person127_bacteria_602.jpeg,angle,226.0,24.589719217205094,0.9075413970970113,5.875,1.8585223963336826e-32,
person127_bacteria_602.jpeg,dense_angle,226.0,24.589719217205094,0.9075413970970113,5.875,2.0222264416065976e-33,
person127_bacteria_602.jpeg,iqp,8673.0078125,8.749106232722273,0.37298805849371036,82.609375,0.17026827251271826,0.5107030604199024
person127_bacteria_602.jpeg,amplitude,226.0,24.589719217205094,0.9075413970970113,5.875,4.81482486096809e-34,
person127_bacteria_602.jpeg,entangled_angle,6005.63671875,10.3452130270424,0.6027371410494529,71.45703125,0.023912385588232228,0.8053510298472258
person127_bacteria_603.jpeg,basis,8677.484375,8.746865205304982,0.4124420543448653,83.0859375,0.12825311637359382,
person127_bacteria_603.jpeg,angle,339.125,22.82720554098258,0.8889378151091107,5.296875,1.8970409952214273e-32,
person127_bacteria_603.jpeg,dense_angle,339.125,22.82720554098258,0.8889378151091107,5.296875,1.6370404527291505e-33,
person127_bacteria_603.jpeg,iqp,7673.61328125,9.2808045212121,0.4739669850897759,79.76171875,0.2783000530791946,0.5049081661572605
person127_bacteria_603.jpeg,amplitude,339.125,22.82720554098258,0.8889378151091107,5.296875,0.0,
person127_bacteria_603.jpeg,entangled_angle,5276.19921875,10.907591755913097,0.5817842864316417,64.41015625,0.02718034945574535,0.7619764032963664
person127_bacteria_604.jpeg,basis,5154.4453125,11.008984246493217,0.6650737964450478,52.6328125,0.11885005862075074,
person127_bacteria_604.jpeg,angle,292.90234375,23.463575140288533,0.9150022110577875,4.33984375,3.9000081373841526e-32,
person127_bacteria_604.jpeg,dense_angle,292.90234375,23.463575140288533,0.9150022110577875,4.33984375,1.4637067577342992e-32,
person127_bacteria_604.jpeg,iqp,5565.6953125,10.675609331641464,0.3009516730079255,46.6796875,0.2779833860336611,0.5048673835030915
person127_bacteria_604.jpeg,amplitude,292.90234375,23.463575140288533,0.9150022110577875,4.33984375,3.851859888774472e-34,
person127_bacteria_604.jpeg,entangled_angle,4256.37890625,11.840400786183192,0.44074725827148264,51.68359375,0.06149566213883054,0.7395089063663955
person128_bacteria_605.jpeg,basis,10323.828125,7.992395952348845,0.38025956386964516,91.8359375,0.15303322219783777,
person128_bacteria_605.jpeg,angle,225.8515625,24.592572613976365,0.9080983738548436,7.796875,4.08297148210094e-32,
person128_bacteria_605.jpeg,dense_angle,225.8515625,24.592572613976365,0.9080983738548436,7.796875,2.6963019221421302e-33,
person128_bacteria_605.jpeg,iqp,4129.734375,11.971582421852728,0.4332718465393805,44.6328125,0.2003296343850607,0.5068031102431757
person128_bacteria_605.jpeg,amplitude,225.8515625,24.592572613976365,0.9080983738548436,7.796875,0.0,
person128_bacteria_605.jpeg,entangled_angle,4069.16015625,12.035755774764565,0.6265027589318349,56.55078125,0.021740953586936514,0.8107918681562813
person128_bacteria_606.jpeg,basis,8867.9140625,8.652588850816258,0.41921202614846953,71.8828125,0.13859783175957577,
person128_bacteria_606.jpeg,angle,884.7109375,18.662789644695895,0.837117651796525,11.4765625,8.859277744181285e-33,
person128_bacteria_606.jpeg,dense_angle,884.7109375,18.662789644695895,0.837117651796525,11.4765625,5.488900341503622e-33,
person128_bacteria_606.jpeg,iqp,3981.69140625,12.130127630761054,0.5503653409929343,47.63671875,0.1469846529606806,0.5088798936488275
person128_bacteria_606.jpeg,amplitude,884.7109375,18.662789644695895,0.837117651796525,11.4765625,0.0,
person128_bacteria_606.jpeg,entangled_angle,2934.92578125,13.454832376355984,0.6254381262168512,40.69921875,0.025036217501382907,0.7870917526339987
person128_bacteria_607.jpeg,basis,8867.9140625,8.652588850816258,0.41921202614846953,71.8828125,0.13859783175957577,
person128_bacteria_607.jpeg,angle,884.7109375,18.662789644695895,0.837117651796525,11.4765625,8.859277744181285e-33,
person128_bacteria_607.jpeg,dense_angle,884.7109375,18.662789644695895,0.837117651796525,11.4765625,5.488900341503622e-33,
person128_bacteria_607.jpeg,iqp,3981.69140625,12.130127630761054,0.5503653409929343,47.63671875,0.1469846529606806,0.5088798936488275
person128_bacteria_607.jpeg,amplitude,884.7109375,18.662789644695895,0.837117651796525,11.4765625,0.0,
person128_bacteria_607.jpeg,entangled_angle,2934.92578125,13.454832376355984,0.6254381262168512,40.69921875,0.025036217501382907,0.7870917526339987
person128_bacteria_608.jpeg,basis,4908.1875,11.22159215806432,0.5477179711595914,52.1171875,0.13268141755555685,
person128_bacteria_608.jpeg,angle,214.34375,24.81969536329329,0.9078361985261978,5.8671875,1.3866695599588098e-32,
person128_bacteria_608.jpeg,dense_angle,214.34375,24.81969536329329,0.9078361985261978,5.8671875,4.237045877651919e-33,
person128_bacteria_608.jpeg,iqp,3209.43359375,13.066519667227652,0.489339088825791,42.56640625,0.14208002523216295,0.5062159006010825
person128_bacteria_608.jpeg,amplitude,214.34375,24.81969536329329,0.9078361985261978,5.8671875,3.851859888774472e-34,
person128_bacteria_608.jpeg,entangled_angle,2774.0625,13.699641193075209,0.6601102018431219,45.0703125,0.023818936101159278,0.7696531642309936
person130_bacteria_623.jpeg,basis,4414.88671875,11.681607963411745,0.5942557168434962,52.76171875,0.15091369622439466,
person130_bacteria_623.jpeg,angle,397.26171875,22.140036436268986,0.861099817598625,5.27734375,7.800016274768305e-33,
person130_bacteria_623.jpeg,dense_angle,397.26171875,22.140036436268986,0.861099817598625,5.27734375,3.0814879110195774e-33,
person130_bacteria_623.jpeg,iqp,6091.28515625,10.28371429912367,0.4204074609977749,65.08984375,0.253521571365651,0.5223282701262824
person130_bacteria_623.jpeg,amplitude,397.26171875,22.140036436268986,0.861099817598625,5.27734375,0.0,
person130_bacteria_623.jpeg,entangled_angle,4259.2578125,11.837464321918173,0.4854385621709927,53.7734375,0.041826613469681063,0.7778627937865239
person130_bacteria_625.jpeg,basis,3353.99609375,12.875178084010061,0.7180367118038501,49.33984375,0.12730996517472432,
person130_bacteria_625.jpeg,angle,141.2421875,26.631159257532428,0.9442843471683209,4.8359375,1.7429665996704484e-32,
person130_bacteria_625.jpeg,dense_angle,141.2421875,26.631159257532428,0.9442843471683209,4.8359375,9.629649721936179e-33,
person130_bacteria_625.jpeg,iqp,7102.21484375,9.616865551884548,0.45369416786903005,78.18359375,0.3132709208329516,0.5044489262000345
person130_bacteria_625.jpeg,amplitude,141.2421875,26.631159257532428,0.9442843471683209,4.8359375,3.851859888774472e-34,
person130_bacteria_625.jpeg,entangled_angle,4901.70703125,11.22733010401004,0.561188714185401,61.98046875,0.03505690427668591,0.7445980388664899
person130_bacteria_626.jpeg,basis,6024.921875,10.331289410693659,0.6383393003687359,70.7109375,0.14074842247911157,
person130_bacteria_626.jpeg,angle,169.3984375,25.841709607070918,0.9121520704277757,4.3203125,3.3607477529557266e-32,
person130_bacteria_626.jpeg,dense_angle,169.3984375,25.841709607070918,0.9121520704277757,4.3203125,3.177784408238939e-33,
person130_bacteria_626.jpeg,iqp,7085.24609375,9.627254215559148,0.4155961836842315,75.98828125,0.3259019650449286,0.5061359857510119
person130_bacteria_626.jpeg,amplitude,169.3984375,25.841709607070918,0.9121520704277757,4.3203125,9.62964972193618e-35,
person130_bacteria_626.jpeg,entangled_angle,4734.71484375,11.377865328644305,0.5455570507000848,60.48828125,0.02679433529628192,0.7698551626237626
person130_bacteria_627.jpeg,basis,5144.0703125,11.017734646916235,0.5768808105411747,61.796875,0.13544164610691778,
person130_bacteria_627.jpeg,angle,134.42578125,26.845977916973432,0.9411687904811938,5.06640625,2.4266717299279172e-32,
person130_bacteria_627.jpeg,dense_angle,134.42578125,26.845977916973432,0.9411687904811938,5.06640625,4.622231866529366e-33,
person130_bacteria_627.jpeg,iqp,3793.578125,12.340313285092039,0.689662991257797,57.0,0.1496111999673137,0.5067299713822401
person130_bacteria_627.jpeg,amplitude,134.42578125,26.845977916973432,0.9411687904811938,5.06640625,1.925929944387236e-33,
person130_bacteria_627.jpeg,entangled_angle,3520.69921875,12.664514369669629,0.6477895580076091,52.10546875,0.021994778773342844,0.7976160373090179
person130_bacteria_628.jpeg,basis,2119.84375,14.867765098512356,0.742146391693837,23.8125,0.14382609604236296,
person130_bacteria_628.jpeg,angle,313.38671875,23.169997736358134,0.8870740000183146,4.44140625,1.3866695599588098e-32,
person130_bacteria_628.jpeg,dense_angle,313.38671875,23.169997736358134,0.8870740000183146,4.44140625,1.1555579666323415e-33,
person130_bacteria_628.jpeg,iqp,3284.56640625,12.966023141567806,0.4488902587517444,46.75390625,0.1718515604229377,0.5118289856346576
person130_bacteria_628.jpeg,amplitude,313.38671875,23.169997736358134,0.8870740000183146,4.44140625,0.0,
person130_bacteria_628.jpeg,entangled_angle,1900.94921875,15.341098454286787,0.5196620552770735,33.25390625,0.032255549552940396,0.8026120797806753
person131_bacteria_629.jpeg,basis,5638.03125,10.619528821551455,0.5400612051438253,68.2421875,0.13571708909994362,
person131_bacteria_629.jpeg,angle,371.19140625,22.434824479046185,0.8479292669466956,5.02734375,1.9740781929969167e-32,
person131_bacteria_629.jpeg,dense_angle,371.19140625,22.434824479046185,0.8479292669466956,5.02734375,5.8740863303810694e-33,
person131_bacteria_629.jpeg,iqp,6269.7265625,10.15831760226491,0.5063428455068025,71.625,0.1561749624386891,0.5150273872946074
person131_bacteria_629.jpeg,amplitude,371.19140625,22.434824479046185,0.8479292669466956,5.02734375,0.0,
person131_bacteria_629.jpeg,entangled_angle,4641.3125,11.4643955037679,0.6231862780854933,62.890625,0.02350063789600628,0.7926483652583726
person132_bacteria_632.jpeg,basis,8321.39453125,8.928842477410836,0.34631815586714454,83.04296875,0.1433468554168813,
person132_bacteria_632.jpeg,angle,246.28125,24.216490116820836,0.8831265564412581,6.7734375,9.340760230278094e-33,
person132_bacteria_632.jpeg,dense_angle,246.28125,24.216490116820836,0.8831265564412581,6.7734375,8.08890576642639e-33,
person132_bacteria_632.jpeg,iqp,8161.0546875,9.013340727804014,0.5207230046714127,84.5703125,0.177383171188376,0.5099478065556295
person132_bacteria_632.jpeg,amplitude,246.28125,24.216490116820836,0.8831265564412581,6.7734375,7.703719777548943e-34,
person132_bacteria_632.jpeg,entangled_angle,6577.06640625,9.950481340729166,0.616668077042284,77.60546875,0.02647221754247269,0.7978477486398191
person133_bacteria_633.jpeg,basis,2058.296875,14.995723461869861,0.696076608789697,32.8359375,0.16079991384325132,
person133_bacteria_633.jpeg,angle,244.81640625,24.24239842389916,0.9031442851172126,5.44140625,1.0014835710813626e-32,
person133_bacteria_633.jpeg,dense_angle,244.81640625,24.24239842389916,0.9031442851172126,5.44140625,4.237045877651919e-33,
person133_bacteria_633.jpeg,iqp,2272.27734375,14.566190226012889,0.6584952178117915,40.82421875,0.16317972931454477,0.5185943223894633
person133_bacteria_633.jpeg,amplitude,244.81640625,24.24239842389916,0.9031442851172126,5.44140625,0.0,
person133_bacteria_633.jpeg,entangled_angle,1511.30859375,16.337272089848547,0.6822563610939966,29.46484375,0.019821683451328606,0.8353464445654393
person133_bacteria_634.jpeg,basis,1652.453125,15.94951212130854,0.7434098856380035,15.421875,0.13021241848285403,
person133_bacteria_634.jpeg,angle,322.40234375,23.046821705574626,0.8981233368919272,4.76953125,2.359264181874364e-32,
person133_bacteria_634.jpeg,dense_angle,322.40234375,23.046821705574626,0.8981233368919272,4.76953125,2.0222264416065976e-33,
person133_bacteria_634.jpeg,iqp,4633.87890625,11.471356803640107,0.5452017500544017,59.41015625,0.24152867792507052,0.5049446014330556
person133_bacteria_634.jpeg,amplitude,322.40234375,23.046821705574626,0.8981233368919272,4.76953125,0.0,
person133_bacteria_634.jpeg,entangled_angle,3321.27734375,12.91775217931065,0.6046363582912311,47.12890625,0.02758755552928171,0.7486168823713064
person133_bacteria_635.jpeg,basis,5774.6796875,10.515524612750305,0.6354821216596508,65.8046875,0.13283577686907458,
person133_bacteria_635.jpeg,angle,267.32421875,23.860420545879283,0.9119045400615974,6.76171875,1.0014835710813626e-32,
person133_bacteria_635.jpeg,dense_angle,267.32421875,23.860420545879283,0.9119045400615974,6.76171875,3.851859888774472e-34,
person133_bacteria_635.jpeg,iqp,5150.43359375,11.012365688274222,0.3312787013638423,56.32421875,0.24924402998744538,0.505644079974755
person133_bacteria_635.jpeg,amplitude,267.32421875,23.860420545879283,0.9119045400615974,6.76171875,3.851859888774472e-34,
person133_bacteria_635.jpeg,entangled_angle,2722.265625,13.78149861659862,0.6138377108492772,42.8046875,0.029876120761789537,0.7647695046057723
person133_bacteria_637.jpeg,basis,10304.203125,8.000659495946874,0.3786415431309395,90.3671875,0.12732824752214825,
person133_bacteria_637.jpeg,angle,506.6953125,21.083334742697602,0.9055920385623155,7.7578125,1.3192620119052566e-32,
person133_bacteria_637.jpeg,dense_angle,506.6953125,21.083334742697602,0.9055920385623155,7.7578125,3.4666738998970245e-33,
person133_bacteria_637.jpeg,iqp,3848.140625,12.278294265183522,0.6736060490591708,50.5078125,0.20486766581272134,0.5071813552701305
person133_bacteria_637.jpeg,amplitude,506.6953125,21.083334742697602,0.9055920385623155,7.7578125,4.81482486096809e-34,
person133_bacteria_637.jpeg,entangled_angle,3859.8046875,12.265150316591233,0.539854027490176,46.9296875,0.05221926854013818,0.727810818899614
person133_bacteria_638.jpeg,basis,12162.46484375,7.2805876294093235,0.44114731817539615,92.52734375,0.16345165590720068,
person133_bacteria_638.jpeg,angle,422.046875,21.877196719363724,0.8727871828842363,8.453125,5.3926038442842604e-33,
person133_bacteria_638.jpeg,dense_angle,422.046875,21.877196719363724,0.8727871828842363,8.453125,4.237045877651919e-33,
person133_bacteria_638.jpeg,iqp,1490.5625,16.397301699417007,0.789979306402691,21.3515625,0.20568495553678906,0.5071879930186802
person133_bacteria_638.jpeg,amplitude,422.046875,21.877196719363724,0.8727871828842363,8.453125,3.851859888774472e-34,
person133_bacteria_638.jpeg,entangled_angle,1411.3203125,16.634547686841646,0.7367434847177893,28.1796875,0.01704489795200826,0.8557903845420579
person134_bacteria_640.jpeg,basis,8016.46484375,9.090974685595146,0.6768664823880647,81.36328125,0.13913724992328028,
person134_bacteria_640.jpeg,angle,336.17578125,22.86513938047461,0.8497491508174617,5.93359375,3.8903784876622164e-32,
person134_bacteria_640.jpeg,dense_angle,336.17578125,22.86513938047461,0.8497491508174617,5.93359375,3.0814879110195774e-33,
person134_bacteria_640.jpeg,iqp,6873.4140625,9.759078537633945,0.4891126823534633,77.375,0.1711924522789121,0.5083614414788801
person134_bacteria_640.jpeg,amplitude,336.17578125,22.86513938047461,0.8497491508174617,5.93359375,7.703719777548943e-34,
person134_bacteria_640.jpeg,entangled_angle,4044.73828125,12.061899354600875,0.6222960467422617,56.19140625,0.02532143645420881,0.7859679997933664
person134_bacteria_641.jpeg,basis,5081.4453125,11.070931048895057,0.6963802671382606,64.625,0.11465617445460058,
person134_bacteria_641.jpeg,angle,227.1640625,24.56740734059709,0.8974904865363428,5.3828125,1.444447458290427e-32,
person134_bacteria_641.jpeg,dense_angle,227.1640625,24.56740734059709,0.8974904865363428,5.3828125,3.177784408238939e-33,
person134_bacteria_641.jpeg,iqp,12939.9921875,7.011463467397623,0.4202685462365522,109.515625,0.2310265264470469,0.5041229820510669
person134_bacteria_641.jpeg,amplitude,227.1640625,24.56740734059709,0.8974904865363428,5.3828125,1.6370404527291505e-33,
person134_bacteria_641.jpeg,entangled_angle,9003.9765625,8.586460050136802,0.5495641035824526,90.0859375,0.037358372113915066,0.7314760483531664
person134_bacteria_642.jpeg,basis,11715.5546875,7.443175052360351,0.3098802563137042,100.7890625,0.14539248808440408,
person134_bacteria_642.jpeg,angle,573.0625,20.54878370794251,0.7629145996391222,4.8203125,1.4637067577342992e-32,
person134_bacteria_642.jpeg,dense_angle,573.0625,20.54878370794251,0.7629145996391222,4.8203125,2.311115933264683e-33,
person134_bacteria_642.jpeg,iqp,4190.9453125,11.907683670907204,0.5949605458428122,56.3515625,0.13263739892900747,0.512639739733556
person134_bacteria_642.jpeg,amplitude,573.0625,20.54878370794251,0.7629145996391222,4.8203125,7.703719777548943e-34,
person134_bacteria_642.jpeg,entangled_angle,4282.08984375,11.814245857573365,0.6570442477216163,59.65234375,0.019914551212631117,0.8252201114180744
person134_bacteria_643.jpeg,basis,5779.62890625,10.511804063819362,0.6440479194917422,67.51953125,0.11683272373427436,
person134_bacteria_643.jpeg,angle,268.41796875,23.84268775347995,0.8642417089245786,3.81640625,1.4637067577342992e-32,
person134_bacteria_643.jpeg,dense_angle,268.41796875,23.84268775347995,0.8642417089245786,3.81640625,1.0785207688568521e-32,
person134_bacteria_643.jpeg,iqp,7279.75390625,9.50963662731266,0.4985679797961497,79.80859375,0.1398625314875936,0.507975585745637
person134_bacteria_643.jpeg,amplitude,268.41796875,23.84268775347995,0.8642417089245786,3.81640625,8.666684749742561e-34,
person134_bacteria_643.jpeg,entangled_angle,7055.6875,9.645410234424235,0.5661130535191002,79.6875,0.032593083654129926,0.7470449734724354
person134_bacteria_644.jpeg,basis,5779.62890625,10.511804063819362,0.6440479194917422,67.51953125,0.11683272373427436,
person134_bacteria_644.jpeg,angle,268.41796875,23.84268775347995,0.8642417089245786,3.81640625,1.4637067577342992e-32,
person134_bacteria_644.jpeg,dense_angle,268.41796875,23.84268775347995,0.8642417089245786,3.81640625,1.0785207688568521e-32,
person134_bacteria_644.jpeg,iqp,7279.75390625,9.50963662731266,0.4985679797961497,79.80859375,0.1398625314875936,0.507975585745637
person134_bacteria_644.jpeg,amplitude,268.41796875,23.84268775347995,0.8642417089245786,3.81640625,8.666684749742561e-34,
person134_bacteria_644.jpeg,entangled_angle,7055.6875,9.645410234424235,0.5661130535191002,79.6875,0.032593083654129926,0.7470449734724354
person135_bacteria_646.jpeg,basis,13715.60546875,6.758653767849584,0.37081505839634105,111.80078125,0.14838941867863176,
person135_bacteria_646.jpeg,angle,132.25390625,26.916718526539473,0.9191589849809918,2.87890625,1.1555579666323415e-32,
person135_bacteria_646.jpeg,dense_angle,132.25390625,26.916718526539473,0.9191589849809918,2.87890625,1.348150961071065e-32,
person135_bacteria_646.jpeg,iqp,2753.95703125,13.731232009951533,0.6846566831347181,48.64453125,0.12543356754537002,0.5193673943814745
person135_bacteria_646.jpeg,amplitude,132.25390625,26.916718526539473,0.9191589849809918,2.87890625,1.5407439555097887e-33,
person135_bacteria_646.jpeg,entangled_angle,2856.86328125,13.571909036911302,0.6836511219780088,49.00390625,0.018756623725444104,0.8290275986626968
person135_bacteria_647.jpeg,basis,8596.90234375,8.787383674565577,0.5032242368246361,85.53515625,0.12198326447368057,
person135_bacteria_647.jpeg,angle,237.65625,24.37131120798799,0.8990277047417919,3.1171875,2.0800043399382147e-32,
person135_bacteria_647.jpeg,dense_angle,237.65625,24.37131120798799,0.8990277047417919,3.1171875,7.703719777548943e-34,
person135_bacteria_647.jpeg,iqp,2630.65625,13.930162586893033,0.658418013473107,37.8359375,0.10334411720008976,0.5157440445414081
person135_bacteria_647.jpeg,amplitude,237.65625,24.37131120798799,0.8990277047417919,3.1171875,0.0,
person135_bacteria_647.jpeg,entangled_angle,4709.80859375,11.400771030738941,0.5837112312696935,62.92578125,0.024561142076090503,0.7988055771565785
person136_bacteria_648.jpeg,basis,12669.609375,7.103171357948245,0.35379418560959025,102.40625,0.17338195066198903,
person136_bacteria_648.jpeg,angle,280.3671875,23.653531758298485,0.8713791518476972,5.671875,1.9259299443872359e-32,
person136_bacteria_648.jpeg,dense_angle,280.3671875,23.653531758298485,0.8713791518476972,5.671875,5.007417855406813e-33,
person136_bacteria_648.jpeg,iqp,3166.140625,13.125501606052442,0.49274596984103786,36.46875,0.2024242501142291,0.5103749178386199
person136_bacteria_648.jpeg,amplitude,280.3671875,23.653531758298485,0.8713791518476972,5.671875,3.851859888774472e-34,
person136_bacteria_648.jpeg,entangled_angle,1841.28125,15.479602301618856,0.6887549541243834,36.484375,0.011785171833897918,0.8967894677507384
person136_bacteria_649.jpeg,basis,6001.74609375,10.348027423908349,0.5651133350231075,66.66015625,0.11237497008396574,
person136_bacteria_649.jpeg,angle,206.671875,24.977989813058127,0.8945117591475186,6.109375,7.790386625046369e-32,
person136_bacteria_649.jpeg,dense_angle,206.671875,24.977989813058127,0.8945117591475186,6.109375,7.800016274768305e-33,
person136_bacteria_649.jpeg,iqp,7889.44921875,9.160336757328906,0.29347579892454884,72.93359375,0.3113622435554666,0.5060549571754923
person136_bacteria_649.jpeg,amplitude,206.671875,24.977989813058127,0.8945117591475186,6.109375,1.1555579666323415e-33,
person136_bacteria_649.jpeg,entangled_angle,7797.12109375,9.211460817531687,0.4454637163131104,80.87109375,0.04434077985545165,0.6753365376545932
person136_bacteria_650.jpeg,basis,7592.2265625,9.327112013096563,0.4808077836113073,80.9609375,0.16343820503119466,
person136_bacteria_650.jpeg,angle,244.203125,24.25329143676851,0.8928006060223962,4.1171875,5.238529448733282e-32,
person136_bacteria_650.jpeg,dense_angle,244.203125,24.25329143676851,0.8928006060223962,4.1171875,6.933347799794049e-33,
person136_bacteria_650.jpeg,iqp,3646.44921875,12.51210191006799,0.42614667223556674,42.73046875,0.15495822861098835,0.5098607767834273
person136_bacteria_650.jpeg,amplitude,244.203125,24.25329143676851,0.8928006060223962,4.1171875,1.925929944387236e-33,
person136_bacteria_650.jpeg,entangled_angle,3115.9453125,13.194905340393664,0.678448609719608,50.2421875,0.018408246385473677,0.8238572194905807
person136_bacteria_652.jpeg,basis,6396.61328125,10.07130265409989,0.5317089387808565,70.11328125,0.1536745139114184,
person136_bacteria_652.jpeg,angle,271.37109375,23.79516775810426,0.9033557867133472,5.59765625,4.785935911802281e-32,
person136_bacteria_652.jpeg,dense_angle,271.37109375,23.79516775810426,0.9033557867133472,5.59765625,2.0222264416065976e-33,
person136_bacteria_652.jpeg,iqp,7864.69921875,9.17398242953105,0.3726532371616087,78.73046875,0.32167510175719904,0.5095194583209884
person136_bacteria_652.jpeg,amplitude,271.37109375,23.79516775810426,0.9033557867133472,5.59765625,4.81482486096809e-34,
person136_bacteria_652.jpeg,entangled_angle,5130.3828125,11.02930588903549,0.5114918753871561,61.5078125,0.028902207870109692,0.7596780578292699
person136_bacteria_654.jpeg,basis,7648.71484375,9.294918908325752,0.550480914660429,77.96484375,0.16315758101978328,
person136_bacteria_654.jpeg,angle,1330.7734375,16.889762371880362,0.7301293835135014,6.703125,7.703719777548943e-33,
person136_bacteria_654.jpeg,dense_angle,1330.7734375,16.889762371880362,0.7301293835135014,6.703125,4.237045877651919e-33,
person136_bacteria_654.jpeg,iqp,3690.7109375,12.459703289924178,0.4597216494307753,29.9609375,0.1995288693215392,0.5282584369268062
person136_bacteria_654.jpeg,amplitude,1330.7734375,16.889762371880362,0.7301293835135014,6.703125,7.703719777548943e-34,
person136_bacteria_654.jpeg,entangled_angle,3126.56640625,13.180127036191212,0.5663132645897347,41.55078125,0.01514243665801031,0.8718825589744668
person137_bacteria_655.jpeg,basis,4640.7421875,11.464929186406842,0.6859733605022003,59.8203125,0.1592037542208328,
person137_bacteria_655.jpeg,angle,237.8984375,24.36688771236514,0.909628206743304,5.4765625,2.9755617640782794e-32,
person137_bacteria_655.jpeg,dense_angle,237.8984375,24.36688771236514,0.909628206743304,5.4765625,3.562970397116386e-33,
person137_bacteria_655.jpeg,iqp,4444.3984375,11.652673746290143,0.3957732653621013,45.78125,0.2098113177729975,0.5099879216689407
person137_bacteria_655.jpeg,amplitude,237.8984375,24.36688771236514,0.909628206743304,5.4765625,2.0222264416065976e-33,
person137_bacteria_655.jpeg,entangled_angle,3956.1328125,12.158094978700497,0.6281311789593319,56.65625,0.023749513070329895,0.8023898735615922
person138_bacteria_657.jpeg,basis,5102.38671875,11.053069894137375,0.6474103573666181,53.69140625,0.148017889427013,
person138_bacteria_657.jpeg,angle,567.140625,20.59389603404854,0.7961654552265088,6.984375,1.0400021699691074e-32,
person138_bacteria_657.jpeg,dense_angle,567.140625,20.59389603404854,0.7961654552265088,6.984375,3.0814879110195774e-33,
person138_bacteria_657.jpeg,iqp,2373.171875,14.377511680947418,0.4352132887559671,17.3828125,0.09784124059893227,0.5110655487606672
person138_bacteria_657.jpeg,amplitude,567.140625,20.59389603404854,0.7961654552265088,6.984375,0.0,
person138_bacteria_657.jpeg,entangled_angle,2317.67578125,14.48027678274963,0.6793606190547951,38.76953125,0.018128104641933415,0.8174958938917714
person138_bacteria_658.jpeg,basis,9445.91015625,8.378365503524481,0.3229083932442767,85.00390625,0.1115318088650738,
person138_bacteria_658.jpeg,angle,1113.31640625,17.664617518252044,0.6435112709265987,15.33984375,1.126669017466533e-32,
person138_bacteria_658.jpeg,dense_angle,1113.31640625,17.664617518252044,0.6435112709265987,15.33984375,2.4074124304840448e-33,
person138_bacteria_658.jpeg,iqp,3141.33984375,13.159654380697045,0.4585194132205762,8.66796875,0.1374118687928796,0.5096818726256394
person138_bacteria_658.jpeg,amplitude,1113.31640625,17.664617518252044,0.6435112709265987,15.33984375,9.62964972193618e-35,
person138_bacteria_658.jpeg,entangled_angle,5512.625,10.71721910556233,0.5067558137059046,62.28125,0.035668129946654414,0.7204100229740436
person138_bacteria_659.jpeg,basis,8235.34375,8.973986291760541,0.3216409781339092,75.84375,0.10324115774559911,
person138_bacteria_659.jpeg,angle,1262.5078125,17.11846286619673,0.7462035010506234,11.7578125,1.6755590516168952e-32,
person138_bacteria_659.jpeg,dense_angle,1262.5078125,17.11846286619673,0.7462035010506234,11.7578125,3.274080905458301e-33,
person138_bacteria_659.jpeg,iqp,13614.71484375,6.790718112685161,0.37505872900326404,107.23828125,0.3645044518491002,0.5096219823932515
person138_bacteria_659.jpeg,amplitude,1262.5078125,17.11846286619673,0.7462035010506234,11.7578125,9.62964972193618e-35,
person138_bacteria_659.jpeg,entangled_angle,8921.92578125,8.626217547091905,0.5156337208170317,84.33203125,0.04105018860300487,0.6844197953962583
person139_bacteria_661.jpeg,basis,5298.02734375,10.88966165455378,0.5961364049164587,61.06640625,0.1481546383976291,
person139_bacteria_661.jpeg,angle,251.37890625,24.12751528582301,0.8731360136014352,6.96484375,5.3926038442842604e-33,
person139_bacteria_661.jpeg,dense_angle,251.37890625,24.12751528582301,0.8731360136014352,6.96484375,4.237045877651919e-33,
person139_bacteria_661.jpeg,iqp,5192.5,10.977038556607736,0.4639363122679758,63.9296875,0.2854698055467292,0.5055240126744414
person139_bacteria_661.jpeg,amplitude,251.37890625,24.12751528582301,0.8731360136014352,6.96484375,4.81482486096809e-34,
person139_bacteria_661.jpeg,entangled_angle,3223.03515625,13.04815318128735,0.5808405068688893,47.28515625,0.02563658286037597,0.7854047614447781
person139_bacteria_662.jpeg,basis,1757.625,15.681541396199814,0.6811595826892914,11.0078125,0.1642825388500422,
person139_bacteria_662.jpeg,angle,244.4140625,24.249541712022385,0.8905800085552015,7.71875,4.044452883213195e-33,
person139_bacteria_662.jpeg,dense_angle,244.4140625,24.249541712022385,0.8905800085552015,7.71875,2.5037089277034066e-33,
person139_bacteria_662.jpeg,iqp,6532.33203125,9.980121095315582,0.4396240214609605,72.99609375,0.31363792563837545,0.5093796953257955
person139_bacteria_662.jpeg,amplitude,244.4140625,24.249541712022385,0.8905800085552015,7.71875,3.851859888774472e-34,
person139_bacteria_662.jpeg,entangled_angle,4011.5078125,12.097727185304842,0.5774673961045381,54.4296875,0.02669570917276729,0.7780615744025283
person139_bacteria_663.jpeg,basis,9514.35546875,8.347009876716989,0.44046919404307894,86.73046875,0.1406811786948167,
person139_bacteria_663.jpeg,angle,339.36328125,22.824155105503287,0.8858702909662369,5.23828125,9.629649721936179e-33,
person139_bacteria_663.jpeg,dense_angle,339.36328125,22.824155105503287,0.8858702909662369,5.23828125,2.0222264416065976e-33,
person139_bacteria_663.jpeg,iqp,4581.68359375,11.520552668991062,0.3187090588890707,35.57421875,0.2683521359398978,0.5078002278687084
person139_bacteria_663.jpeg,amplitude,339.36328125,22.824155105503287,0.8858702909662369,5.23828125,4.81482486096809e-34,
person139_bacteria_663.jpeg,entangled_angle,4879.265625,11.247258993181282,0.5257084058310313,60.6484375,0.02968050885438588,0.7404786792276858
person139_bacteria_664.jpeg,basis,5605.765625,10.64445424756704,0.5874806363582143,65.453125,0.15091425038360573,
person139_bacteria_664.jpeg,angle,378.88671875,22.34570978804002,0.8542607483269342,10.91796875,8.859277744181285e-33,
person139_bacteria_664.jpeg,dense_angle,378.88671875,22.34570978804002,0.8542607483269342,10.91796875,2.311115933264683e-33,
person139_bacteria_664.jpeg,iqp,4089.93359375,12.013641042302671,0.3995981387627138,36.48828125,0.20069665770942552,0.5105616999393416
person139_bacteria_664.jpeg,amplitude,378.88671875,22.34570978804002,0.8542607483269342,10.91796875,7.703719777548943e-34,
person139_bacteria_664.jpeg,entangled_angle,3564.9453125,12.610274888572064,0.5962761233260444,50.9921875,0.024614996465466027,0.808847860284972
person139_bacteria_665.jpeg,basis,7132.4296875,9.598428618540819,0.5640587566775237,75.5859375,0.147753978250865,
person139_bacteria_665.jpeg,angle,408.84765625,22.015188483984957,0.8623834252850151,8.98828125,2.860005967415045e-32,
person139_bacteria_665.jpeg,dense_angle,408.84765625,22.015188483984957,0.8623834252850151,8.98828125,5.103714352626175e-33,
person139_bacteria_665.jpeg,iqp,4621.6171875,11.4828639121803,0.39994614594480155,45.234375,0.19839445843682943,0.5125034220949756
person139_bacteria_665.jpeg,amplitude,408.84765625,22.015188483984957,0.8623834252850151,8.98828125,4.81482486096809e-34,
person139_bacteria_665.jpeg,entangled_angle,4046.57421875,12.059928506140746,0.589101933274503,55.67578125,0.023884305872778473,0.7845139179814413
person139_bacteria_666.jpeg,basis,3784.625,12.350575070183364,0.641361717821841,47.4765625,0.12842253972143214,
person139_bacteria_666.jpeg,angle,453.9296875,21.560917738602225,0.8741770408267516,9.078125,2.9755617640782794e-32,
person139_bacteria_666.jpeg,dense_angle,453.9296875,21.560917738602225,0.8741770408267516,9.078125,1.925929944387236e-34,
person139_bacteria_666.jpeg,iqp,6827.08984375,9.788447427111038,0.3305264227980153,55.73046875,0.19294791377568926,0.5156719352946523
person139_bacteria_666.jpeg,amplitude,453.9296875,21.560917738602225,0.8741770408267516,9.078125,1.6370404527291505e-33,
person139_bacteria_666.jpeg,entangled_angle,4857.1640625,11.266975877973698,0.5519211272920664,58.578125,0.040068805766092196,0.7467243610318848
person140_bacteria_667.jpeg,basis,11899.65234375,7.375460874918938,0.5400347981560757,99.89453125,0.16902093191737133,
person140_bacteria_667.jpeg,angle,445.23046875,21.644954838278494,0.8377660114365333,6.16015625,4.6992690643048555e-32,
person140_bacteria_667.jpeg,dense_angle,445.23046875,21.644954838278494,0.8377660114365333,6.16015625,3.0814879110195774e-33,
person140_bacteria_667.jpeg,iqp,1773.64453125,15.64213776705681,0.5695234332389869,6.83203125,0.08009691015496385,0.5130553086992364
person140_bacteria_667.jpeg,amplitude,445.23046875,21.644954838278494,0.8377660114365333,6.16015625,1.5407439555097887e-33,
person140_bacteria_667.jpeg,entangled_angle,2041.09375,15.032174080025912,0.7034144300213279,37.453125,0.012672874480713473,0.8876028135795322
person140_bacteria_668.jpeg,basis,3389.32421875,12.829672459463916,0.7039901933480185,45.42578125,0.10483624945757622,
person140_bacteria_668.jpeg,angle,285.30859375,23.577655076756272,0.9214477204737648,5.76171875,1.0342243801359457e-31,
person140_bacteria_668.jpeg,dense_angle,285.30859375,23.577655076756272,0.9214477204737648,5.76171875,1.7333369499485123e-33,
person140_bacteria_668.jpeg,iqp,6417.9140625,10.056864633829521,0.4975795326844646,67.734375,0.11043741471119056,0.5039960603435998
person140_bacteria_668.jpeg,amplitude,285.30859375,23.577655076756272,0.9214477204737648,5.76171875,9.62964972193618e-35,
person140_bacteria_668.jpeg,entangled_angle,4997.64453125,11.14314998154456,0.5551380998703958,60.63671875,0.050691191108680866,0.6978758914295576
person141_bacteria_670.jpeg,basis,4988.9375,11.150722976132627,0.6231904803230096,60.59375,0.14322104130575852,
person141_bacteria_670.jpeg,angle,238.65625,24.353075485852177,0.8626205017880534,6.8984375,1.5503736052317249e-32,
person141_bacteria_670.jpeg,dense_angle,238.65625,24.353075485852177,0.8626205017880534,6.8984375,5.007417855406813e-33,
person141_bacteria_670.jpeg,iqp,8944.0390625,8.615466735689486,0.3954243286010384,85.9140625,0.2981307258277174,0.5048341985157238
person141_bacteria_670.jpeg,amplitude,238.65625,24.353075485852177,0.8626205017880534,6.8984375,4.81482486096809e-34,
person141_bacteria_670.jpeg,entangled_angle,6070.42578125,10.29861207195907,0.5008198064938029,67.41796875,0.03071992377282661,0.7774053527292042
person141_bacteria_676.jpeg,basis,5614.71875,10.63752354212056,0.5136233877214823,65.125,0.1128889123828476,
person141_bacteria_676.jpeg,angle,251.76953125,24.12077189546606,0.8839012251946471,6.10546875,3.3125995043460457e-32,
person141_bacteria_676.jpeg,dense_angle,251.76953125,24.12077189546606,0.8839012251946471,6.10546875,8.185202263645752e-33,
person141_bacteria_676.jpeg,iqp,1764.66015625,15.664192808756901,0.7313054432565457,24.02734375,0.11519955626736289,0.51069403379736
person141_bacteria_676.jpeg,amplitude,251.76953125,24.12077189546606,0.8839012251946471,6.10546875,1.5407439555097887e-33,
person141_bacteria_676.jpeg,entangled_angle,6237.62890625,10.18060827054968,0.5045531085130842,72.15234375,0.03824789007074149,0.7318848657474246
person141_bacteria_677.jpeg,basis,18168.77734375,5.5375465814593285,0.28280163598337227,130.24609375,0.1778697412359994,
person141_bacteria_677.jpeg,angle,174.5390625,25.71187721952747,0.8800555422157733,5.375,1.771855548836257e-32,
person141_bacteria_677.jpeg,dense_angle,174.5390625,25.71187721952747,0.8800555422157733,5.375,1.925929944387236e-33,
person141_bacteria_677.jpeg,iqp,2003.5546875,15.112791597666044,0.5943174893809826,36.5703125,0.22368018895000544,0.5284608746153006
person141_bacteria_677.jpeg,amplitude,174.5390625,25.71187721952747,0.8800555422157733,5.375,3.851859888774472e-34,
person141_bacteria_677.jpeg,entangled_angle,1222.40234375,17.258661869491913,0.744029422791558,30.58984375,0.009227836180266073,0.9088260673223438
person141_bacteria_678.jpeg,basis,7514.98828125,9.37152053176178,0.42080114157216386,78.33984375,0.14180472422359316,
person141_bacteria_678.jpeg,angle,149.67578125,26.37928827194143,0.9044523622947268,2.71484375,1.7814851985581932e-32,
person141_bacteria_678.jpeg,dense_angle,149.67578125,26.37928827194143,0.9044523622947268,2.71484375,3.177784408238939e-33,
person141_bacteria_678.jpeg,iqp,6193.98828125,10.211099815121848,0.2506741794307409,63.67578125,0.17267387734930467,0.5094184502850688
person141_bacteria_678.jpeg,amplitude,149.67578125,26.37928827194143,0.9044523622947268,2.71484375,9.62964972193618e-35,
person141_bacteria_678.jpeg,entangled_angle,5861.01953125,10.451071922417999,0.5241324027030998,71.69140625,0.026699244318639022,0.7723744918975223
person141_bacteria_681.jpeg,basis,3670.125,12.48399504821337,0.6740373648521769,46.6484375,0.14917177548955876,
person141_bacteria_681.jpeg,angle,247.79296875,24.189913819771785,0.9286773232391973,3.05078125,8.08890576642639e-33,
person141_bacteria_681.jpeg,dense_angle,247.79296875,24.189913819771785,0.9286773232391973,3.05078125,2.6963019221421302e-33,
person141_bacteria_681.jpeg,iqp,5209.640625,10.962725953347068,0.31195333292053257,44.6796875,0.19840741516863214,0.5060573332247289
person141_bacteria_681.jpeg,amplitude,247.79296875,24.189913819771785,0.9286773232391973,3.05078125,1.5407439555097887e-33,
person141_bacteria_681.jpeg,entangled_angle,4019.7265625,12.088838491855062,0.6314453012177196,55.671875,0.024838621089450882,0.7904589325966959
person142_bacteria_682.jpeg,basis,2897.48046875,13.51059843701712,0.7490153508888844,33.44921875,0.1389336028761241,
person142_bacteria_682.jpeg,angle,290.8828125,23.493623001809418,0.8915308606872088,5.21875,4.5837132676416213e-32,
person142_bacteria_682.jpeg,dense_angle,290.8828125,23.493623001809418,0.8915308606872088,5.21875,5.3926038442842604e-33,
person142_bacteria_682.jpeg,iqp,1573.16796875,16.16305265703773,0.7735536220777394,26.95703125,0.12423158901050602,0.5274570911507532
person142_bacteria_682.jpeg,amplitude,290.8828125,23.493623001809418,0.8915308606872088,5.21875,0.0,
person142_bacteria_682.jpeg,entangled_angle,1515.5234375,16.325177037682202,0.6733075293105927,27.734375,0.0221976989757916,0.7995979501151544
person142_bacteria_683.jpeg,basis,4891.01953125,11.23680963780187,0.6702415870362476,63.69921875,0.15331122816990952,
person142_bacteria_683.jpeg,angle,174.3828125,25.715766830480256,0.9009366651082712,4.9140625,1.2037062152420224e-32,
person142_bacteria_683.jpeg,dense_angle,174.3828125,25.715766830480256,0.9009366651082712,4.9140625,2.792598419361492e-33,
person142_bacteria_683.jpeg,iqp,4186.71875,11.912065734721669,0.3937007980277005,44.4140625,0.16579602278377847,0.5138383454978821
person142_bacteria_683.jpeg,amplitude,174.3828125,25.715766830480256,0.9009366651082712,4.9140625,3.851859888774472e-34,
person142_bacteria_683.jpeg,entangled_angle,3386.4453125,12.833362942641545,0.6320503838220666,52.765625,0.022069325276326435,0.8115325175502321
person142_bacteria_684.jpeg,basis,6517.58984375,9.989933343185411,0.4518364335459902,63.51953125,0.13159592170353854,
person142_bacteria_684.jpeg,angle,515.47265625,21.008747282119074,0.8573498092467723,9.31640625,2.3881531310401725e-32,
person142_bacteria_684.jpeg,dense_angle,515.47265625,21.008747282119074,0.8573498092467723,9.31640625,4.237045877651919e-33,
person142_bacteria_684.jpeg,iqp,3601.1875,12.56634626862512,0.6349935918101708,48.421875,0.19851576145928201,0.5078592913476065
person142_bacteria_684.jpeg,amplitude,515.47265625,21.008747282119074,0.8573498092467723,9.31640625,4.81482486096809e-34,
person142_bacteria_684.jpeg,entangled_angle,3693.95703125,12.45588521523177,0.5860440506259958,49.89453125,0.030487835240583516,0.7497534903156841
person143_bacteria_687.jpeg,basis,7195.06640625,9.56045554293014,0.5353290164924361,64.98046875,0.18162324083152925,
person143_bacteria_687.jpeg,angle,285.0546875,23.581521738380715,0.8708955697901873,8.1796875,6.162975822039155e-32,
person143_bacteria_687.jpeg,dense_angle,285.0546875,23.581521738380715,0.8708955697901873,8.1796875,3.4666738998970245e-33,
person143_bacteria_687.jpeg,iqp,1923.53515625,15.289802325979114,0.72873507612297,35.43359375,0.24175471811663754,0.5348837629431391
person143_bacteria_687.jpeg,amplitude,285.0546875,23.581521738380715,0.8708955697901873,8.1796875,0.0,
person143_bacteria_687.jpeg,entangled_angle,1119.3359375,17.641199133859914,0.8034362587785948,27.1640625,0.010619782529195104,0.9012142739296667
person143_bacteria_688.jpeg,basis,5339.5,10.855797700205628,0.5434213206484884,61.5078125,0.10827766283179041,
person143_bacteria_688.jpeg,angle,372.07421875,22.424507823339177,0.8678782919172094,8.27734375,6.32667986731207e-32,
person143_bacteria_688.jpeg,dense_angle,372.07421875,22.424507823339177,0.8678782919172094,8.27734375,1.6370404527291505e-33,
person143_bacteria_688.jpeg,iqp,8075.19921875,9.059271154949162,0.46030714199399514,82.09765625,0.10767378277335941,0.5161174797971662
person143_bacteria_688.jpeg,amplitude,372.07421875,22.424507823339177,0.8678782919172094,8.27734375,9.62964972193618e-35,
person143_bacteria_688.jpeg,entangled_angle,8217.84375,8.983224813231612,0.5321494914364466,85.8671875,0.03450734591690822,0.7266683743703561
person143_bacteria_689.jpeg,basis,5574.50390625,10.668741367467597,0.6938351319167172,61.09765625,0.10911982520041055,
person143_bacteria_689.jpeg,angle,525.47265625,20.925302390739766,0.87077147411186,11.80078125,3.177784408238939e-33,
person143_bacteria_689.jpeg,dense_angle,525.47265625,20.925302390739766,0.87077147411186,11.80078125,8.666684749742561e-34,
person143_bacteria_689.jpeg,iqp,6059.0625,10.30674928545481,0.45453292337232115,64.4765625,0.21955711898670505,0.5076354558184784
person143_bacteria_689.jpeg,amplitude,525.47265625,20.925302390739766,0.87077147411186,11.80078125,0.0,
person143_bacteria_689.jpeg,entangled_angle,4007.30078125,12.102284197991569,0.5531871115337144,50.22265625,0.05085007992881342,0.7181863804233608
person144_bacteria_690.jpeg,basis,8372.57421875,8.902213548320926,0.4057760765931863,80.30078125,0.15387264193931094,
person144_bacteria_690.jpeg,angle,199.90625,25.122539884702533,0.8605734959489258,4.984375,8.185202263645752e-33,
person144_bacteria_690.jpeg,dense_angle,199.90625,25.122539884702533,0.8605734959489258,4.984375,1.925929944387236e-33,
person144_bacteria_690.jpeg,iqp,7384.06640625,9.447847671433568,0.30182825621660714,73.54296875,0.14373557356685673,0.5112894072778491
person144_bacteria_690.jpeg,amplitude,199.90625,25.122539884702533,0.8605734959489258,4.984375,0.0,
person144_bacteria_690.jpeg,entangled_angle,5470.25390625,10.750728759377486,0.5241731763666561,67.91796875,0.022601259478785485,0.8109004175952097
person145_bacteria_696.jpeg,basis,13736.9375,6.751904385590281,0.31941309766722176,109.890625,0.14953079100071442,
person145_bacteria_696.jpeg,angle,419.03125,21.908339484112098,0.9105158881575793,3.5,2.965932114356343e-32,
person145_bacteria_696.jpeg,dense_angle,419.03125,21.908339484112098,0.9105158881575793,3.5,3.851859888774472e-33,
person145_bacteria_696.jpeg,iqp,3671.9609375,12.481823083600656,0.3205645901059909,29.46875,0.1602510527121935,0.5117386926802201
person145_bacteria_696.jpeg,amplitude,419.03125,21.908339484112098,0.9105158881575793,3.5,0.0,
person145_bacteria_696.jpeg,entangled_angle,3355.2109375,12.873605320074448,0.6466954638908186,51.0390625,0.01931595429514651,0.8191923117489844
person146_bacteria_700.jpeg,basis,14444.03125,6.533919415058188,0.24184350845530297,111.640625,0.1543602207500263,
person146_bacteria_700.jpeg,angle,675.73828125,19.83301838028912,0.7151232447929401,10.23046875,9.244463733058732e-33,
person146_bacteria_700.jpeg,dense_angle,675.73828125,19.83301838028912,0.7151232447929401,10.23046875,8.474091755303838e-33,
person146_bacteria_700.jpeg,iqp,2237.3125,14.63353711797247,0.5609049508581629,14.296875,0.15964910453177059,0.519479273550202
person146_bacteria_700.jpeg,amplitude,675.73828125,19.83301838028912,0.7151232447929401,10.23046875,1.925929944387236e-33,
person146_bacteria_700.jpeg,entangled_angle,3188.47265625,13.094976639575766,0.6120087714865513,49.12890625,0.015590014961024867,0.8535636711419465
person146_bacteria_703.jpeg,basis,6694.171875,9.873835020535303,0.5759770794244353,73.6796875,0.10925565889725586,
person146_bacteria_703.jpeg,angle,178.25,25.620508223440073,0.9063304285100215,4.8125,6.548161810916602e-33,
person146_bacteria_703.jpeg,dense_angle,178.25,25.620508223440073,0.9063304285100215,4.8125,4.622231866529366e-33,
person146_bacteria_703.jpeg,iqp,7494.9296875,9.38312797929642,0.39600829376427854,74.265625,0.17260135418677255,0.506081233163374
person146_bacteria_703.jpeg,amplitude,178.25,25.620508223440073,0.9063304285100215,4.8125,7.703719777548943e-34,
person146_bacteria_703.jpeg,entangled_angle,6171.83984375,10.226657130617102,0.5841404970667652,73.85546875,0.03755375414143777,0.7016524679090628
person146_bacteria_704.jpeg,basis,7099.70703125,9.61839932900472,0.6069555276320674,70.37109375,0.14916852812139925,
person146_bacteria_704.jpeg,angle,188.66796875,25.373821871255103,0.9255490455614082,4.16796875,1.0400021699691074e-32,
person146_bacteria_704.jpeg,dense_angle,188.66796875,25.373821871255103,0.9255490455614082,4.16796875,1.925929944387236e-33,
person146_bacteria_704.jpeg,iqp,1259.8671875,17.12755595731306,0.7646396196097411,21.171875,0.09913430041270133,0.5233941925959308
person146_bacteria_704.jpeg,amplitude,188.66796875,25.373821871255103,0.9255490455614082,4.16796875,3.851859888774472e-34,
person146_bacteria_704.jpeg,entangled_angle,2092.78515625,14.923557145857295,0.6562746976513991,39.66015625,0.023722697812719278,0.8390821486370996
person147_bacteria_705.jpeg,basis,8956.55078125,8.609395682897873,0.3341203749994955,81.41796875,0.14260564886876873,
person147_bacteria_705.jpeg,angle,385.48046875,22.270779824471706,0.8708497472297816,6.64453125,4.670380115139047e-32,
person147_bacteria_705.jpeg,dense_angle,385.48046875,22.270779824471706,0.8708497472297816,6.64453125,1.925929944387236e-33,
person147_bacteria_705.jpeg,iqp,4800.18359375,11.318225126115482,0.5074950562655813,58.29296875,0.13819206628684222,0.5150700432889574
person147_bacteria_705.jpeg,amplitude,385.48046875,22.270779824471706,0.8708497472297816,6.64453125,7.703719777548943e-34,
person147_bacteria_705.jpeg,entangled_angle,5348.65625,10.84835673521656,0.5803795620936711,66.3828125,0.02229231295709619,0.8129692524089245
person147_bacteria_706.jpeg,basis,1899.265625,15.344946528952516,0.7323895202715686,17.65625,0.1429143720674422,
person147_bacteria_706.jpeg,angle,226.4921875,24.58027134581559,0.8964408726502069,7.59375,4.391120273202898e-32,
person147_bacteria_706.jpeg,dense_angle,226.4921875,24.58027134581559,0.8964408726502069,7.59375,2.792598419361492e-33,
person147_bacteria_706.jpeg,iqp,5286.08984375,10.899458206281645,0.5156518511994606,64.90234375,0.3114680826342586,0.5056184015831182
person147_bacteria_706.jpeg,amplitude,226.4921875,24.58027134581559,0.8964408726502069,7.59375,2.311115933264683e-33,
person147_bacteria_706.jpeg,entangled_angle,3003.6796875,13.354267432442734,0.6510747344829295,46.0625,0.02479477464081831,0.7741206822574562
person147_bacteria_707.jpeg,basis,10706.98828125,7.834130335256635,0.5882868797235614,92.07421875,0.14988628466924137,
person147_bacteria_707.jpeg,angle,380.62890625,22.32578593868655,0.8552834331955591,11.51953125,2.195560136601449e-32,
person147_bacteria_707.jpeg,dense_angle,380.62890625,22.32578593868655,0.8552834331955591,11.51953125,4.237045877651919e-33,
person147_bacteria_707.jpeg,iqp,3422.40234375,12.787492962242164,0.7772908581421967,46.05078125,0.10209776627387834,0.5103595135340566
person147_bacteria_707.jpeg,amplitude,380.62890625,22.32578593868655,0.8552834331955591,11.51953125,0.0,
person147_bacteria_707.jpeg,entangled_angle,1858.98828125,15.438037088068784,0.7029548319007531,33.33984375,0.016786485434051486,0.8480105621089343
person147_bacteria_711.jpeg,basis,7228.94140625,9.540056562544903,0.5093345981597441,68.66015625,0.14736212889802983,
person147_bacteria_711.jpeg,angle,291.0390625,23.49129078103053,0.9038101721717602,6.09375,1.8585223963336826e-32,
person147_bacteria_711.jpeg,dense_angle,291.0390625,23.49129078103053,0.9038101721717602,6.09375,9.340760230278094e-33,
person147_bacteria_711.jpeg,iqp,7437.875,9.416314854825478,0.40762788023318786,65.5234375,0.2225686707516479,0.5052932398050286
person147_bacteria_711.jpeg,amplitude,291.0390625,23.49129078103053,0.9038101721717602,6.09375,3.851859888774472e-34,
person147_bacteria_711.jpeg,entangled_angle,5138.25,11.022651299568269,0.6114044152261076,64.6796875,0.02561609974290921,0.8103016727721826
person149_bacteria_713.jpeg,basis,9185.046875,8.49998983840466,0.48184937736113176,88.8515625,0.12609589407120403,
person149_bacteria_713.jpeg,angle,265.82421875,23.884858146963808,0.8769705642223775,4.57421875,4.237045877651919e-32,
person149_bacteria_713.jpeg,dense_angle,265.82421875,23.884858146963808,0.8769705642223775,4.57421875,6.644458308135964e-33,
person149_bacteria_713.jpeg,iqp,3937.34765625,12.178765974556327,0.4139174003525262,43.13671875,0.155240682822393,0.5095365704821323
person149_bacteria_713.jpeg,amplitude,265.82421875,23.884858146963808,0.8769705642223775,4.57421875,4.81482486096809e-34,
person149_bacteria_713.jpeg,entangled_angle,4246.3671875,11.850628155480056,0.5981558850965212,58.5859375,0.02908024121007856,0.7382332227852436
person14_virus_44.jpeg,basis,4464.80078125,11.63278275366533,0.4053604509883682,52.50390625,0.2051827991869808,
person14_virus_44.jpeg,angle,230.578125,24.50262257572804,0.7644420915695043,6.8828125,1.0785207688568521e-32,
person14_virus_44.jpeg,dense_angle,230.578125,24.50262257572804,0.7644420915695043,6.8828125,1.1555579666323415e-33,
person14_virus_44.jpeg,iqp,910.28515625,18.539028999902577,0.6121717746391342,23.21484375,0.27646158712824875,0.5348034791617431
person14_virus_44.jpeg,amplitude,230.578125,24.50262257572804,0.7644420915695043,6.8828125,7.703719777548943e-34,
person14_virus_44.jpeg,entangled_angle,269.48046875,23.82553066749533,0.7407250661464688,7.16796875,0.0026259732105192984,0.9745495371612429
person150_bacteria_715.jpeg,basis,7508.390625,9.375335021038731,0.4604633898574589,76.171875,0.14806766599781032,
person150_bacteria_715.jpeg,angle,180.5859375,25.56396432741678,0.9347910350368648,2.7265625,1.1555579666323415e-32,
person150_bacteria_715.jpeg,dense_angle,180.5859375,25.56396432741678,0.9347910350368648,2.7265625,4.237045877651919e-33,
person150_bacteria_715.jpeg,iqp,5407.62890625,10.800734799864083,0.3751167361451341,52.32421875,0.17245325045497184,0.5116765946591189
person150_bacteria_715.jpeg,amplitude,180.5859375,25.56396432741678,0.9347910350368648,2.7265625,0.0,
person150_bacteria_715.jpeg,entangled_angle,4377.1953125,11.718844353997484,0.656414049843228,61.046875,0.023108246486585132,0.8052734794373111
person150_bacteria_716.jpeg,basis,12997.32421875,6.992264083028301,0.3061101655689921,106.79296875,0.13838694707501098,
person150_bacteria_716.jpeg,angle,393.24609375,22.18415943549053,0.8706808409891339,4.97265625,5.7777898331617076e-33,
person150_bacteria_716.jpeg,dense_angle,393.24609375,22.18415943549053,0.8706808409891339,4.97265625,1.925929944387236e-33,
person150_bacteria_716.jpeg,iqp,7972.5,9.114858329529135,0.4668772516060498,79.8828125,0.05819781106849703,0.5212904434833114
person150_bacteria_716.jpeg,amplitude,393.24609375,22.18415943549053,0.8706808409891339,4.97265625,0.0,
person150_bacteria_716.jpeg,entangled_angle,3441.15234375,12.763764611079447,0.7040879570927006,53.83203125,0.017895943215112516,0.8386348991241277
person150_bacteria_717.jpeg,basis,4584.640625,11.517750624532255,0.8105228252630345,57.9453125,0.13065918997902348,
person150_bacteria_717.jpeg,angle,176.48046875,25.66383712240131,0.9504769858373753,3.29296875,1.0014835710813626e-32,
person150_bacteria_717.jpeg,dense_angle,176.48046875,25.66383712240131,0.9504769858373753,3.29296875,3.851859888774472e-34,
person150_bacteria_717.jpeg,iqp,6625.79296875,9.918424991882771,0.41697961789954424,55.34765625,0.27349458400814286,0.5111391432109882
person150_bacteria_717.jpeg,amplitude,176.48046875,25.66383712240131,0.9504769858373753,3.29296875,0.0,
person150_bacteria_717.jpeg,entangled_angle,3930.859375,12.185928534899302,0.6250593257465689,53.2265625,0.03661981177900001,0.7658060650705288
person151_bacteria_718.jpeg,basis,7191.96484375,9.56232805085271,0.64949215965891,80.93359375,0.12195280042475543,
person151_bacteria_718.jpeg,angle,213.80078125,24.830710730356373,0.9177531777914859,2.69921875,7.703719777548943e-33,
person151_bacteria_718.jpeg,dense_angle,213.80078125,24.830710730356373,0.9177531777914859,2.69921875,3.851859888774472e-34,
person151_bacteria_718.jpeg,iqp,2840.97265625,13.5961330711572,0.46247029889365066,24.69921875,0.29573859877573544,0.5032704091877489
person151_bacteria_718.jpeg,amplitude,213.80078125,24.830710730356373,0.9177531777914859,2.69921875,1.5407439555097887e-33,
person151_bacteria_718.jpeg,entangled_angle,3328.85546875,12.90785421369688,0.6148519969120346,50.26953125,0.030369692813535396,0.7446775551717939
person152_bacteria_720.jpeg,basis,4150.7578125,11.949529668686505,0.6477440820890905,54.328125,0.12152598934857956,
person152_bacteria_720.jpeg,angle,272.25390625,23.78106241216408,0.8533669071302492,3.22265625,7.010384997569539e-32,
person152_bacteria_720.jpeg,dense_angle,272.25390625,23.78106241216408,0.8533669071302492,3.22265625,8.474091755303838e-33,
person152_bacteria_720.jpeg,iqp,7863.25,9.174782772537279,0.39117520174280107,80.5859375,0.3098607143989428,0.5036685108796224
person152_bacteria_720.jpeg,amplitude,272.25390625,23.78106241216408,0.8533669071302492,3.22265625,5.7777898331617076e-34,
person152_bacteria_720.jpeg,entangled_angle,4668.5,11.439029977250367,0.5457485780287338,59.9296875,0.028995764385776186,0.7385014670467556
person152_bacteria_721.jpeg,basis,2482.6171875,14.18170603123089,0.7131304244747845,42.9375,0.1236223195396893,
person152_bacteria_721.jpeg,angle,130.4609375,26.975998658044382,0.8774777089560343,3.015625,1.5888922041194696e-32,
person152_bacteria_721.jpeg,dense_angle,130.4609375,26.975998658044382,0.8774777089560343,3.015625,1.6370404527291505e-33,
person152_bacteria_721.jpeg,iqp,8931.28515625,8.621664052145634,0.3365945063301774,86.91015625,0.29871127567753797,0.5057096691928706
person152_bacteria_721.jpeg,amplitude,130.4609375,26.975998658044382,0.8774777089560343,3.015625,0.0,
person152_bacteria_721.jpeg,entangled_angle,6124.18359375,10.260321591556359,0.4440943680975204,68.94921875,0.041691711853992605,0.6875512262814358
person152_bacteria_722.jpeg,basis,8498.28515625,8.837490613080952,0.42205808374346804,84.91015625,0.13954837755452745,
person152_bacteria_722.jpeg,angle,167.1015625,25.900998500412133,0.812633702825752,2.546875,2.860005967415045e-32,
person152_bacteria_722.jpeg,dense_angle,167.1015625,25.900998500412133,0.812633702825752,2.546875,8.666684749742561e-34,
person152_bacteria_722.jpeg,iqp,4696.95703125,11.412637736836771,0.40769149903506297,53.26171875,0.1380770784954699,0.5121680845145707
person152_bacteria_722.jpeg,amplitude,167.1015625,25.900998500412133,0.812633702825752,2.546875,0.0,
person152_bacteria_722.jpeg,entangled_angle,6538.5703125,9.975975625847765,0.4929262432871356,75.8203125,0.028123894823852656,0.7668398766730967
person152_bacteria_723.jpeg,basis,3407.0625,12.807002604212085,0.43039184267038416,28.765625,0.13065534597524842,
person152_bacteria_723.jpeg,angle,230.87890625,24.49696104510707,0.8643201111807829,3.22265625,3.052598961853769e-32,
person152_bacteria_723.jpeg,dense_angle,230.87890625,24.49696104510707,0.8643201111807829,3.22265625,1.6370404527291505e-33,
person152_bacteria_723.jpeg,iqp,7190.15625,9.563420326859356,0.2157101862910715,63.75,0.20656300392432148,0.5159523538606477
person152_bacteria_723.jpeg,amplitude,230.87890625,24.49696104510707,0.8643201111807829,3.22265625,4.81482486096809e-34,
person152_bacteria_723.jpeg,entangled_angle,6168.375,10.229095925370482,0.5039276568478843,71.5625,0.03232087161633176,0.7224924024227135
person152_bacteria_724.jpeg,basis,2857.98828125,13.570199171683452,0.7421850726676567,38.72265625,0.12383710916384286,
person152_bacteria_724.jpeg,angle,307.0703125,23.258425299040454,0.8724320662330025,3.40625,1.6755590516168952e-32,
person152_bacteria_724.jpeg,dense_angle,307.0703125,23.258425299040454,0.8724320662330025,3.40625,2.0222264416065976e-33,
person152_bacteria_724.jpeg,iqp,8530.4375,8.821090554960037,0.48067483516946935,83.8828125,0.29214198647527934,0.5042708908046805
person152_bacteria_724.jpeg,amplitude,307.0703125,23.258425299040454,0.8724320662330025,3.40625,1.6370404527291505e-33,
person152_bacteria_724.jpeg,entangled_angle,6307.984375,10.131897519655924,0.5345561310094568,71.109375,0.0379090940754948,0.7421543024845192
person153_bacteria_725.jpeg,basis,11666.7265625,7.4613134160617145,0.47406472806129457,95.4453125,0.14342872231969417,
person153_bacteria_725.jpeg,angle,328.64453125,22.9635395099033,0.8585494908533368,6.30859375,2.850376317693109e-32,
person153_bacteria_725.jpeg,dense_angle,328.64453125,22.9635395099033,0.8585494908533368,6.30859375,8.474091755303838e-33,
person153_bacteria_725.jpeg,iqp,1999.67578125,15.12120774118083,0.7014282099473563,21.49609375,0.1004965620100693,0.5144030277211763
person153_bacteria_725.jpeg,amplitude,328.64453125,22.9635395099033,0.8585494908533368,6.30859375,3.851859888774472e-34,
person153_bacteria_725.jpeg,entangled_angle,2018.796875,15.079877370726116,0.7140266178430736,38.1484375,0.01861434619013596,0.8273252636381162
person153_bacteria_726.jpeg,basis,9983.75,8.137866634273825,0.6178227796849444,84.984375,0.12266209909059511,
person153_bacteria_726.jpeg,angle,235.30859375,24.414425724507055,0.9358191312231047,5.43359375,1.1555579666323415e-32,
person153_bacteria_726.jpeg,dense_angle,235.30859375,24.414425724507055,0.9358191312231047,5.43359375,6.548161810916602e-33,
person153_bacteria_726.jpeg,iqp,1854.33984375,15.448910308760798,0.5958285095258102,12.72265625,0.21090001053465365,0.5075546503944159
person153_bacteria_726.jpeg,amplitude,235.30859375,24.414425724507055,0.9358191312231047,5.43359375,0.0,
person153_bacteria_726.jpeg,entangled_angle,2078.6015625,14.953091114552077,0.6635585888105132,38.4296875,0.02933498728020044,0.7752492268378997
person154_bacteria_728.jpeg,basis,6021.00390625,10.334114519032022,0.7512794282042387,68.73046875,0.10231837781938116,
person154_bacteria_728.jpeg,angle,498.30078125,21.155887927971982,0.8920206213647637,4.05078125,3.3125995043460457e-32,
person154_bacteria_728.jpeg,dense_angle,498.30078125,21.155887927971982,0.8920206213647637,4.05078125,6.933347799794049e-33,
person154_bacteria_728.jpeg,iqp,3402.19921875,12.81320620353661,0.690510606749649,42.70703125,0.14712029821256103,0.5086177242294312
person154_bacteria_728.jpeg,amplitude,498.30078125,21.155887927971982,0.8920206213647637,4.05078125,3.851859888774472e-34,
person154_bacteria_728.jpeg,entangled_angle,4500.94921875,11.597762477608175,0.5871617856529178,57.10546875,0.03613161331308207,0.7175146120681082
person155_bacteria_729.jpeg,basis,5434.15625,10.779482392009797,0.5578365733339101,63.3828125,0.10616153047364121,
person155_bacteria_729.jpeg,angle,201.75,25.082668174738025,0.8999938348207303,6.53125,2.2725973343769383e-32,
person155_bacteria_729.jpeg,dense_angle,201.75,25.082668174738025,0.8999938348207303,6.53125,8.666684749742561e-34,
person155_bacteria_729.jpeg,iqp,7690.3671875,9.271332845647873,0.3310140123439655,74.1953125,0.1346012077804073,0.5091779444727627
person155_bacteria_729.jpeg,amplitude,201.75,25.082668174738025,0.8999938348207303,6.53125,3.851859888774472e-34,
person155_bacteria_729.jpeg,entangled_angle,7912.80859375,9.147497003449457,0.48644652530839044,83.98828125,0.036749228592591235,0.7066019965668717
person155_bacteria_730.jpeg,basis,4634.16796875,11.471085898129141,0.5157585748136857,50.72265625,0.1284189869378366,
person155_bacteria_730.jpeg,angle,264.32421875,23.909434036097945,0.8916014501822385,5.79296875,8.859277744181285e-33,
person155_bacteria_730.jpeg,dense_angle,264.32421875,23.909434036097945,0.8916014501822385,5.79296875,3.851859888774472e-34,
person155_bacteria_730.jpeg,iqp,3385.34765625,12.834770859448145,0.43409313764890084,38.54296875,0.21034904481273795,0.5103204468817779
person155_bacteria_730.jpeg,amplitude,264.32421875,23.909434036097945,0.8916014501822385,5.79296875,2.311115933264683e-33,
person155_bacteria_730.jpeg,entangled_angle,3132.00390625,13.172580658275468,0.6155823113872425,47.26953125,0.0232541863618879,0.7691074718712194
person155_bacteria_731.jpeg,basis,5422.6796875,10.788664090342808,0.5097342084426464,62.359375,0.12983479230337058,
person155_bacteria_731.jpeg,angle,465.9140625,21.4477454208317,0.7978542855581534,9.9921875,1.396299209680746e-32,
person155_bacteria_731.jpeg,dense_angle,465.9140625,21.4477454208317,0.7978542855581534,9.9921875,3.562970397116386e-33,
person155_bacteria_731.jpeg,iqp,8818.74609375,8.676735221395166,0.302578933784625,77.18359375,0.17480221329780554,0.5076812054978361
person155_bacteria_731.jpeg,amplitude,465.9140625,21.4477454208317,0.7978542855581534,9.9921875,0.0,
person155_bacteria_731.jpeg,entangled_angle,6931.40625,9.722590072577486,0.4816370468972594,74.78125,0.03419688306721877,0.750675099588751
person157_bacteria_735.jpeg,basis,1895.5703125,15.353404624961671,0.7241170138631007,15.390625,0.13576625651770782,
person157_bacteria_735.jpeg,angle,714.99609375,19.587766917485837,0.868323774470839,9.27734375,1.3192620119052566e-32,
person157_bacteria_735.jpeg,dense_angle,714.99609375,19.587766917485837,0.868323774470839,9.27734375,4.718528363748728e-33,
person157_bacteria_735.jpeg,iqp,3394.83203125,12.822620696463465,0.44000957390119644,10.81640625,0.15821986162218862,0.5099008588040426
person157_bacteria_735.jpeg,amplitude,714.99609375,19.587766917485837,0.868323774470839,9.27734375,3.851859888774472e-34,
person157_bacteria_735.jpeg,entangled_angle,3171.91015625,13.117594833564713,0.6386849952268887,44.84765625,0.029461708969886917,0.7645402035212933
person157_bacteria_739.jpeg,basis,2106.69921875,14.894778266654994,0.7830357472998457,19.92578125,0.12426907577291493,
person157_bacteria_739.jpeg,angle,566.8671875,20.595990418203357,0.8911084366281692,9.828125,1.020742870525235e-31,
person157_bacteria_739.jpeg,dense_angle,566.8671875,20.595990418203357,0.8911084366281692,9.828125,4.81482486096809e-34,
person157_bacteria_739.jpeg,iqp,3979.59765625,12.13241194448289,0.7057030466713181,53.78515625,0.2356750924345507,0.5086634353355074
person157_bacteria_739.jpeg,amplitude,566.8671875,20.595990418203357,0.8911084366281692,9.828125,3.851859888774472e-34,
person157_bacteria_739.jpeg,entangled_angle,3636.421875,12.524060992563088,0.5848088153881416,45.3203125,0.047962651845119254,0.6890836593007656
person157_bacteria_740.jpeg,basis,10854.3515625,7.77476476996375,0.48885407131846587,87.546875,0.17080235472961625,
person157_bacteria_740.jpeg,angle,265.3203125,23.893098607198407,0.8941263690274066,6.359375,1.0014835710813626e-32,
person157_bacteria_740.jpeg,dense_angle,265.3203125,23.893098607198407,0.8941263690274066,6.359375,5.007417855406813e-33,
person157_bacteria_740.jpeg,iqp,2361.8828125,14.398220150701587,0.7181653469905364,40.6875,0.1963312539840396,0.5210752873650214
person157_bacteria_740.jpeg,amplitude,265.3203125,23.893098607198407,0.8941263690274066,6.359375,3.851859888774472e-34,
person157_bacteria_740.jpeg,entangled_angle,1969.89453125,15.186373863420075,0.7140586393329944,38.87109375,0.011943581580405377,0.8980782912226878
person158_bacteria_742.jpeg,basis,8962.9296875,8.60630371390156,0.42990266825520523,86.2421875,0.15142997352271448,
person158_bacteria_742.jpeg,angle,171.73828125,25.78213248685643,0.9259442207458878,3.83984375,1.126669017466533e-32,
person158_bacteria_742.jpeg,dense_angle,171.73828125,25.78213248685643,0.9259442207458878,3.83984375,1.925929944387236e-33,
person158_bacteria_742.jpeg,iqp,6574.3671875,9.952264044974568,0.46720766518892165,70.5390625,0.15696956870922615,0.5143412903412546
person158_bacteria_742.jpeg,amplitude,171.73828125,25.78213248685643,0.9259442207458878,3.83984375,1.5407439555097887e-33,
person158_bacteria_742.jpeg,entangled_angle,5097.60546875,11.057141408321927,0.6384766714096752,67.08203125,0.021110336230246413,0.8280290286415316
person158_bacteria_743.jpeg,basis,8675.6875,8.747764606181756,0.49505323678880225,84.6875,0.12172721148564039,
person158_bacteria_743.jpeg,angle,528.58984375,20.89961546464398,0.8556138323838269,8.15234375,2.860005967415045e-32,
person158_bacteria_743.jpeg,dense_angle,528.58984375,20.89961546464398,0.8556138323838269,8.15234375,2.0222264416065976e-33,
person158_bacteria_743.jpeg,iqp,3815.05078125,12.31580037746112,0.631378200862176,50.69140625,0.1074084990893017,0.5059891674601766
person158_bacteria_743.jpeg,amplitude,528.58984375,20.89961546464398,0.8556138323838269,8.15234375,0.0,
person158_bacteria_743.jpeg,entangled_angle,4787.8671875,11.329382660290825,0.6174759774958224,62.5,0.032013560217529845,0.7248505736987148
person158_bacteria_744.jpeg,basis,10594.29296875,7.880083823615691,0.2718347114632775,95.86328125,0.13816741923842568,
person158_bacteria_744.jpeg,angle,293.2421875,23.458539103133745,0.8461102780899011,5.8515625,2.0029671421627253e-32,
person158_bacteria_744.jpeg,dense_angle,293.2421875,23.458539103133745,0.8461102780899011,5.8515625,3.4666738998970245e-33,
person158_bacteria_744.jpeg,iqp,5603.2578125,10.646397555393355,0.3307118744265432,61.7265625,0.17420608991275777,0.5092127402403375
person158_bacteria_744.jpeg,amplitude,293.2421875,23.458539103133745,0.8461102780899011,5.8515625,9.62964972193618e-35,
person158_bacteria_744.jpeg,entangled_angle,4921.77734375,11.209583981016898,0.5559953527863813,64.55078125,0.024541495355461247,0.7799257549181804
person158_bacteria_745.jpeg,basis,3921.09765625,12.196727021835269,0.6652989369351878,48.39453125,0.08358301254795553,
person158_bacteria_745.jpeg,angle,356.25390625,22.61320725876553,0.9119808632251349,4.50390625,2.888894916580854e-32,
person158_bacteria_745.jpeg,dense_angle,356.25390625,22.61320725876553,0.9119808632251349,4.50390625,9.629649721936179e-33,
person158_bacteria_745.jpeg,iqp,2531.8125,14.096488211460315,0.5855521137858917,20.953125,0.2384928174168703,0.5090131256581019
person158_bacteria_745.jpeg,amplitude,356.25390625,22.61320725876553,0.9119808632251349,4.50390625,0.0,
person158_bacteria_745.jpeg,entangled_angle,4258.84765625,11.837882557162814,0.5083081925387652,53.88671875,0.08760936142011337,0.6953335577095446
person159_bacteria_746.jpeg,basis,8215.9453125,8.984228210477397,0.5591663119173447,83.2890625,0.14501799223402959,
person159_bacteria_746.jpeg,angle,73.0859375,29.4924653867975,0.9557330944012483,1.78125,1.0400021699691074e-32,
person159_bacteria_746.jpeg,dense_angle,73.0859375,29.4924653867975,0.9557330944012483,1.78125,2.4074124304840448e-33,
person159_bacteria_746.jpeg,iqp,5410.48828125,10.798439001451868,0.40899036147124135,58.55078125,0.17734385278985404,0.513212487675188
person159_bacteria_746.jpeg,amplitude,73.0859375,29.4924653867975,0.9557330944012483,1.78125,8.666684749742561e-34,
person159_bacteria_746.jpeg,entangled_angle,4601.6796875,11.501639757383902,0.6742567521987116,64.046875,0.023410007331385364,0.7927252709579422
person159_bacteria_747.jpeg,basis,2186.14453125,14.734014900568873,0.7080757889078262,24.67578125,0.1574042274823888,
person159_bacteria_747.jpeg,angle,166.421875,25.918699501668282,0.928922332482912,4.1484375,8.08890576642639e-33,
person159_bacteria_747.jpeg,dense_angle,166.421875,25.918699501668282,0.928922332482912,4.1484375,7.703719777548943e-33,
person159_bacteria_747.jpeg,iqp,2835.75390625,13.60411821872768,0.49189537726592497,30.73046875,0.15194329534222495,0.5102236129423183
person159_bacteria_747.jpeg,amplitude,166.421875,25.918699501668282,0.928922332482912,4.1484375,3.851859888774472e-34,
person159_bacteria_747.jpeg,entangled_angle,2518.8046875,14.118858680143303,0.729317795700582,44.5703125,0.018047674198305698,0.8236423590569452
person15_virus_46.jpeg,basis,4973.69140625,11.164015249923679,0.7454338892209684,57.48828125,0.11903118514090927,
person15_virus_46.jpeg,angle,273.96875,23.75379332633479,0.9228377814841846,4.0078125,4.968899256519069e-32,
person15_virus_46.jpeg,dense_angle,273.96875,23.75379332633479,0.9228377814841846,4.0078125,5.7777898331617076e-33,
person15_virus_46.jpeg,iqp,3494.046875,12.697516338279577,0.655536145891853,48.3359375,0.12021078532990921,0.5097542242201396
person15_virus_46.jpeg,amplitude,273.96875,23.75379332633479,0.9228377814841846,4.0078125,7.703719777548943e-34,
person15_virus_46.jpeg,entangled_angle,3571.921875,12.601784094272823,0.6392351972651352,51.71875,0.030811016696293887,0.7811164685063603
person1608_virus_2786.jpeg,basis,4811.87890625,11.307656713374985,0.5644590146480312,57.99609375,0.12304593683462223,
person1608_virus_2786.jpeg,angle,508.7265625,21.065959465194275,0.891522650020372,5.9296875,1.6274108030072143e-32,
person1608_virus_2786.jpeg,dense_angle,508.7265625,21.065959465194275,0.891522650020372,5.9296875,3.659266894335748e-33,
person1608_virus_2786.jpeg,iqp,13381.48046875,6.865761963269634,0.444589248232767,106.86328125,0.28127911040446296,0.5076407988518927
person1608_virus_2786.jpeg,amplitude,508.7265625,21.065959465194275,0.891522650020372,5.9296875,3.851859888774472e-34,
person1608_virus_2786.jpeg,entangled_angle,9593.5,8.311032809781363,0.5050294150814039,89.0390625,0.03974756190133848,0.7366585530251248
person1610_virus_2793.jpeg,basis,4692.29296875,11.416952408985473,0.6051269049111452,45.59765625,0.1032168626836644,
person1610_virus_2793.jpeg,angle,670.75390625,19.86517150328436,0.8096983418951521,6.44921875,9.340760230278094e-33,
person1610_virus_2793.jpeg,dense_angle,670.75390625,19.86517150328436,0.8096983418951521,6.44921875,4.4296388720906425e-33,
person1610_virus_2793.jpeg,iqp,6663.21875,9.893962897041613,0.2738441349291627,57.6953125,0.25783440887134595,0.5069225883649431
person1610_virus_2793.jpeg,amplitude,670.75390625,19.86517150328436,0.8096983418951521,6.44921875,1.5407439555097887e-33,
person1610_virus_2793.jpeg,entangled_angle,4660.3515625,11.44661681110371,0.44419877960482845,53.78125,0.05193986517654459,0.6383115137736932
person1612_virus_2797.jpeg,basis,8389.265625,8.893564154109765,0.5789932623621001,79.3515625,0.1452990786152294,
person1612_virus_2797.jpeg,angle,131.61328125,26.937806442149622,0.9370853002436043,3.62109375,1.9644485432749806e-32,
person1612_virus_2797.jpeg,dense_angle,131.61328125,26.937806442149622,0.9370853002436043,3.62109375,5.007417855406813e-33,
person1612_virus_2797.jpeg,iqp,2630.046875,13.93116871932364,0.6293281644869542,37.78125,0.1824117445662667,0.5041682575130877
person1612_virus_2797.jpeg,amplitude,131.61328125,26.937806442149622,0.9370853002436043,3.62109375,3.851859888774472e-34,
person1612_virus_2797.jpeg,entangled_angle,3586.234375,12.584416918037649,0.6527456180097806,53.6015625,0.021624248004648166,0.8363334326278336
person1612_virus_2798.jpeg,basis,3552.55859375,12.625391112191576,0.77010446936933,48.97265625,0.0860119228309284,
person1612_virus_2798.jpeg,angle,225.046875,24.608073741629696,0.9411981245496761,3.953125,1.0669651891905287e-31,
person1612_virus_2798.jpeg,dense_angle,225.046875,24.608073741629696,0.9411981245496761,3.953125,1.5407439555097887e-33,
person1612_virus_2798.jpeg,iqp,7326.69140625,9.481724610424504,0.6181643473415231,73.44140625,0.20144691569387366,0.5097310970437469
person1612_virus_2798.jpeg,amplitude,225.046875,24.608073741629696,0.9411981245496761,3.953125,0.0,
person1612_virus_2798.jpeg,entangled_angle,7661.08984375,9.287898054051354,0.5415387324003346,77.52734375,0.05599453143890793,0.6853473795996261
person1613_virus_2799.jpeg,basis,2325.4375,14.465756892499506,0.8343627068027408,39.2109375,0.13470644975532567,
person1613_virus_2799.jpeg,angle,151.12109375,26.33755272704592,0.9655197172806447,3.05078125,2.0125967918846615e-32,
person1613_virus_2799.jpeg,dense_angle,151.12109375,26.33755272704592,0.9655197172806447,3.05078125,1.5407439555097887e-33,
person1613_virus_2799.jpeg,iqp,8112.63671875,9.039183320211642,0.41805397790445603,70.85546875,0.2583598927183739,0.5248415240003355
person1613_virus_2799.jpeg,amplitude,151.12109375,26.33755272704592,0.9655197172806447,3.05078125,0.0,
person1613_virus_2799.jpeg,entangled_angle,5256.7421875,10.923636829348425,0.6354357586387285,64.109375,0.029597980174080205,0.7885344555280991
person1614_virus_2800.jpeg,basis,3321.67578125,12.917231208577952,0.7269886920793757,46.98828125,0.091231867316754,
person1614_virus_2800.jpeg,angle,480.09765625,21.317507750407497,0.8705097152952262,10.92578125,1.1006689632173053e-31,
person1614_virus_2800.jpeg,dense_angle,480.09765625,21.317507750407497,0.8705097152952262,10.92578125,2.6963019221421302e-33,
person1614_virus_2800.jpeg,iqp,3200.50390625,13.078619992746155,0.6854709052308372,25.01171875,0.21974228000631663,0.5055959810926748
person1614_virus_2800.jpeg,amplitude,480.09765625,21.317507750407497,0.8705097152952262,10.92578125,1.925929944387236e-34,
person1614_virus_2800.jpeg,entangled_angle,8762.26171875,8.704641399518634,0.4951634357263587,85.50390625,0.048486463323399134,0.6700810581278093
person1615_virus_2801.jpeg,basis,5314.37109375,10.876284836689138,0.6878154604954942,59.48828125,0.10450271075535433,
person1615_virus_2801.jpeg,angle,392.078125,22.197077482458628,0.9272057113400405,6.375,2.628894374088577e-32,
person1615_virus_2801.jpeg,dense_angle,392.078125,22.197077482458628,0.9272057113400405,6.375,1.925929944387236e-33,
person1615_virus_2801.jpeg,iqp,9258.3359375,8.46547425817146,0.42985205018596384,83.7421875,0.23628754981537298,0.5052305214106683
person1615_virus_2801.jpeg,amplitude,392.078125,22.197077482458628,0.9272057113400405,6.375,9.62964972193618e-35,
person1615_virus_2801.jpeg,entangled_angle,6183.30859375,10.218594392568887,0.5243435423943612,66.42578125,0.0558697967019155,0.7013735865262201
person1616_virus_2802.jpeg,basis,6011.41015625,10.34104000139498,0.6556886547837147,61.58984375,0.11025604490513063,
person1616_virus_2802.jpeg,angle,351.17578125,22.675558036115312,0.9406118534395885,4.78515625,3.158525108795067e-32,
person1616_virus_2802.jpeg,dense_angle,351.17578125,22.675558036115312,0.9406118534395885,4.78515625,5.3926038442842604e-33,
person1616_virus_2802.jpeg,iqp,6921.63671875,9.728715592040052,0.44341544439810987,60.67578125,0.17978188132412304,0.5115070856160722
person1616_virus_2802.jpeg,amplitude,351.17578125,22.675558036115312,0.9406118534395885,4.78515625,0.0,
person1616_virus_2802.jpeg,entangled_angle,5465.69921875,10.754346323827164,0.56803864849051,63.78515625,0.04386337317802354,0.7148944603960298
person1618_virus_2805.jpeg,basis,5178.01953125,10.989166766272838,0.6495307508388578,64.58203125,0.12726747152414364,
person1618_virus_2805.jpeg,angle,146.890625,26.460862821688252,0.9313409102406314,2.84375,1.5118550063439801e-32,
person1618_virus_2805.jpeg,dense_angle,146.890625,26.460862821688252,0.9313409102406314,2.84375,8.955574241400647e-33,
person1618_virus_2805.jpeg,iqp,9565.4296875,8.323758771769672,0.47225055404700633,92.7109375,0.23320001276973573,0.5073348297652078
person1618_virus_2805.jpeg,amplitude,146.890625,26.460862821688252,0.9313409102406314,2.84375,1.925929944387236e-33,
person1618_virus_2805.jpeg,entangled_angle,6567.17578125,9.957017198193608,0.6237709759685336,76.21484375,0.03110399659854767,0.7678763544522795
person1619_virus_2806.jpeg,basis,4724.1796875,11.387539529159342,0.5503862953162139,56.5546875,0.1285228859956559,
person1619_virus_2806.jpeg,angle,240.765625,24.314858796878124,0.9360188751145708,4.765625,7.703719777548943e-33,
person1619_virus_2806.jpeg,dense_angle,240.765625,24.314858796878124,0.9360188751145708,4.765625,3.9481563859938335e-33,
person1619_virus_2806.jpeg,iqp,14099.36328125,6.638808602468122,0.38000720982598674,104.14453125,0.3646444947198307,0.507508112663978
person1619_virus_2806.jpeg,amplitude,240.765625,24.314858796878124,0.9360188751145708,4.765625,3.562970397116386e-33,
person1619_virus_2806.jpeg,entangled_angle,9658.6953125,8.28161894581743,0.5344059422017824,89.3671875,0.04315721501155043,0.7494935647192624
person161_bacteria_757.jpeg,basis,9995.3359375,8.13282965780383,0.3535864989090898,83.1640625,0.18679094269568386,
person161_bacteria_757.jpeg,angle,203.01953125,25.055425401661694,0.7971798775362815,6.58203125,5.238529448733282e-32,
person161_bacteria_757.jpeg,dense_angle,203.01953125,25.055425401661694,0.7971798775362815,6.58203125,7.703719777548943e-34,
person161_bacteria_757.jpeg,iqp,1746.9765625,15.707932823561865,0.4149575484611535,29.078125,0.2725677710814249,0.5284520474408074
person161_bacteria_757.jpeg,amplitude,203.01953125,25.055425401661694,0.7971798775362815,6.58203125,3.851859888774472e-34,
person161_bacteria_757.jpeg,entangled_angle,535.29296875,20.844888220485196,0.6769661809077081,14.40234375,0.006990530143151033,0.9283020331292423
person161_bacteria_759.jpeg,basis,7558.67578125,9.346346435769583,0.479210179679162,77.98046875,0.13698515484713472,
person161_bacteria_759.jpeg,angle,127.07421875,27.09022912519586,0.9074634882831929,2.44921875,8.5703882525232e-33,
person161_bacteria_759.jpeg,dense_angle,127.07421875,27.09022912519586,0.9074634882831929,2.44921875,1.6370404527291505e-33,
person161_bacteria_759.jpeg,iqp,6341.921875,10.108594731398462,0.2660155946910373,62.5859375,0.1722980964353065,0.5195242415957292
person161_bacteria_759.jpeg,amplitude,127.07421875,27.09022912519586,0.9074634882831929,2.44921875,4.81482486096809e-34,
person161_bacteria_759.jpeg,entangled_angle,5586.64453125,10.659293220525676,0.5426958956176996,69.32421875,0.02751021436058978,0.7618915007237108
person161_bacteria_762.jpeg,basis,3498.98828125,12.691378729140073,0.5843085387011666,32.77734375,0.13178892601661574,
person161_bacteria_762.jpeg,angle,543.43359375,20.779338789220418,0.8192135682006755,8.45703125,1.771855548836257e-32,
person161_bacteria_762.jpeg,dense_angle,543.43359375,20.779338789220418,0.8192135682006755,8.45703125,3.0814879110195774e-33,
person161_bacteria_762.jpeg,iqp,2363.69140625,14.394895846447241,0.406553852225543,9.66796875,0.17049052254994307,0.5071329567870035
person161_bacteria_762.jpeg,amplitude,543.43359375,20.779338789220418,0.8192135682006755,8.45703125,0.0,
person161_bacteria_762.jpeg,entangled_angle,2110.67578125,14.886588339686222,0.42786896405064967,28.14453125,0.0467242843025885,0.7909321470481046
person1620_virus_2807.jpeg,basis,4599.234375,11.503948192704716,0.7506184707535456,56.1796875,0.1053340524139591,
person1620_virus_2807.jpeg,angle,131.82421875,26.93085154682496,0.9607526516229092,3.24609375,1.7429665996704484e-32,
person1620_virus_2807.jpeg,dense_angle,131.82421875,26.93085154682496,0.9607526516229092,3.24609375,5.488900341503622e-33,
person1620_virus_2807.jpeg,iqp,4810.9765625,11.308471197004767,0.676504843657123,59.3203125,0.18734999470503605,0.5073055851088886
person1620_virus_2807.jpeg,amplitude,131.82421875,26.93085154682496,0.9607526516229092,3.24609375,0.0,
person1620_virus_2807.jpeg,entangled_angle,6268.28125,10.159318863797912,0.5676289274376797,69.15625,0.04306274628927039,0.7311438892158586
person1622_virus_2810.jpeg,basis,4839.6640625,11.282651440305141,0.672074883243669,54.421875,0.1107310374888677,
person1622_virus_2810.jpeg,angle,426.80859375,21.82847205549804,0.8761657524036839,5.03515625,3.6303779451699396e-32,
person1622_virus_2810.jpeg,dense_angle,426.80859375,21.82847205549804,0.8761657524036839,5.03515625,8.185202263645752e-33,
person1622_virus_2810.jpeg,iqp,5881.16015625,10.436173545608318,0.5448008635353999,62.44921875,0.2284768700961918,0.5060373035735349
person1622_virus_2810.jpeg,amplitude,426.80859375,21.82847205549804,0.8761657524036839,5.03515625,9.62964972193618e-35,
person1622_virus_2810.jpeg,entangled_angle,6662.3359375,9.894538333647228,0.5085482399744248,71.6640625,0.04373586229184732,0.7303026039943397
person1623_virus_2813.jpeg,basis,1093.1953125,17.74382600049765,0.8892486836778528,24.015625,0.08562433610952294,
person1623_virus_2813.jpeg,angle,155.10546875,26.224532503136388,0.9650590410844737,5.37890625,3.505192498784769e-32,
person1623_virus_2813.jpeg,dense_angle,155.10546875,26.224532503136388,0.9650590410844737,5.37890625,1.925929944387236e-33,
person1623_virus_2813.jpeg,iqp,11427.0703125,7.55145461199141,0.486691964718848,98.5703125,0.3481467366640162,0.5092898861179843
person1623_virus_2813.jpeg,amplitude,155.10546875,26.224532503136388,0.9650590410844737,5.37890625,1.5407439555097887e-33,
person1623_virus_2813.jpeg,entangled_angle,9526.8125,8.341327430436932,0.53057621473726,89.0078125,0.05925626387617302,0.6693062959716403
person1625_virus_2817.jpeg,basis,6003.14453125,10.347015613453333,0.7094076836495744,66.34765625,0.10552167582912897,
person1625_virus_2817.jpeg,angle,177.671875,25.634616753193168,0.9646931833917212,3.5390625,1.7333369499485123e-32,
person1625_virus_2817.jpeg,dense_angle,177.671875,25.634616753193168,0.9646931833917212,3.5390625,9.340760230278094e-33,
person1625_virus_2817.jpeg,iqp,5548.0078125,10.68943296908759,0.6567520007795856,63.8046875,0.2103371060137776,0.5077296372715723
person1625_virus_2817.jpeg,amplitude,177.671875,25.634616753193168,0.9646931833917212,3.5390625,3.851859888774472e-34,
person1625_virus_2817.jpeg,entangled_angle,6212.87109375,10.197880180151094,0.5365004038868273,67.73828125,0.053143734018611055,0.7234205763513504
person1626_virus_2818.jpeg,basis,7203.359375,9.555452786351474,0.5098120967593087,74.0625,0.1309714502424948,
person1626_virus_2818.jpeg,angle,183.15625,25.502586178061975,0.9372289684866238,4.0390625,3.158525108795067e-32,
person1626_virus_2818.jpeg,dense_angle,183.15625,25.502586178061975,0.9372289684866238,4.0390625,8.666684749742561e-34,
person1626_virus_2818.jpeg,iqp,9785.84765625,8.224819103846176,0.4859736516504696,92.51171875,0.33114339772174284,0.510029052877618
person1626_virus_2818.jpeg,amplitude,183.15625,25.502586178061975,0.9372289684866238,4.0390625,1.925929944387236e-33,
person1626_virus_2818.jpeg,entangled_angle,7082.04296875,9.629218034508437,0.6044068491801102,78.34765625,0.03172486303598527,0.7813338478156996
person1627_virus_2819.jpeg,basis,6063.40234375,10.303639735874324,0.6145706401756936,62.42578125,0.10557199518362062,
person1627_virus_2819.jpeg,angle,339.2890625,22.825105011416206,0.9228598131917173,4.84375,6.673347257301772e-32,
person1627_virus_2819.jpeg,dense_angle,339.2890625,22.825105011416206,0.9228598131917173,4.84375,1.1555579666323415e-33,
person1627_virus_2819.jpeg,iqp,4715.96875,11.395094422539184,0.43184589318863814,46.796875,0.26797966381542104,0.5032948109452806
person1627_virus_2819.jpeg,amplitude,339.2890625,22.825105011416206,0.9228598131917173,4.84375,3.851859888774472e-34,
person1627_virus_2819.jpeg,entangled_angle,4392.12109375,11.704060554681256,0.4691173583989844,50.27734375,0.09068326427259998,0.7588451939427037
person1628_virus_2821.jpeg,basis,8545.921875,8.813214425963611,0.5764826451540156,82.6171875,0.1430251333676107,
person1628_virus_2821.jpeg,angle,173.58984375,25.735560486239876,0.9471920147900754,3.28515625,4.237045877651919e-33,
person1628_virus_2821.jpeg,dense_angle,173.58984375,25.735560486239876,0.9471920147900754,3.28515625,4.237045877651919e-33,
person1628_virus_2821.jpeg,iqp,7418.16015625,9.427841554632437,0.43050258121967033,68.34765625,0.23647478467564959,0.5288571520844179
person1628_virus_2821.jpeg,amplitude,173.58984375,25.735560486239876,0.9471920147900754,3.28515625,0.0,
person1628_virus_2821.jpeg,entangled_angle,4864.3671875,11.260540105805738,0.6533704556687545,62.3828125,0.02642475120383749,0.8065752601022373
person1628_virus_2822.jpeg,basis,7790.3203125,9.215250460591042,0.6109541611441827,75.140625,0.13119744740557948,
person1628_virus_2822.jpeg,angle,331.11328125,22.931037598261806,0.8693609079163863,4.87890625,5.007417855406813e-33,
person1628_virus_2822.jpeg,dense_angle,331.11328125,22.931037598261806,0.8693609079163863,4.87890625,1.4251881588465545e-32,
person1628_virus_2822.jpeg,iqp,3730.375,12.413278689400327,0.45228111456218395,17.8984375,0.17880347350899012,0.5124750062236562
person1628_virus_2822.jpeg,amplitude,331.11328125,22.931037598261806,0.8693609079163863,4.87890625,0.0,
person1628_virus_2822.jpeg,entangled_angle,3653.8984375,12.503238891831698,0.5515760632258266,51.109375,0.0321528171921968,0.7830635516165114
person1629_virus_2823.jpeg,basis,7541.6328125,9.35614977241042,0.6185191699066542,75.6328125,0.10521470685788514,
person1629_virus_2823.jpeg,angle,270.9453125,23.80198718983216,0.9629576318617036,5.296875,2.6577833232543855e-32,
person1629_virus_2823.jpeg,dense_angle,270.9453125,23.80198718983216,0.9629576318617036,5.296875,6.933347799794049e-33,
person1629_virus_2823.jpeg,iqp,5988.91796875,10.357319963499403,0.47354641189629965,54.12890625,0.20939182269855747,0.5170221103620063
person1629_virus_2823.jpeg,amplitude,270.9453125,23.80198718983216,0.9629576318617036,5.296875,0.0,
person1629_virus_2823.jpeg,entangled_angle,3983.65625,12.127985048032563,0.5929932907185258,53.2890625,0.06128307617893948,0.7210271530659091
person1631_virus_2826.jpeg,basis,4825.5546875,11.295331190690206,0.7415056079219101,59.8359375,0.11529398378207645,
person1631_virus_2826.jpeg,angle,213.08984375,24.845176099263206,0.9278226181296532,3.46484375,3.543711097672514e-32,
person1631_virus_2826.jpeg,dense_angle,213.08984375,24.845176099263206,0.9278226181296532,3.46484375,6.548161810916602e-33,
person1631_virus_2826.jpeg,iqp,4658.26953125,11.448557473115768,0.6627158243499447,59.62109375,0.1762653566761641,0.5098310703076062
person1631_virus_2826.jpeg,amplitude,213.08984375,24.845176099263206,0.9278226181296532,3.46484375,0.0,
person1631_virus_2826.jpeg,entangled_angle,5655.625,10.605997553106585,0.584122735590736,66.8125,0.03268855615681258,0.7705181217801458
person1632_virus_2827.jpeg,basis,6255.10546875,10.168457240391149,0.42200831506805364,68.37109375,0.11386421270232941,
person1632_virus_2827.jpeg,angle,261.69140625,23.95290899899733,0.9064050065523576,6.04296875,2.4266717299279172e-32,
person1632_virus_2827.jpeg,dense_angle,261.69140625,23.95290899899733,0.9064050065523576,6.04296875,5.7777898331617076e-33,
person1632_virus_2827.jpeg,iqp,10191.0234375,8.04862560478768,0.5369682717352383,91.96875,0.19582987060397736,0.5041179569608168
person1632_virus_2827.jpeg,amplitude,261.69140625,23.95290899899733,0.9064050065523576,6.04296875,8.666684749742561e-34,
person1632_virus_2827.jpeg,entangled_angle,10081.80859375,8.095419129023849,0.5383792610627927,94.03515625,0.042901706288674187,0.7099986390692937
person1633_virus_2829.jpeg,basis,8731.55859375,8.7198858815331,0.616455614128217,81.30078125,0.13744219146764292,
person1633_virus_2829.jpeg,angle,259.64453125,23.987011811463862,0.9049580834037562,7.60546875,1.2711137632955757e-32,
person1633_virus_2829.jpeg,dense_angle,259.64453125,23.987011811463862,0.9049580834037562,7.60546875,3.851859888774472e-34,
person1633_virus_2829.jpeg,iqp,5077.03515625,11.07470190153375,0.3245935500025684,44.62109375,0.19908107870069242,0.5061642072155074
person1633_virus_2829.jpeg,amplitude,259.64453125,23.987011811463862,0.9049580834037562,7.60546875,0.0,
person1633_virus_2829.jpeg,entangled_angle,2581.765625,14.011635467908196,0.6480841170637436,43.5703125,0.03046034111892662,0.8070745431070607
person1634_virus_2830.jpeg,basis,5088.10546875,11.065242558648551,0.6921507167492948,60.62109375,0.1044047943474811,
person1634_virus_2830.jpeg,angle,295.2578125,23.428789630302795,0.9349907618967612,6.1953125,1.0756318739402712e-31,
person1634_virus_2830.jpeg,dense_angle,295.2578125,23.428789630302795,0.9349907618967612,6.1953125,5.7777898331617076e-33,
person1634_virus_2830.jpeg,iqp,10304.0234375,8.00073523006158,0.41755889154327624,90.6484375,0.36324306420703345,0.5062718114609674
person1634_virus_2830.jpeg,amplitude,295.2578125,23.428789630302795,0.9349907618967612,6.1953125,2.4074124304840448e-33,
person1634_virus_2830.jpeg,entangled_angle,7517.90625,9.369834552072676,0.5445405554473484,78.59375,0.04240931041651481,0.687332142325707
person1635_virus_2831.jpeg,basis,1449.8359375,16.517615003361552,0.8363337718844646,21.71875,0.14046897308232048,
person1635_virus_2831.jpeg,angle,425.86328125,21.838101648842468,0.8938811909472802,8.16796875,3.0911175607415135e-32,
person1635_virus_2831.jpeg,dense_angle,425.86328125,21.838101648842468,0.8938811909472802,8.16796875,3.562970397116386e-33,
person1635_virus_2831.jpeg,iqp,4363.23046875,11.73272207550381,0.6296195569850936,54.41015625,0.2006984963709247,0.504137787573977
person1635_virus_2831.jpeg,amplitude,425.86328125,21.838101648842468,0.8938811909472802,8.16796875,0.0,
person1635_virus_2831.jpeg,entangled_angle,5572.0703125,10.67063772832766,0.530078215053867,63.8828125,0.03780286314476773,0.7178454891959871
person1637_virus_2834.jpeg,basis,1283.33203125,17.04741326718989,0.7857656778010542,20.99609375,0.1219829781426171,
person1637_virus_2834.jpeg,angle,266.56640625,23.87274943845325,0.9245374670026137,5.55078125,4.670380115139047e-32,
person1637_virus_2834.jpeg,dense_angle,266.56640625,23.87274943845325,0.9245374670026137,5.55078125,9.244463733058732e-33,
person1637_virus_2834.jpeg,iqp,7000.41796875,9.679563899818477,0.3166302409178348,56.66796875,0.18719580396818455,0.5162610241778953
person1637_virus_2834.jpeg,amplitude,266.56640625,23.87274943845325,0.9245374670026137,5.55078125,4.81482486096809e-34,
person1637_virus_2834.jpeg,entangled_angle,4519.03515625,11.580346408896652,0.52742089466375,55.86328125,0.047317096540133066,0.7274800852316265
person1640_virus_2839.jpeg,basis,3256.75,13.002959390508488,0.8258155742884523,46.203125,0.13035309546639143,
person1640_virus_2839.jpeg,angle,174.75390625,25.70653468616947,0.9541699858914475,2.94140625,2.8214873685273005e-32,
person1640_virus_2839.jpeg,dense_angle,174.75390625,25.70653468616947,0.9541699858914475,2.94140625,6.644458308135964e-33,
person1640_virus_2839.jpeg,iqp,6872.46484375,9.75967833990008,0.5548062333532227,74.83203125,0.2259279355999377,0.5058778940339708
person1640_virus_2839.jpeg,amplitude,174.75390625,25.70653468616947,0.9541699858914475,2.94140625,4.81482486096809e-34,
person1640_virus_2839.jpeg,entangled_angle,5385.34375,10.818669310494244,0.610445204740905,65.5546875,0.03260570775097355,0.7785678771211474
person1641_virus_2840.jpeg,basis,2855.01953125,13.574712772579925,0.8539242101127514,44.44921875,0.11482029471851951,
person1641_virus_2840.jpeg,angle,123.84375,27.202062668536268,0.9665775517259496,3.453125,1.9259299443872359e-32,
person1641_virus_2840.jpeg,dense_angle,123.84375,27.202062668536268,0.9665775517259496,3.453125,1.6370404527291505e-33,
person1641_virus_2840.jpeg,iqp,7472.703125,9.396026318882523,0.5336732985907129,77.546875,0.2626681460690867,0.5050923603360848
person1641_virus_2840.jpeg,amplitude,123.84375,27.202062668536268,0.9665775517259496,3.453125,9.62964972193618e-35,
person1641_virus_2840.jpeg,entangled_angle,5826.3203125,10.476860037950647,0.6139230047427018,67.8828125,0.04014860935873173,0.7333805364479593
person1642_virus_2842.jpeg,basis,5139.14453125,11.021895290862824,0.6787819829709533,55.52734375,0.11390838203859455,
person1642_virus_2842.jpeg,angle,457.2421875,21.529340670685553,0.9190857816248916,5.9140625,4.8148248609680896e-32,
person1642_virus_2842.jpeg,dense_angle,457.2421875,21.529340670685553,0.9190857816248916,5.9140625,3.0814879110195774e-33,
person1642_virus_2842.jpeg,iqp,7995.88671875,9.102137282195145,0.5439182490061545,79.55078125,0.2086410694706078,0.5057200856478741
person1642_virus_2842.jpeg,amplitude,457.2421875,21.529340670685553,0.9190857816248916,5.9140625,0.0,
person1642_virus_2842.jpeg,entangled_angle,6431.20703125,10.047878703984647,0.5772238796868501,70.79296875,0.035555238946123474,0.7617093274975486
person1643_virus_2843.jpeg,basis,2291.5859375,14.52944212364908,0.811736952474794,30.1328125,0.09280235649409935,
person1643_virus_2843.jpeg,angle,418.078125,21.91822916207535,0.9173488292661309,5.859375,3.9481563859938335e-33,
person1643_virus_2843.jpeg,dense_angle,418.078125,21.91822916207535,0.9173488292661309,5.859375,3.9481563859938335e-33,
person1643_virus_2843.jpeg,iqp,13035.01171875,6.979689349235034,0.3615990544507289,105.43359375,0.43193045632853894,0.5088776312578858
person1643_virus_2843.jpeg,amplitude,418.078125,21.91822916207535,0.9173488292661309,5.859375,9.62964972193618e-35,
person1643_virus_2843.jpeg,entangled_angle,9077.27734375,8.551247559479965,0.48105456326432333,87.14453125,0.05949035119105377,0.6352407136734852
person1644_virus_2844.jpeg,basis,4145.51953125,11.955013952419048,0.6364328589801116,51.33984375,0.11831451561042908,
person1644_virus_2844.jpeg,angle,377.34375,22.363431997642667,0.898274492051435,4.84375,2.195560136601449e-32,
person1644_virus_2844.jpeg,dense_angle,377.34375,22.363431997642667,0.898274492051435,4.84375,3.177784408238939e-33,
person1644_virus_2844.jpeg,iqp,2827.84375,13.616249516367876,0.7174014712502784,24.5078125,0.20151073225280955,0.5029388587043272
person1644_virus_2844.jpeg,amplitude,377.34375,22.363431997642667,0.898274492051435,4.84375,0.0,
person1644_virus_2844.jpeg,entangled_angle,4988.8515625,11.150797786657897,0.6395946103357883,62.3359375,0.031906793564508484,0.7516130654584905
person1645_virus_2845.jpeg,basis,5319.7890625,10.87185948649642,0.7221479237389427,62.6171875,0.1447282476049927,
person1645_virus_2845.jpeg,angle,157.46484375,26.15896754295747,0.9533600364595773,4.66015625,1.560003254953661e-31,
person1645_virus_2845.jpeg,dense_angle,157.46484375,26.15896754295747,0.9533600364595773,4.66015625,8.08890576642639e-33,
person1645_virus_2845.jpeg,iqp,5480.65625,10.742477971481632,0.6224618724513769,67.15625,0.19053835031187175,0.5042081761954927
person1645_virus_2845.jpeg,amplitude,157.46484375,26.15896754295747,0.9533600364595773,4.66015625,3.851859888774472e-34,
person1645_virus_2845.jpeg,entangled_angle,5306.51171875,10.882712332175139,0.6334982166952535,66.49609375,0.031149534705800654,0.7855038830855714
person1647_virus_2848.jpeg,basis,4226.72265625,11.870766090909047,0.7235115379818171,53.44140625,0.10939728438793994,
person1647_virus_2848.jpeg,angle,107.48046875,27.817508090325845,0.9739770044265447,2.85546875,4.237045877651919e-32,
person1647_virus_2848.jpeg,dense_angle,107.48046875,27.817508090325845,0.9739770044265447,2.85546875,1.5792625543975334e-32,
person1647_virus_2848.jpeg,iqp,9231.421875,8.478117622355345,0.48881341706577514,83.796875,0.1371160105583464,0.505718135107299
person1647_virus_2848.jpeg,amplitude,107.48046875,27.817508090325845,0.9739770044265447,2.85546875,3.851859888774472e-34,
person1647_virus_2848.jpeg,entangled_angle,7189.19140625,9.564003143725838,0.5725224874574247,74.80859375,0.04508390949052293,0.7238697807911842
person1649_virus_2850.jpeg,basis,2999.5078125,13.36030363432169,0.7503894144723133,37.7890625,0.10024223406641333,
person1649_virus_2850.jpeg,angle,211.78515625,24.87184843173054,0.9587573826522374,4.69921875,2.0800043399382147e-31,
person1649_virus_2850.jpeg,dense_angle,211.78515625,24.87184843173054,0.9587573826522374,4.69921875,9.340760230278094e-33,
person1649_virus_2850.jpeg,iqp,8723.14453125,8.724072926332449,0.44192182541404995,78.18359375,0.20263975696755154,0.5056980317550016
person1649_virus_2850.jpeg,amplitude,211.78515625,24.87184843173054,0.9587573826522374,4.69921875,0.0,
person1649_virus_2850.jpeg,entangled_angle,6286.48828125,10.146722505533795,0.5196375324791308,66.42578125,0.07653163136699899,0.659971510596584
person1650_virus_2852.jpeg,basis,10115.73046875,8.080831117153163,0.4367788970577623,90.91796875,0.1363755082484538,
person1650_virus_2852.jpeg,angle,671.68359375,19.859156203269382,0.8403992527915993,7.56640625,4.391120273202898e-32,
person1650_virus_2852.jpeg,dense_angle,671.68359375,19.859156203269382,0.8403992527915993,7.56640625,0.0,
person1650_virus_2852.jpeg,iqp,2546.6640625,14.071087011123245,0.5978220064842231,20.9453125,0.09912063549122824,0.5214896290453519
person1650_virus_2852.jpeg,amplitude,671.68359375,19.859156203269382,0.8403992527915993,7.56640625,7.703719777548943e-34,
person1650_virus_2852.jpeg,entangled_angle,4595.28125,11.507682637344502,0.5151584443303414,59.921875,0.023424082533801082,0.8139897055550308
person1650_virus_2854.jpeg,basis,5528.19921875,10.70496675625348,0.5434056580746288,57.42578125,0.15660485205904984,
person1650_virus_2854.jpeg,angle,293.31640625,23.457440055430947,0.8949193050762524,4.42578125,1.4251881588465545e-32,
person1650_virus_2854.jpeg,dense_angle,293.31640625,23.457440055430947,0.8949193050762524,4.42578125,0.0,
person1650_virus_2854.jpeg,iqp,2393.87890625,14.339781829167874,0.6584051566220033,32.81640625,0.13781308029279127,0.5283555769187176
person1650_virus_2854.jpeg,amplitude,293.31640625,23.457440055430947,0.8949193050762524,4.42578125,3.851859888774472e-34,
person1650_virus_2854.jpeg,entangled_angle,2612.453125,13.960318541838143,0.6495114970129356,45.2109375,0.019631204346479292,0.8324009920694884
person1651_virus_2855.jpeg,basis,9019.16015625,8.579142619609593,0.6622089654581843,84.14453125,0.14320611870659572,
person1651_virus_2855.jpeg,angle,326.015625,22.9984194580407,0.8694066877488318,6.328125,4.6992690643048555e-32,
person1651_virus_2855.jpeg,dense_angle,326.015625,22.9984194580407,0.8694066877488318,6.328125,4.622231866529366e-33,
person1651_virus_2855.jpeg,iqp,1303.2734375,16.980448170364394,0.6299666980983581,16.640625,0.1530587382226416,0.5148019052605028
person1651_virus_2855.jpeg,amplitude,326.015625,22.9984194580407,0.8694066877488318,6.328125,3.851859888774472e-34,
person1651_virus_2855.jpeg,entangled_angle,1486.890625,16.408013376761442,0.6747562141879838,28.5,0.02138390585606898,0.8384954690709556
person1653_virus_2858.jpeg,basis,7329.19921875,9.480238342317168,0.5908439119600709,72.16796875,0.11617106691407866,
person1653_virus_2858.jpeg,angle,344.16015625,22.763197706531567,0.9204178508702187,5.32421875,5.055566104016494e-32,
person1653_virus_2858.jpeg,dense_angle,344.16015625,22.763197706531567,0.9204178508702187,5.32421875,3.9481563859938335e-33,
person1653_virus_2858.jpeg,iqp,7103.86328125,9.615857663138723,0.43469047304936714,68.44921875,0.2373082484978236,0.506846841088495
person1653_virus_2858.jpeg,amplitude,344.16015625,22.763197706531567,0.9204178508702187,5.32421875,1.6370404527291505e-33,
person1653_virus_2858.jpeg,entangled_angle,5401.43359375,10.805713197069291,0.5305397482015066,62.08984375,0.04367357866720438,0.766084357748701
person1653_virus_2859.jpeg,basis,6669.30859375,9.889995478633955,0.6844790226572084,69.83203125,0.08922990929056707,
person1653_virus_2859.jpeg,angle,254.24609375,24.07826071744523,0.943425642771351,4.44140625,5.893345629824942e-32,
person1653_virus_2859.jpeg,dense_angle,254.24609375,24.07826071744523,0.943425642771351,4.44140625,3.851859888774472e-33,
person1653_virus_2859.jpeg,iqp,7549.05859375,9.351875646070976,0.40899812045540757,68.95703125,0.20402682545455672,0.5082912846800358
person1653_virus_2859.jpeg,amplitude,254.24609375,24.07826071744523,0.943425642771351,4.44140625,0.0,
person1653_virus_2859.jpeg,entangled_angle,4919.98828125,11.211162925303306,0.5494426952335175,58.79296875,0.05790876050713488,0.6792402110031156
person1655_virus_2861.jpeg,basis,1331.4921875,16.88741738298428,0.8618169779390243,24.15625,0.07931133899913242,
person1655_virus_2861.jpeg,angle,374.64453125,22.39460963358006,0.9299690733194146,8.31640625,7.771127325602497e-32,
person1655_virus_2861.jpeg,dense_angle,374.64453125,22.39460963358006,0.9299690733194146,8.31640625,2.1185229388259594e-33,
person1655_virus_2861.jpeg,iqp,13030.4765625,6.981200614500866,0.41787544743000393,103.9140625,0.34830466529323967,0.5081309828164098
person1655_virus_2861.jpeg,amplitude,374.64453125,22.39460963358006,0.9299690733194146,8.31640625,0.0,
person1655_virus_2861.jpeg,entangled_angle,11234.9296875,7.625100020857322,0.4821243304536009,97.53125,0.07112779157508284,0.6118283389034784
person1656_virus_2862.jpeg,basis,1810.953125,15.55173151756119,0.7999383609434166,30.6328125,0.09948686608664947,
person1656_virus_2862.jpeg,angle,228.765625,24.536895942188973,0.9292121714185552,5.7734375,1.1362986671884692e-32,
person1656_virus_2862.jpeg,dense_angle,228.765625,24.536895942188973,0.9292121714185552,5.7734375,5.488900341503622e-33,
person1656_virus_2862.jpeg,iqp,7830.953125,9.192657365192403,0.5291967362078058,77.671875,0.3413343954702621,0.5040245596101419
person1656_virus_2862.jpeg,amplitude,228.765625,24.536895942188973,0.9292121714185552,5.7734375,1.5407439555097887e-33,
person1656_virus_2862.jpeg,entangled_angle,8399.234375,8.88840660742568,0.5431842297635395,83.7421875,0.05124413774413974,0.6659419232166421
person1657_virus_2864.jpeg,basis,3137.2734375,13.165279884174868,0.8198581131956436,46.8515625,0.0985897256611056,
person1657_virus_2864.jpeg,angle,467.1328125,21.436399866497293,0.8815038466824054,4.6796875,1.935559594109172e-32,
person1657_virus_2864.jpeg,dense_angle,467.1328125,21.436399866497293,0.8815038466824054,4.6796875,1.0400021699691074e-32,
person1657_virus_2864.jpeg,iqp,10250.67578125,8.023278634377512,0.46801830490015106,91.91015625,0.3087921247489537,0.5041155644547366
person1657_virus_2864.jpeg,amplitude,467.1328125,21.436399866497293,0.8815038466824054,4.6796875,1.6370404527291505e-33,
person1657_virus_2864.jpeg,entangled_angle,7749.9375,9.237821607505767,0.511056932541295,77.8125,0.04445481945209871,0.7048655011333635
person1659_virus_2867.jpeg,basis,6140.14453125,10.249017668626418,0.693015162111446,61.48046875,0.10434916076861556,
person1659_virus_2867.jpeg,angle,281.98046875,23.628613327182467,0.9295109710910975,5.12109375,3.6207482954480034e-32,
person1659_virus_2867.jpeg,dense_angle,281.98046875,23.628613327182467,0.9295109710910975,5.12109375,5.007417855406813e-33,
person1659_virus_2867.jpeg,iqp,7556.453125,9.3476236823713,0.4334955628675863,69.5703125,0.2029033407935128,0.5107213603664678
person1659_virus_2867.jpeg,amplitude,281.98046875,23.628613327182467,0.9295109710910975,5.12109375,0.0,
person1659_virus_2867.jpeg,entangled_angle,5583.3828125,10.661829555399915,0.5951344597111485,65.9375,0.05129662860162729,0.728178529838668
person1660_virus_2869.jpeg,basis,6176.16796875,10.223612621883372,0.6178715767168937,62.72265625,0.11827311212539948,
person1660_virus_2869.jpeg,angle,325.96484375,22.99909598188645,0.9232599987530691,4.97265625,4.198527278764174e-32,
person1660_virus_2869.jpeg,dense_angle,325.96484375,22.99909598188645,0.9232599987530691,4.97265625,3.0814879110195774e-33,
person1660_virus_2869.jpeg,iqp,4777.85546875,11.338473527654198,0.5014723939768284,44.73046875,0.2673097939840752,0.5036167879552508
person1660_virus_2869.jpeg,amplitude,325.96484375,22.99909598188645,0.9232599987530691,4.97265625,0.0,
person1660_virus_2869.jpeg,entangled_angle,2672.97265625,13.86085844797673,0.6265140424659157,41.43359375,0.04187546138422697,0.7480027897806294
person1661_virus_2872.jpeg,basis,2090.66796875,14.927952954293202,0.6923873394102275,35.53515625,0.15272916842918116,
person1661_virus_2872.jpeg,angle,147.21484375,26.451287585179255,0.9165774104700743,3.44921875,3.543711097672514e-32,
person1661_virus_2872.jpeg,dense_angle,147.21484375,26.451287585179255,0.9165774104700743,3.44921875,4.237045877651919e-33,
person1661_virus_2872.jpeg,iqp,4812.80859375,11.306817708155542,0.5815626551587125,53.25390625,0.10836594529834692,0.5214413717144224
person1661_virus_2872.jpeg,amplitude,147.21484375,26.451287585179255,0.9165774104700743,3.44921875,3.851859888774472e-34,
person1661_virus_2872.jpeg,entangled_angle,885.54296875,18.65870721780811,0.7628991868537881,21.14453125,0.01971196916451487,0.82813246987902
person1661_virus_2873.jpeg,basis,2090.66796875,14.927952954293202,0.6923873394102275,35.53515625,0.15272916842918116,
person1661_virus_2873.jpeg,angle,147.21484375,26.451287585179255,0.9165774104700743,3.44921875,3.543711097672514e-32,
person1661_virus_2873.jpeg,dense_angle,147.21484375,26.451287585179255,0.9165774104700743,3.44921875,4.237045877651919e-33,
person1661_virus_2873.jpeg,iqp,4812.80859375,11.306817708155542,0.5815626551587125,53.25390625,0.10836594529834692,0.5214413717144224
person1661_virus_2873.jpeg,amplitude,147.21484375,26.451287585179255,0.9165774104700743,3.44921875,3.851859888774472e-34,
person1661_virus_2873.jpeg,entangled_angle,885.54296875,18.65870721780811,0.7628991868537881,21.14453125,0.01971196916451487,0.82813246987902
person1662_virus_2875.jpeg,basis,5720.00390625,10.556840354905784,0.5810353083023635,58.71484375,0.13041726307491686,
person1662_virus_2875.jpeg,angle,373.83984375,22.403947743692196,0.913320362650515,8.86328125,1.9374855240535593e-31,
person1662_virus_2875.jpeg,dense_angle,373.83984375,22.403947743692196,0.913320362650515,8.86328125,5.007417855406813e-33,
person1662_virus_2875.jpeg,iqp,5524.80078125,10.707637384498938,0.5593244976713909,59.22265625,0.09650349033531568,0.5047950339783002
person1662_virus_2875.jpeg,amplitude,373.83984375,22.403947743692196,0.913320362650515,8.86328125,3.851859888774472e-34,
person1662_virus_2875.jpeg,entangled_angle,5295.42578125,10.891794753643298,0.6068726603202873,65.49609375,0.037323909163643955,0.7700046139406925
person1663_virus_2876.jpeg,basis,7952.6015625,9.125711366877969,0.6743935235011879,79.25,0.13938766045430473,
person1663_virus_2876.jpeg,angle,558.0390625,20.664157604349427,0.8775916357006954,8.5,3.813341289886727e-32,
person1663_virus_2876.jpeg,dense_angle,558.0390625,20.664157604349427,0.8775916357006954,8.5,1.0400021699691074e-32,
person1663_virus_2876.jpeg,iqp,5315.0234375,10.875751769089755,0.33340080026472335,57.421875,0.2529653917961413,0.512132485150854
person1663_virus_2876.jpeg,amplitude,558.0390625,20.664157604349427,0.8775916357006954,8.5,0.0,
person1663_virus_2876.jpeg,entangled_angle,2865.125,13.559367867020216,0.5618830137349119,42.15625,0.030023030795647658,0.8014484361788886
person1664_virus_2877.jpeg,basis,6296.49609375,10.139814226016629,0.6406285481144244,64.28515625,0.11138502843011167,
person1664_virus_2877.jpeg,angle,302.76171875,23.319793988465012,0.9352331596524616,6.37890625,1.0014835710813626e-32,
person1664_virus_2877.jpeg,dense_angle,302.76171875,23.319793988465012,0.9352331596524616,6.37890625,1.1170393677445968e-32,
person1664_virus_2877.jpeg,iqp,7292.06640625,9.502297459018914,0.4002942838119889,54.64453125,0.3190231205700137,0.5041841619356396
person1664_virus_2877.jpeg,amplitude,302.76171875,23.319793988465012,0.9352331596524616,6.37890625,3.851859888774472e-34,
person1664_virus_2877.jpeg,entangled_angle,5078.3515625,11.073575980898024,0.5924860549742899,60.9140625,0.04509817546659248,0.7276897319610108
person1665_virus_2878.jpeg,basis,2150.578125,14.805251368840494,0.8028307292453195,34.8359375,0.10753728349775596,
person1665_virus_2878.jpeg,angle,258.90625,23.999378264324605,0.9347373535538498,5.1875,2.0222264416065976e-33,
person1665_virus_2878.jpeg,dense_angle,258.90625,23.999378264324605,0.9347373535538498,5.1875,3.4666738998970245e-33,
person1665_virus_2878.jpeg,iqp,9808.30859375,8.214862394955237,0.4037489617312622,88.83203125,0.3850084655124779,0.5030871008492424
person1665_virus_2878.jpeg,amplitude,258.90625,23.999378264324605,0.9347373535538498,5.1875,1.5407439555097887e-33,
person1665_virus_2878.jpeg,entangled_angle,7482.28515625,9.39046105358308,0.5423283143869975,78.51171875,0.044499362695569686,0.6929917382443644
person1667_virus_2881.jpeg,basis,3601.2578125,12.566261474282548,0.8268803110625785,49.8359375,0.11582763936735585,
person1667_virus_2881.jpeg,angle,197.9140625,25.166037073933225,0.9501491626353755,3.84375,2.195560136601449e-32,
person1667_virus_2881.jpeg,dense_angle,197.9140625,25.166037073933225,0.9501491626353755,3.84375,3.0814879110195774e-33,
person1667_virus_2881.jpeg,iqp,3271.33984375,12.98354697636006,0.7030339525074565,48.94921875,0.19758159424013902,0.503126442927676
person1667_virus_2881.jpeg,amplitude,197.9140625,25.166037073933225,0.9501491626353755,3.84375,0.0,
person1667_virus_2881.jpeg,entangled_angle,3430.8125,12.776833771283995,0.6167129707929017,49.0859375,0.03749516357448755,0.7550606847914002
person1668_virus_2882.jpeg,basis,6361.375,10.095293630856954,0.7232729482432244,68.90625,0.10735153247043461,
person1668_virus_2882.jpeg,angle,120.4296875,27.323468014532516,0.9666435232457259,2.84375,5.777789833161708e-32,
person1668_virus_2882.jpeg,dense_angle,120.4296875,27.323468014532516,0.9666435232457259,2.84375,1.887411345499491e-32,
person1668_virus_2882.jpeg,iqp,6475.10546875,10.018335141187759,0.43342469296044295,60.48046875,0.19876770361425827,0.507781931954304
person1668_virus_2882.jpeg,amplitude,120.4296875,27.323468014532516,0.9666435232457259,2.84375,0.0,
person1668_virus_2882.jpeg,entangled_angle,4463.90625,11.633652958020127,0.6014244607760563,58.7421875,0.0483518900336377,0.7082137908869002
person1669_virus_2884.jpeg,basis,5767.83203125,10.520677563415981,0.6947099166617814,63.76953125,0.12077229632428457,
person1669_virus_2884.jpeg,angle,231.765625,24.48031338126746,0.9512233862202715,3.9921875,1.126669017466533e-32,
person1669_virus_2884.jpeg,dense_angle,231.765625,24.48031338126746,0.9512233862202715,3.9921875,3.0814879110195774e-33,
person1669_virus_2884.jpeg,iqp,9465.80859375,8.369226424302743,0.387816356497767,84.66015625,0.21251365212674792,0.5072356218650311
person1669_virus_2884.jpeg,amplitude,231.765625,24.48031338126746,0.9512233862202715,3.9921875,4.81482486096809e-34,
person1669_virus_2884.jpeg,entangled_angle,5849.2109375,10.45983077452882,0.613533033951766,69.4140625,0.03239863923268066,0.7780535678751017
person1669_virus_2885.jpeg,basis,8496.44921875,8.838428947874398,0.5472284713184059,81.59765625,0.13788424183002304,
person1669_virus_2885.jpeg,angle,230.375,24.506450126407803,0.9415155771708106,2.78125,1.126669017466533e-32,
person1669_virus_2885.jpeg,dense_angle,230.375,24.506450126407803,0.9415155771708106,2.78125,6.259272319258517e-33,
person1669_virus_2885.jpeg,iqp,8694.76953125,8.738222860453268,0.5294904292609238,86.38671875,0.27473209855584063,0.5122567933596796
person1669_virus_2885.jpeg,amplitude,230.375,24.506450126407803,0.9415155771708106,2.78125,3.851859888774472e-34,
person1669_virus_2885.jpeg,entangled_angle,5922.1875,10.405982075737858,0.6332500702722015,70.953125,0.02707352917851501,0.8023789565972288
person1670_virus_2886.jpeg,basis,8068.2578125,9.063005936924265,0.635792960903466,77.484375,0.14845062106685547,
person1670_virus_2886.jpeg,angle,216.5625,24.774971045760097,0.9033803185460034,4.9609375,3.004450713244088e-32,
person1670_virus_2886.jpeg,dense_angle,216.5625,24.774971045760097,0.9033803185460034,4.9609375,5.007417855406813e-33,
person1670_virus_2886.jpeg,iqp,5181.09765625,10.986585826763697,0.47650350478641534,60.48046875,0.12393539531233085,0.5207831523226678
person1670_virus_2886.jpeg,amplitude,216.5625,24.774971045760097,0.9033803185460034,4.9609375,0.0,
person1670_virus_2886.jpeg,entangled_angle,3189.1796875,13.094013715430277,0.5903377837125912,48.4375,0.024341676550092346,0.8270936696585697
person1671_virus_2887.jpeg,basis,2986.3828125,13.379348834332838,0.7206913625646915,34.0625,0.0855454098016859,
person1671_virus_2887.jpeg,angle,391.58984375,22.202489414256007,0.9356990389724688,4.23046875,1.0053354309701371e-31,
person1671_virus_2887.jpeg,dense_angle,391.58984375,22.202489414256007,0.9356990389724688,4.23046875,5.007417855406813e-33,
person1671_virus_2887.jpeg,iqp,9373.4296875,8.411818348868904,0.4057755492537277,80.6875,0.2229769174136469,0.5022817474115453
person1671_virus_2887.jpeg,amplitude,391.58984375,22.202489414256007,0.9356990389724688,4.23046875,0.0,
person1671_virus_2887.jpeg,entangled_angle,6597.36328125,9.937099618718332,0.5395708147259534,70.57421875,0.07745012772852547,0.6749737714105958
person1672_virus_2888.jpeg,basis,2297.71484375,14.51784230976125,0.828258058389191,37.97265625,0.11653136318592164,
person1672_virus_2888.jpeg,angle,141.0625,26.63668784446073,0.9652470806271825,2.6640625,2.69630192214213e-32,
person1672_virus_2888.jpeg,dense_angle,141.0625,26.63668784446073,0.9652470806271825,2.6640625,7.029644297013411e-33,
person1672_virus_2888.jpeg,iqp,2848.796875,13.58418876602654,0.6508463445688167,33.7734375,0.22023238001874768,0.5027784923144158
person1672_virus_2888.jpeg,amplitude,141.0625,26.63668784446073,0.9652470806271825,2.6640625,3.851859888774472e-34,
person1672_virus_2888.jpeg,entangled_angle,6834.72265625,9.78359464685943,0.5986144222973934,75.98828125,0.03766981255050029,0.7368738461987832
person1673_virus_2889.jpeg,basis,4710.6953125,11.399953458632195,0.705030783866253,57.9296875,0.1278100275683192,
person1673_virus_2889.jpeg,angle,224.19140625,24.624613997531803,0.9369561789094227,3.30078125,1.9259299443872359e-32,
person1673_virus_2889.jpeg,dense_angle,224.19140625,24.624613997531803,0.9369561789094227,3.30078125,5.007417855406813e-33,
person1673_virus_2889.jpeg,iqp,9514.91015625,8.346756690151363,0.45434491799111676,87.96484375,0.17111653569578783,0.5064345088424769
person1673_virus_2889.jpeg,amplitude,224.19140625,24.624613997531803,0.9369561789094227,3.30078125,1.5407439555097887e-33,
person1673_virus_2889.jpeg,entangled_angle,6830.5546875,9.786243880884424,0.5837484808334598,74.078125,0.035748409513771846,0.7699201885036592
person1674_virus_2890.jpeg,basis,4124.35546875,11.977242717967624,0.6050450082255314,53.39453125,0.12055304531794653,
person1674_virus_2890.jpeg,angle,487.23828125,21.253389583315357,0.6978034326052949,3.61328125,7.51112678311022e-32,
person1674_virus_2890.jpeg,dense_angle,487.23828125,21.253389583315357,0.6978034326052949,3.61328125,6.259272319258517e-33,
person1674_virus_2890.jpeg,iqp,7018.1875,9.668553940920297,0.5553886039293817,72.578125,0.15770337040583116,0.5063893820182843
person1674_virus_2890.jpeg,amplitude,487.23828125,21.253389583315357,0.6978034326052949,3.61328125,3.851859888774472e-34,
person1674_virus_2890.jpeg,entangled_angle,10155.703125,8.0637036392605,0.43937280824310143,92.8203125,0.0370385894077833,0.7360978254367774
person1675_virus_2891.jpeg,basis,3126.19921875,13.180637106501923,0.7638928364039446,46.94140625,0.08009184419908078,
person1675_virus_2891.jpeg,angle,130.35546875,26.979511052014796,0.9505471241040924,4.07421875,7.800016274768305e-33,
person1675_virus_2891.jpeg,dense_angle,130.35546875,26.979511052014796,0.9505471241040924,4.07421875,3.0814879110195774e-33,
person1675_virus_2891.jpeg,iqp,5646.56640625,10.612959208559802,0.5102117031046921,59.89453125,0.161119331441793,0.5057455923607287
person1675_virus_2891.jpeg,amplitude,130.35546875,26.979511052014796,0.9505471241040924,4.07421875,0.0,
person1675_virus_2891.jpeg,entangled_angle,5210.6796875,10.96185983964218,0.47551788921911325,58.453125,0.1235164971692427,0.6998225581190265
person1676_virus_2892.jpeg,basis,6083.765625,10.289078862117753,0.560306624770434,68.40625,0.12858716258692907,
person1676_virus_2892.jpeg,angle,470.3984375,21.406144903726492,0.8728194998802618,8.7890625,3.851859888774472e-33,
person1676_virus_2892.jpeg,dense_angle,470.3984375,21.406144903726492,0.8728194998802618,8.7890625,6.933347799794049e-33,
person1676_virus_2892.jpeg,iqp,10881.9453125,7.763738218507869,0.5124983552129984,98.4140625,0.27585584857003886,0.5060219486138748
person1676_virus_2892.jpeg,amplitude,470.3984375,21.406144903726492,0.8728194998802618,8.7890625,0.0,
person1676_virus_2892.jpeg,entangled_angle,8141.81640625,9.023590558301189,0.5951791111007293,84.14453125,0.03221721189225484,0.7589571646266962
person1678_virus_2895.jpeg,basis,5672.83203125,10.592804362810357,0.7557648003563484,62.44140625,0.0903956116478486,
person1678_virus_2895.jpeg,angle,156.8125,26.176996822092246,0.9707524730398243,2.8515625,2.5422275265911513e-32,
person1678_virus_2895.jpeg,dense_angle,156.8125,26.176996822092246,0.9707524730398243,2.8515625,1.771855548836257e-32,
person1678_virus_2895.jpeg,iqp,8815.91015625,8.67813205272596,0.4173101303889779,78.23828125,0.24800570027610944,0.5068344497363221
person1678_virus_2895.jpeg,amplitude,156.8125,26.176996822092246,0.9707524730398243,2.8515625,3.851859888774472e-34,
person1678_virus_2895.jpeg,entangled_angle,5662.6640625,10.600595629938203,0.571063599929308,64.046875,0.0606456000443181,0.6717702852296112
person1679_virus_2896.jpeg,basis,6362.77734375,10.09433634877109,0.6950565968793313,66.09765625,0.13206630537374453,
person1679_virus_2896.jpeg,angle,173.16015625,25.746323918436648,0.9610809358954117,3.64453125,2.7059315718640664e-32,
person1679_virus_2896.jpeg,dense_angle,173.16015625,25.746323918436648,0.9610809358954117,3.64453125,4.718528363748728e-33,
person1679_virus_2896.jpeg,iqp,6193.6171875,10.211360017092844,0.4439402961037485,48.984375,0.24317009788425725,0.5110534283574568
person1679_virus_2896.jpeg,amplitude,173.16015625,25.746323918436648,0.9610809358954117,3.64453125,9.62964972193618e-35,
person1679_virus_2896.jpeg,entangled_angle,4665.58203125,11.441745311792172,0.6133245196423821,60.24609375,0.03693572599550174,0.7547492307656845
person1680_virus_2897.jpeg,basis,3335.48828125,12.899209417067405,0.7713840284451646,45.63671875,0.08591612996954556,
person1680_virus_2897.jpeg,angle,227.78125,24.555623889592283,0.9539194211750401,3.4609375,3.8903784876622164e-32,
person1680_virus_2897.jpeg,dense_angle,227.78125,24.555623889592283,0.9539194211750401,3.4609375,3.120006509907322e-32,
person1680_virus_2897.jpeg,iqp,7347.8828125,9.469181395120977,0.4469533463459427,69.4453125,0.3126409900519971,0.5072920657960531
person1680_virus_2897.jpeg,amplitude,227.78125,24.555623889592283,0.9539194211750401,3.4609375,0.0,
person1680_virus_2897.jpeg,entangled_angle,4799.88671875,11.318493730761405,0.5531808571468741,59.92578125,0.06549173565199749,0.6650820433634256
person1682_virus_2899.jpeg,basis,3768.59375,12.36901037332479,0.5905850705208813,52.21875,0.12449192509845464,
person1682_virus_2899.jpeg,angle,491.7890625,21.213014951653278,0.7855775051424034,4.9765625,9.331130580556158e-32,
person1682_virus_2899.jpeg,dense_angle,491.7890625,21.213014951653278,0.7855775051424034,4.9765625,3.562970397116386e-33,
person1682_virus_2899.jpeg,iqp,10157.90234375,8.062763275844638,0.33069223118877356,90.64453125,0.23111858284473302,0.50735719501529
person1682_virus_2899.jpeg,amplitude,491.7890625,21.213014951653278,0.7855775051424034,4.9765625,1.925929944387236e-33,
person1682_virus_2899.jpeg,entangled_angle,7290.11328125,9.503460839848415,0.5418665541679833,78.57421875,0.03149245815155896,0.757699002076227
person1685_virus_2903.jpeg,basis,5785.640625,10.507289069148502,0.5178319523093099,64.921875,0.14115542718078566,
person1685_virus_2903.jpeg,angle,501.515625,21.127958926130287,0.7759071962454314,3.90625,1.0496318196910435e-32,
person1685_virus_2903.jpeg,dense_angle,501.515625,21.127958926130287,0.7759071962454314,3.90625,2.6963019221421302e-33,
person1685_virus_2903.jpeg,iqp,10130.15625,8.07464216791987,0.24763434528669215,84.625,0.2092626112464539,0.5089011500867446
person1685_virus_2903.jpeg,amplitude,501.515625,21.127958926130287,0.7759071962454314,3.90625,2.0222264416065976e-33,
person1685_virus_2903.jpeg,entangled_angle,8295.29296875,8.94248632054889,0.48540702679384834,83.60546875,0.03195409043271104,0.7499979656688114
person16_virus_47.jpeg,basis,6516.99609375,9.990329001858491,0.7027282779155106,69.69921875,0.09971714092257936,
person16_virus_47.jpeg,angle,366.81640625,22.486316091575453,0.8925831491947939,7.21484375,2.734820521029875e-32,
person16_virus_47.jpeg,dense_angle,366.81640625,22.486316091575453,0.8925831491947939,7.21484375,9.629649721936179e-33,
person16_virus_47.jpeg,iqp,9560.953125,8.325791719082504,0.4519562321717164,89.546875,0.4240094946851377,0.5123424349261929
person16_virus_47.jpeg,amplitude,366.81640625,22.486316091575453,0.8925831491947939,7.21484375,1.925929944387236e-34,
person16_virus_47.jpeg,entangled_angle,5841.27734375,10.465725338439816,0.5481739081604431,68.66015625,0.03726821564215185,0.70334083772217
person171_bacteria_826.jpeg,basis,3159.75,13.134276383493626,0.7185704547256839,41.921875,0.14994062781372422,
person171_bacteria_826.jpeg,angle,201.16796875,25.09521530123004,0.9210002413911179,6.12890625,8.474091755303838e-33,
person171_bacteria_826.jpeg,dense_angle,201.16796875,25.09521530123004,0.9210002413911179,6.12890625,1.1555579666323415e-33,
person171_bacteria_826.jpeg,iqp,7268.91796875,9.516105930865761,0.4493483182675352,76.89453125,0.30008315460698826,0.5134721523157931
person171_bacteria_826.jpeg,amplitude,201.16796875,25.09521530123004,0.9210002413911179,6.12890625,0.0,
person171_bacteria_826.jpeg,entangled_angle,4744.5625,11.368841889087651,0.5828427637888157,58.5234375,0.030415007190996463,0.774457796761149
person172_bacteria_827.jpeg,basis,4527.79296875,11.571938001490533,0.43569853452088203,47.55859375,0.14918086406933573,
person172_bacteria_827.jpeg,angle,120.4609375,27.322341220774096,0.9112035649861712,2.3984375,2.0029671421627253e-32,
person172_bacteria_827.jpeg,dense_angle,120.4609375,27.322341220774096,0.9112035649861712,2.3984375,4.622231866529366e-33,
person172_bacteria_827.jpeg,iqp,3730.578125,12.41304221541321,0.46679028387497534,48.8515625,0.1944378845028703,0.505591366786549
person172_bacteria_827.jpeg,amplitude,120.4609375,27.322341220774096,0.9112035649861712,2.3984375,7.703719777548943e-34,
person172_bacteria_827.jpeg,entangled_angle,3308.1875,12.934902445376792,0.6621865759343268,52.03125,0.02104102849271666,0.8016003784762986
person172_bacteria_828.jpeg,basis,7080.36328125,9.63024819704313,0.7460239053201279,73.98828125,0.133762207184276,
person172_bacteria_828.jpeg,angle,192.96875,25.27593377256113,0.9393679712424802,4.3984375,1.0014835710813626e-32,
person172_bacteria_828.jpeg,dense_angle,192.96875,25.27593377256113,0.9393679712424802,4.3984375,5.7777898331617076e-33,
person172_bacteria_828.jpeg,iqp,3590.4140625,12.579358246323762,0.5782849457704943,31.3984375,0.14038077545719946,0.508821826433068
person172_bacteria_828.jpeg,amplitude,192.96875,25.27593377256113,0.9393679712424802,4.3984375,3.851859888774472e-34,
person172_bacteria_828.jpeg,entangled_angle,2035.96484375,15.043100863668439,0.7170623574651178,36.74609375,0.025874247721525245,0.8042476247888417
person173_bacteria_829.jpeg,basis,1519.453125,16.313930541932123,0.7967925272146017,22.7578125,0.12117129698996745,
person173_bacteria_829.jpeg,angle,280.6875,23.648572884611205,0.8953774661744653,4.578125,1.6562997521730228e-32,
person173_bacteria_829.jpeg,dense_angle,280.6875,23.648572884611205,0.8953774661744653,4.578125,3.0814879110195774e-33,
person173_bacteria_829.jpeg,iqp,5017.54296875,11.125892605233119,0.5081255936728327,63.37890625,0.20443484916682403,0.5040450838189445
person173_bacteria_829.jpeg,amplitude,280.6875,23.648572884611205,0.8953774661744653,4.578125,1.925929944387236e-33,
person173_bacteria_829.jpeg,entangled_angle,2982.1171875,13.385556550558968,0.6699008049365177,46.71875,0.026900129092342823,0.7412322188275722
person173_bacteria_830.jpeg,basis,8641.54296875,8.764890671174824,0.38667785290463874,82.78515625,0.14502223802866898,
person173_bacteria_830.jpeg,angle,372.07421875,22.424507823339177,0.8591302318186379,8.94140625,4.015563934047387e-32,
person173_bacteria_830.jpeg,dense_angle,372.07421875,22.424507823339177,0.8591302318186379,8.94140625,3.851859888774472e-33,
person173_bacteria_830.jpeg,iqp,4202.09375,11.896146234468361,0.5683942963473592,55.0,0.20658748729116114,0.5070014437217054
person173_bacteria_830.jpeg,amplitude,372.07421875,22.424507823339177,0.8591302318186379,8.94140625,4.81482486096809e-34,
person173_bacteria_830.jpeg,entangled_angle,3783.63671875,12.351709293897695,0.6315658379569526,54.29296875,0.02566798105445584,0.8082313689204697
person173_bacteria_831.jpeg,basis,14365.0234375,6.557740219587665,0.4655035959325318,110.3046875,0.16120891277393656,
person173_bacteria_831.jpeg,angle,278.23046875,23.686756734382133,0.9177550659168519,5.38671875,3.389636702121535e-32,
person173_bacteria_831.jpeg,dense_angle,278.23046875,23.686756734382133,0.9177550659168519,5.38671875,3.0814879110195774e-33,
person173_bacteria_831.jpeg,iqp,2089.78515625,14.92978720810034,0.7375766581684712,24.80859375,0.19410532652168894,0.5121248693642679
person173_bacteria_831.jpeg,amplitude,278.23046875,23.686756734382133,0.9177550659168519,5.38671875,7.703719777548943e-34,
person173_bacteria_831.jpeg,entangled_angle,2442.5,14.252457884770998,0.7027868574177554,43.1171875,0.01748808487373555,0.8611258335996387
person174_bacteria_832.jpeg,basis,2672.08984375,13.862293045236505,0.6129785424253966,29.50390625,0.10679269358266977,
person174_bacteria_832.jpeg,angle,451.84765625,21.58088326946427,0.8180165186954044,9.21484375,2.850376317693109e-32,
person174_bacteria_832.jpeg,dense_angle,451.84765625,21.58088326946427,0.8180165186954044,9.21484375,1.0111132208032988e-32,
person174_bacteria_832.jpeg,iqp,5902.7578125,10.420253961885697,0.41425325300800614,47.7578125,0.40218596227118825,0.5064211190797039
person174_bacteria_832.jpeg,amplitude,451.84765625,21.58088326946427,0.8180165186954044,9.21484375,9.62964972193618e-35,
person174_bacteria_832.jpeg,entangled_angle,6085.31640625,10.28797196557218,0.5146213088557352,68.20703125,0.03708680153396771,0.684958467355193
person175_bacteria_833.jpeg,basis,4676.70703125,11.43140196154333,0.5909838002807488,53.33203125,0.1476913231539925,
person175_bacteria_833.jpeg,angle,217.234375,24.76151812089285,0.90851585626856,8.3359375,2.513338577425343e-32,
person175_bacteria_833.jpeg,dense_angle,217.234375,24.76151812089285,0.90851585626856,8.3359375,4.333342374871281e-33,
person175_bacteria_833.jpeg,iqp,4495.375,11.603144348458947,0.5110894418279728,52.859375,0.19707795125536964,0.5062023948937231
person175_bacteria_833.jpeg,amplitude,217.234375,24.76151812089285,0.90851585626856,8.3359375,3.851859888774472e-34,
person175_bacteria_833.jpeg,entangled_angle,4293.1484375,11.803044562056899,0.6081608167158444,56.9765625,0.027620251100359587,0.7983380980505461
person175_bacteria_834.jpeg,basis,4595.1875,11.507771240241237,0.5535850814997905,53.6953125,0.14648590543418571,
person175_bacteria_834.jpeg,angle,256.61328125,24.038012309477775,0.8921842031722369,8.02734375,3.4666738998970245e-32,
person175_bacteria_834.jpeg,dense_angle,256.61328125,24.038012309477775,0.8921842031722369,8.02734375,4.333342374871281e-33,
person175_bacteria_834.jpeg,iqp,5285.5625,10.899891482884836,0.5140754321594548,64.8125,0.2726341954848247,0.5128427227321612
person175_bacteria_834.jpeg,amplitude,256.61328125,24.038012309477775,0.8921842031722369,8.02734375,0.0,
person175_bacteria_834.jpeg,entangled_angle,3368.5546875,12.856367584781038,0.60917573534748,47.640625,0.02649559536917437,0.7818976503766204
person175_bacteria_835.jpeg,basis,7847.30078125,9.183600617525414,0.5635931190277698,76.02734375,0.12728985733348175,
person175_bacteria_835.jpeg,angle,252.484375,24.108458539033162,0.9090979568999359,7.5,1.2711137632955757e-32,
person175_bacteria_835.jpeg,dense_angle,252.484375,24.108458539033162,0.9090979568999359,7.5,3.4666738998970245e-33,
person175_bacteria_835.jpeg,iqp,5308.53515625,10.881056630110479,0.40443252759349974,60.91015625,0.14620771657149675,0.5125743315825046
person175_bacteria_835.jpeg,amplitude,252.484375,24.108458539033162,0.9090979568999359,7.5,3.851859888774472e-34,
person175_bacteria_835.jpeg,entangled_angle,3223.4140625,13.047642646299362,0.6018361608242907,45.390625,0.028574307083642676,0.7965643545392473
person17_virus_48.jpeg,basis,5300.359375,10.887750442316062,0.7597724544283591,65.328125,0.13613889892722997,
person17_virus_48.jpeg,angle,301.296875,23.340857335997775,0.8953031184398458,7.09375,7.241496590896007e-32,
person17_virus_48.jpeg,dense_angle,301.296875,23.340857335997775,0.8953031184398458,7.09375,4.622231866529366e-33,
person17_virus_48.jpeg,iqp,2831.703125,13.610326407811936,0.5749417367106723,39.921875,0.07851293508454882,0.5068433619567969
person17_virus_48.jpeg,amplitude,301.296875,23.340857335997775,0.8953031184398458,7.09375,0.0,
person17_virus_48.jpeg,entangled_angle,4078.921875,12.025349736634233,0.5947230432673686,55.5625,0.02416180896565525,0.8072608269079837
person18_virus_49.jpeg,basis,5146.66796875,11.015542097133345,0.6343505620120307,57.50390625,0.13368730914562854,
person18_virus_49.jpeg,angle,263.5546875,23.922096160244656,0.900941166025001,3.6015625,7.934831370875412e-32,
person18_virus_49.jpeg,dense_angle,263.5546875,23.922096160244656,0.900941166025001,3.6015625,3.851859888774472e-34,
person18_virus_49.jpeg,iqp,5075.67578125,11.07586487971465,0.530725046582214,63.44140625,0.166808746038165,0.5094272117639074
person18_virus_49.jpeg,amplitude,263.5546875,23.922096160244656,0.900941166025001,3.6015625,0.0,
person18_virus_49.jpeg,entangled_angle,3571.9296875,12.601774595403452,0.5475074349566426,51.3671875,0.03419119537635213,0.7837702363301746
person19_virus_50.jpeg,basis,6896.390625,9.744585080690388,0.6559869998344261,67.7265625,0.15858975984645318,
person19_virus_50.jpeg,angle,260.734375,23.968820689068423,0.9342129961791147,5.2421875,7.703719777548943e-33,
person19_virus_50.jpeg,dense_angle,260.734375,23.968820689068423,0.9342129961791147,5.2421875,4.622231866529366e-33,
person19_virus_50.jpeg,iqp,1816.28515625,15.53896327220408,0.8183486717282378,30.84765625,0.12059374453142917,0.5166094039473954
person19_virus_50.jpeg,amplitude,260.734375,23.968820689068423,0.9342129961791147,5.2421875,0.0,
person19_virus_50.jpeg,entangled_angle,1467.4375,16.465207476999765,0.7596263393201516,31.40625,0.01884789840820481,0.8534739132760756
person1_virus_11.jpeg,basis,8699.0546875,8.7360829977897,0.441532753924818,81.4609375,0.15471625797607327,
person1_virus_11.jpeg,angle,127.765625,27.06666337099692,0.9247307423226475,2.7109375,4.237045877651919e-33,
person1_virus_11.jpeg,dense_angle,127.765625,27.06666337099692,0.9247307423226475,2.7109375,2.6963019221421302e-33,
person1_virus_11.jpeg,iqp,6921.2578125,9.728953341295748,0.31131306239903833,67.7890625,0.19090496137397928,0.5080584586694088
person1_virus_11.jpeg,amplitude,127.765625,27.06666337099692,0.9247307423226475,2.7109375,9.62964972193618e-35,
person1_virus_11.jpeg,entangled_angle,5102.84765625,11.052677580535292,0.5886633826593582,65.98828125,0.024077569827143933,0.7987911500861052
person1_virus_12.jpeg,basis,13660.78125,6.776048238311919,0.34377631552107124,106.1171875,0.13746225530548684,
person1_virus_12.jpeg,angle,402.25,22.08584308096843,0.8965707607404161,5.546875,1.7814851985581932e-32,
person1_virus_12.jpeg,dense_angle,402.25,22.08584308096843,0.8965707607404161,5.546875,1.1555579666323415e-33,
person1_virus_12.jpeg,iqp,3828.16015625,12.300902620868676,0.5765769894135478,50.10546875,0.23394831935612825,0.5058337684819505
person1_virus_12.jpeg,amplitude,402.25,22.08584308096843,0.8965707607404161,5.546875,4.81482486096809e-34,
person1_virus_12.jpeg,entangled_angle,2835.05078125,13.60519518514067,0.6182036288621545,42.53515625,0.027844955200144603,0.7574129286084742
person1_virus_13.jpeg,basis,10967.47265625,7.729738005586087,0.5540023428283971,89.32421875,0.1552300212263772,
person1_virus_13.jpeg,angle,255.81640625,24.051519672641305,0.8902883098830285,4.97265625,1.0014835710813626e-32,
person1_virus_13.jpeg,dense_angle,255.81640625,24.051519672641305,0.8902883098830285,4.97265625,3.4666738998970245e-33,
person1_virus_13.jpeg,iqp,1703.546875,15.817262727005822,0.7004419013760568,20.3125,0.058958356863775326,0.5178283094891925
person1_virus_13.jpeg,amplitude,255.81640625,24.051519672641305,0.8902883098830285,4.97265625,0.0,
person1_virus_13.jpeg,entangled_angle,1920.3984375,15.296890169270643,0.6654689003847745,36.0625,0.016587520032607498,0.869462149984
person1_virus_6.jpeg,basis,4336.859375,11.759050207232214,0.6881590998806453,51.828125,0.1293508038428569,
person1_virus_6.jpeg,angle,363.95703125,22.52030246978579,0.8686645929811745,3.46484375,2.2340787354891936e-32,
person1_virus_6.jpeg,dense_angle,363.95703125,22.52030246978579,0.8686645929811745,3.46484375,1.925929944387236e-33,
person1_virus_6.jpeg,iqp,6277.0078125,10.153276916845362,0.45881191215276473,72.234375,0.21791145165769774,0.5078098440258478
person1_virus_6.jpeg,amplitude,363.95703125,22.52030246978579,0.8686645929811745,3.46484375,3.851859888774472e-34,
person1_virus_6.jpeg,entangled_angle,4166.19140625,11.933411421192142,0.5460216736479979,56.30078125,0.029010691650227387,0.768240055831239
person1_virus_7.jpeg,basis,3195.4453125,13.085489715236935,0.7372501139043114,46.234375,0.11275842911437922,
person1_virus_7.jpeg,angle,252.60546875,24.106376123436164,0.885627899046103,6.00390625,9.244463733058732e-33,
person1_virus_7.jpeg,dense_angle,252.60546875,24.106376123436164,0.885627899046103,6.00390625,1.0881504185787883e-32,
person1_virus_7.jpeg,iqp,13379.07421875,6.866542979292731,0.2766350992639827,107.31640625,0.4017575870903505,0.5051715349308191
person1_virus_7.jpeg,amplitude,252.60546875,24.106376123436164,0.885627899046103,6.00390625,9.62964972193618e-35,
person1_virus_7.jpeg,entangled_angle,8304.72265625,8.937552274966851,0.47452530721017444,82.46484375,0.048929433057074395,0.6820142619284899
person1_virus_8.jpeg,basis,10889.5625,7.760699290141177,0.3955806199728356,88.703125,0.1557882123002472,
person1_virus_8.jpeg,angle,179.78125,25.583359651623173,0.9391865154915164,3.1171875,1.2711137632955757e-32,
person1_virus_8.jpeg,dense_angle,179.78125,25.583359651623173,0.9391865154915164,3.1171875,3.851859888774472e-33,
person1_virus_8.jpeg,iqp,4623.02734375,11.481538987072197,0.5619712753597468,63.94140625,0.1564435993521107,0.5078713745459394
person1_virus_8.jpeg,amplitude,179.78125,25.583359651623173,0.9391865154915164,3.1171875,0.0,
person1_virus_8.jpeg,entangled_angle,2566.58203125,14.037252114412473,0.7034381808007452,45.06640625,0.023266212636004913,0.791059356458387
person1_virus_9.jpeg,basis,5970.82421875,10.370460751409327,0.7304850163075217,73.20703125,0.11778280423651621,
person1_virus_9.jpeg,angle,108.515625,27.775880847781632,0.9231835639835151,3.6796875,2.69630192214213e-32,
person1_virus_9.jpeg,dense_angle,108.515625,27.775880847781632,0.9231835639835151,3.6796875,1.1555579666323415e-33,
person1_virus_9.jpeg,iqp,2836.79296875,13.602527190482013,0.5991160369918531,40.44140625,0.1546188036042273,0.5055714672654104
person1_virus_9.jpeg,amplitude,108.515625,27.775880847781632,0.9231835639835151,3.6796875,1.925929944387236e-33,
person1_virus_9.jpeg,entangled_angle,4123.16015625,11.978501564025365,0.5777639067279083,57.78515625,0.027507462680927363,0.7594857260332961
person20_virus_51.jpeg,basis,4411.75,11.684694665051701,0.8302362315453792,62.015625,0.09021796812667895,
person20_virus_51.jpeg,angle,145.640625,26.497978268771604,0.953471175054605,3.5703125,1.348150961071065e-32,
person20_virus_51.jpeg,dense_angle,145.640625,26.497978268771604,0.953471175054605,3.5703125,3.0814879110195774e-33,
person20_virus_51.jpeg,iqp,9664.63671875,8.278948267669104,0.4643813347673511,90.75390625,0.3754847285618701,0.5126981044799825
person20_virus_51.jpeg,amplitude,145.640625,26.497978268771604,0.953471175054605,3.5703125,2.311115933264683e-33,
person20_virus_51.jpeg,entangled_angle,6832.42578125,9.785054380983304,0.5802863015723063,77.12109375,0.039263843407211944,0.706317625822753
person21_virus_52.jpeg,basis,3378.66015625,12.843358505632407,0.7291091984769686,48.94140625,0.13223851158753042,
person21_virus_52.jpeg,angle,144.09375,26.54435216968409,0.923528678122636,2.34375,1.3096323621833204e-32,
person21_virus_52.jpeg,dense_angle,144.09375,26.54435216968409,0.923528678122636,2.34375,1.925929944387236e-33,
person21_virus_52.jpeg,iqp,9261.09375,8.464180802832999,0.38980335221445356,87.6796875,0.19019216120639554,0.5046222326746342
person21_virus_52.jpeg,amplitude,144.09375,26.54435216968409,0.923528678122636,2.34375,1.5407439555097887e-33,
person21_virus_52.jpeg,entangled_angle,6956.828125,9.706690870324898,0.5855784184789463,76.6953125,0.030316493481473444,0.770540290748294
person21_virus_53.jpeg,basis,3712.94921875,12.433613513582806,0.7812216231184108,50.62109375,0.11593221472139015,
person21_virus_53.jpeg,angle,222.88671875,24.64996170115056,0.920236414294045,3.62109375,5.546678239835239e-32,
person21_virus_53.jpeg,dense_angle,222.88671875,24.64996170115056,0.920236414294045,3.62109375,1.925929944387236e-33,
person21_virus_53.jpeg,iqp,12065.13671875,7.315481132917937,0.4300890274287834,101.55859375,0.3236795412338839,0.5053574201856081
person21_virus_53.jpeg,amplitude,222.88671875,24.64996170115056,0.920236414294045,3.62109375,1.5407439555097887e-33,
person21_virus_53.jpeg,entangled_angle,8826.2734375,8.673029831274702,0.5493111234121089,86.46875,0.038755120791319896,0.7448444813171691
person22_virus_54.jpeg,basis,4753.52734375,11.360643644194283,0.814030948049092,59.10546875,0.1269152352020798,
person22_virus_54.jpeg,angle,140.984375,26.639093774841378,0.9597303494206799,3.625,2.1262266586035084e-31,
person22_virus_54.jpeg,dense_angle,140.984375,26.639093774841378,0.9597303494206799,3.625,1.7333369499485123e-32,
person22_virus_54.jpeg,iqp,6037.83984375,10.321987718724673,0.4700907446874367,63.52734375,0.255410108797716,0.5187814681330175
person22_virus_54.jpeg,amplitude,140.984375,26.639093774841378,0.9597303494206799,3.625,3.851859888774472e-34,
person22_virus_54.jpeg,entangled_angle,3706.44921875,12.441223065430885,0.6480238120403589,52.32421875,0.03861193479840326,0.7551183713797689
person22_virus_55.jpeg,basis,3476.5078125,12.71937151187171,0.813708244101338,48.7265625,0.09312464969671377,
person22_virus_55.jpeg,angle,330.171875,22.94340284831879,0.9548436495087684,4.203125,3.2933402049021733e-32,
person22_virus_55.jpeg,dense_angle,330.171875,22.94340284831879,0.9548436495087684,4.203125,2.2437083852111298e-32,
person22_virus_55.jpeg,iqp,7639.1953125,9.300327470234162,0.5405056879552562,72.0078125,0.2955604825850424,0.5067179831818505
person22_virus_55.jpeg,amplitude,330.171875,22.94340284831879,0.9548436495087684,4.203125,2.311115933264683e-33,
person22_virus_55.jpeg,entangled_angle,7695.7734375,9.26828087219119,0.5567388869752018,77.390625,0.05122510396178625,0.6745180173767458
person23_virus_56.jpeg,basis,3494.26953125,12.697239595284133,0.816272554519357,50.01171875,0.10317628505904008,
person23_virus_56.jpeg,angle,140.94921875,26.640176878508125,0.9561157517859123,4.45703125,5.007417855406813e-32,
person23_virus_56.jpeg,dense_angle,140.94921875,26.640176878508125,0.9561157517859123,4.45703125,4.622231866529366e-33,
person23_virus_56.jpeg,iqp,8095.59375,9.048316544255492,0.542461721385501,80.1015625,0.20140682617539185,0.5054964442086561
person23_virus_56.jpeg,amplitude,140.94921875,26.640176878508125,0.9561157517859123,4.45703125,0.0,
person23_virus_56.jpeg,entangled_angle,7357.06640625,9.463756847849353,0.5687494415615154,77.53515625,0.044976945833116136,0.7170210882906641
person24_virus_58.jpeg,basis,8843.28515625,8.664667315794357,0.5214071694881992,85.57421875,0.14994098438075187,
person24_virus_58.jpeg,angle,179.97265625,25.578738343302327,0.9199851542354284,2.44140625,5.007417855406813e-33,
person24_virus_58.jpeg,dense_angle,179.97265625,25.578738343302327,0.9199851542354284,2.44140625,3.4666738998970245e-33,
person24_virus_58.jpeg,iqp,6051.0390625,10.312504043371613,0.4347130918499074,65.65625,0.13637526889627108,0.5112508393658172
person24_virus_58.jpeg,amplitude,179.97265625,25.578738343302327,0.9199851542354284,2.44140625,2.311115933264683e-33,
person24_virus_58.jpeg,entangled_angle,5258.05859375,10.922549394626266,0.6324027211884503,66.89453125,0.02448778526284033,0.8022043572856002
person25_virus_59.jpeg,basis,2404.60546875,14.32036530386924,0.8223930894340945,39.09765625,0.0952314817911254,
person25_virus_59.jpeg,angle,180.78125,25.55926975900048,0.9488353001103487,4.328125,8.435573156416093e-32,
person25_virus_59.jpeg,dense_angle,180.78125,25.55926975900048,0.9488353001103487,4.328125,2.6963019221421302e-33,
person25_virus_59.jpeg,iqp,14987.03515625,6.373646347997922,0.3098125057856086,108.30859375,0.3560426135145913,0.5073534033877919
person25_virus_59.jpeg,amplitude,180.78125,25.55926975900048,0.9488353001103487,4.328125,0.0,
person25_virus_59.jpeg,entangled_angle,9962.46875,8.147133887446795,0.4938609280839746,88.7265625,0.055971206327841486,0.6946926658569565
person26_virus_60.jpeg,basis,2554.52734375,14.057698051214295,0.7945390810411778,37.77734375,0.10389506641216809,
person26_virus_60.jpeg,angle,249.28515625,24.163839417730536,0.9318156332904708,3.83203125,3.168154758517003e-32,
person26_virus_60.jpeg,dense_angle,249.28515625,24.163839417730536,0.9318156332904708,3.83203125,2.6963019221421302e-33,
person26_virus_60.jpeg,iqp,6464.359375,10.025548685715222,0.6241280221127832,71.421875,0.28371122881115096,0.5070000716657797
person26_virus_60.jpeg,amplitude,249.28515625,24.163839417730536,0.9318156332904708,3.83203125,3.851859888774472e-34,
person26_virus_60.jpeg,entangled_angle,6505.8046875,9.99779339796996,0.5783596079198996,71.5078125,0.04953772656436674,0.70163154761226
person28_virus_62.jpeg,basis,4886.84375,11.240519075769242,0.761430927838086,55.9765625,0.11890781275088824,
person28_virus_62.jpeg,angle,443.2109375,21.664698915543866,0.916204505590018,4.5546875,4.237045877651919e-33,
person28_virus_62.jpeg,dense_angle,443.2109375,21.664698915543866,0.916204505590018,4.5546875,9.62964972193618e-35,
person28_virus_62.jpeg,iqp,6167.390625,10.229789045918531,0.5305866536755555,65.5390625,0.23266107136925457,0.5095594578864616
person28_virus_62.jpeg,amplitude,443.2109375,21.664698915543866,0.916204505590018,4.5546875,9.62964972193618e-35,
person28_virus_62.jpeg,entangled_angle,4192.5859375,11.90598387550543,0.6017157264495853,54.640625,0.04103103287163605,0.7472846525591521
person28_virus_63.jpeg,basis,3980.6328125,12.131282422789816,0.7334975569263791,49.8046875,0.1124335760226437,
person28_virus_63.jpeg,angle,223.33984375,24.641141529009737,0.9617000199139801,3.27734375,1.8989669251658146e-31,
person28_virus_63.jpeg,dense_angle,223.33984375,24.641141529009737,0.9617000199139801,3.27734375,7.800016274768305e-33,
person28_virus_63.jpeg,iqp,11547.953125,7.505753485268371,0.41153531906123786,92.8203125,0.21887728855074975,0.5050851369400768
person28_virus_63.jpeg,amplitude,223.33984375,24.641141529009737,0.9617000199139801,3.27734375,1.5407439555097887e-33,
person28_virus_63.jpeg,entangled_angle,8209.16796875,8.987812189606464,0.5686952423690085,80.89453125,0.04934575563666658,0.7197006966179639
person29_virus_64.jpeg,basis,8813.19140625,8.679471585688374,0.5946562605618952,80.74609375,0.13050804863844878,
person29_virus_64.jpeg,angle,223.66796875,24.634765671654037,0.9308433657804908,5.26171875,4.8533434598558343e-32,
person29_virus_64.jpeg,dense_angle,223.66796875,24.634765671654037,0.9308433657804908,5.26171875,5.007417855406813e-33,
person29_virus_64.jpeg,iqp,1900.02734375,15.343205098338764,0.6082148821584361,14.20703125,0.12185770869916453,0.5068637688042706
person29_virus_64.jpeg,amplitude,223.66796875,24.634765671654037,0.9308433657804908,5.26171875,0.0,
person29_virus_64.jpeg,entangled_angle,3733.6796875,12.40943303794269,0.6182759768896064,53.1015625,0.03197284074974121,0.792283737497327
person30_virus_69.jpeg,basis,3905.02734375,12.214562816307337,0.5026684406849184,47.46484375,0.12520953456799502,
person30_virus_69.jpeg,angle,415.7578125,21.942399420773484,0.852108693273877,5.71875,3.2066733574047477e-32,
person30_virus_69.jpeg,dense_angle,415.7578125,21.942399420773484,0.852108693273877,5.71875,8.08890576642639e-33,
person30_virus_69.jpeg,iqp,8443.92578125,8.865359534913198,0.42868623890172464,83.23046875,0.2572891845349784,0.5057854942499074
person30_virus_69.jpeg,amplitude,415.7578125,21.942399420773484,0.852108693273877,5.71875,3.851859888774472e-34,
person30_virus_69.jpeg,entangled_angle,5318.3828125,10.873007666138392,0.6084794246694534,64.4375,0.02801096051068842,0.7543567380942166
person31_virus_70.jpeg,basis,5932.79296875,10.398211674433567,0.6069436099463903,66.73828125,0.1223009253308888,
person31_virus_70.jpeg,angle,258.95703125,23.998526533084785,0.8634189128330628,4.66796875,3.3125995043460457e-32,
person31_virus_70.jpeg,dense_angle,258.95703125,23.998526533084785,0.8634189128330628,4.66796875,2.6963019221421302e-33,
person31_virus_70.jpeg,iqp,11214.953125,7.632828981603713,0.34047403949770905,92.1171875,0.24290211036657997,0.5089706286747708
person31_virus_70.jpeg,amplitude,258.95703125,23.998526533084785,0.8634189128330628,4.66796875,0.0,
person31_virus_70.jpeg,entangled_angle,7426.7578125,9.42281099118705,0.5399016467118698,78.0234375,0.03256845629885134,0.7686382722362921
person32_virus_71.jpeg,basis,1408.58203125,16.642982169072575,0.9003807545198725,28.60546875,0.11994246715026283,
person32_virus_71.jpeg,angle,234.50390625,24.429302794940348,0.9582441570386606,3.15234375,3.505192498784769e-32,
person32_virus_71.jpeg,dense_angle,234.50390625,24.429302794940348,0.9582441570386606,3.15234375,3.851859888774472e-33,
person32_virus_71.jpeg,iqp,13359.56640625,6.872879978203596,0.3076880643650972,94.86328125,0.27143381541595824,0.5041684742610191
person32_virus_71.jpeg,amplitude,234.50390625,24.429302794940348,0.9582441570386606,3.15234375,0.0,
person32_virus_71.jpeg,entangled_angle,9136.7890625,8.522867622284116,0.5395802455540153,86.34375,0.04657761333155115,0.7124221399506458
person33_virus_72.jpeg,basis,4250.12109375,11.846790567944899,0.7691103847092525,54.80859375,0.13022373838506873,
person33_virus_72.jpeg,angle,203.5390625,25.04432591040336,0.9090129228813347,5.9609375,1.771855548836257e-32,
person33_virus_72.jpeg,dense_angle,203.5390625,25.04432591040336,0.9090129228813347,5.9609375,1.617781153285278e-32,
person33_virus_72.jpeg,iqp,7544.42578125,9.354541703712325,0.2523805531137423,61.49609375,0.21744790270415695,0.5098402229057348
person33_virus_72.jpeg,amplitude,203.5390625,25.04432591040336,0.9090129228813347,5.9609375,4.81482486096809e-34,
person33_virus_72.jpeg,entangled_angle,4424.64453125,11.672019749454087,0.5365975458022954,57.03515625,0.03973452348684635,0.7460599128696707
person34_virus_76.jpeg,basis,6359.45703125,10.096603235840107,0.5576126150587194,62.75390625,0.10661817795329886,
person34_virus_76.jpeg,angle,623.7734375,20.180534838626123,0.8261802537836457,5.90625,1.1960024954644735e-31,
person34_virus_76.jpeg,dense_angle,623.7734375,20.180534838626123,0.8261802537836457,5.90625,3.177784408238939e-33,
person34_virus_76.jpeg,iqp,9911.5390625,8.169392639554562,0.3930209147542669,89.5546875,0.2911285459260102,0.5076919895968894
person34_virus_76.jpeg,amplitude,623.7734375,20.180534838626123,0.8261802537836457,5.90625,3.274080905458301e-33,
person34_virus_76.jpeg,entangled_angle,6314.4609375,10.12744079905599,0.5484831301557621,69.5703125,0.045777835643041394,0.6829063959280748
person35_virus_80.jpeg,basis,2422.28125,14.288557933938078,0.7481988073375616,38.1953125,0.11228512421726658,
person35_virus_80.jpeg,angle,170.3203125,25.81813915602856,0.9612307625541867,2.8671875,8.474091755303838e-33,
person35_virus_80.jpeg,dense_angle,170.3203125,25.81813915602856,0.9612307625541867,2.8671875,1.5407439555097887e-33,
person35_virus_80.jpeg,iqp,9529.125,8.340273369471072,0.37955680233662664,84.078125,0.1753028941134975,0.504160949298688
person35_virus_80.jpeg,amplitude,170.3203125,25.81813915602856,0.9612307625541867,2.8671875,9.62964972193618e-35,
person35_virus_80.jpeg,entangled_angle,6648.5,9.903566877760502,0.5138839944285342,71.375,0.05640038566109926,0.7005253737825018
person36_virus_81.jpeg,basis,4355.71875,11.740205313972192,0.7679716718237919,55.7109375,0.08892036007679341,
person36_virus_81.jpeg,angle,127.25390625,27.084092383323405,0.9712631566059841,2.38671875,9.706686919711669e-32,
person36_virus_81.jpeg,dense_angle,127.25390625,27.084092383323405,0.9712631566059841,2.38671875,2.3496345321524277e-32,
person36_virus_81.jpeg,iqp,5625.74609375,10.6290023356693,0.5438159909157476,46.51953125,0.18336316100237293,0.5080808941470625
person36_virus_81.jpeg,amplitude,127.25390625,27.084092383323405,0.9712631566059841,2.38671875,0.0,
person36_virus_81.jpeg,entangled_angle,6998.09375,9.681006046537238,0.5105104878531007,71.6328125,0.0687958533251461,0.6732688726214342
person37_virus_82.jpeg,basis,6823.25390625,9.790888283639692,0.569762769923848,61.87890625,0.15782595497466115,
person37_virus_82.jpeg,angle,152.984375,26.284332842843185,0.94970214478973,3.5625,1.7044480007827037e-32,
person37_virus_82.jpeg,dense_angle,152.984375,26.284332842843185,0.94970214478973,3.5625,9.62964972193618e-35,
person37_virus_82.jpeg,iqp,7217.5625,9.546898075548341,0.48835173951228145,76.9296875,0.3057550051381336,0.5152226460588972
person37_virus_82.jpeg,amplitude,152.984375,26.284332842843185,0.94970214478973,3.5625,0.0,
person37_virus_82.jpeg,entangled_angle,4454.39453125,11.642916804652279,0.6492619745173697,60.38671875,0.025976170314710334,0.7819212110893561
person38_virus_83.jpeg,basis,4056.73828125,12.049033705841701,0.6216791447527281,52.80859375,0.09051996890236269,
person38_virus_83.jpeg,angle,333.7421875,22.896692526835984,0.9094198701715542,7.0390625,6.057049675097857e-32,
person38_virus_83.jpeg,dense_angle,333.7421875,22.896692526835984,0.9094198701715542,7.0390625,1.1170393677445968e-32,
person38_virus_83.jpeg,iqp,14412.640625,6.543368031071447,0.34419640736511575,106.1484375,0.31578592788480986,0.5064289069753487
person38_virus_83.jpeg,amplitude,333.7421875,22.896692526835984,0.9094198701715542,7.0390625,0.0,
person38_virus_83.jpeg,entangled_angle,10340.7890625,7.985266816443344,0.4759361008632375,91.1328125,0.04997714119223294,0.6923361168945567
person38_virus_84.jpeg,basis,3654.4921875,12.502533230729469,0.7617292215421153,46.625,0.09847919408284925,
person38_virus_84.jpeg,angle,432.0234375,21.775730527085244,0.9317787895489269,5.40625,1.0515577496354308e-31,
person38_virus_84.jpeg,dense_angle,432.0234375,21.775730527085244,0.9317787895489269,5.40625,1.126669017466533e-32,
person38_virus_84.jpeg,iqp,11516.52734375,7.517588177882013,0.4160985524954141,95.44921875,0.2241480390704399,0.5040536539525349
person38_virus_84.jpeg,amplitude,432.0234375,21.775730527085244,0.9317787895489269,5.40625,0.0,
person38_virus_84.jpeg,entangled_angle,8225.89453125,8.978972239891595,0.5335744573945781,81.62109375,0.051737677128684254,0.7041839365626279
person39_virus_85.jpeg,basis,7513.421875,9.372425859186551,0.6262467741474638,74.265625,0.13985940923005447,
person39_virus_85.jpeg,angle,227.81640625,24.554953641833094,0.9302862924130367,3.82421875,8.08890576642639e-33,
person39_virus_85.jpeg,dense_angle,227.81640625,24.554953641833094,0.9302862924130367,3.82421875,1.925929944387236e-33,
person39_virus_85.jpeg,iqp,4547.39453125,11.553177257057396,0.5417166965142861,52.05078125,0.13229769336368147,0.5112156293363477
person39_virus_85.jpeg,amplitude,227.81640625,24.554953641833094,0.9302862924130367,3.82421875,3.851859888774472e-34,
person39_virus_85.jpeg,entangled_angle,3622.08203125,12.541220790765637,0.662675443742962,52.63671875,0.0224486313705028,0.8283132319441642
person3_virus_15.jpeg,basis,10698.6328125,7.837520785027044,0.588505598483893,94.6875,0.14241504920129355,
person3_virus_15.jpeg,angle,292.23828125,23.473432558860452,0.8864532470283427,7.90234375,4.0059342843254506e-32,
person3_virus_15.jpeg,dense_angle,292.23828125,23.473432558860452,0.8864532470283427,7.90234375,7.703719777548943e-34,
person3_virus_15.jpeg,iqp,1837.2421875,15.489139515615534,0.5397277234319773,16.0546875,0.17125640983921617,0.5173457608450232
person3_virus_15.jpeg,amplitude,292.23828125,23.473432558860452,0.8864532470283427,7.90234375,1.925929944387236e-33,
person3_virus_15.jpeg,entangled_angle,2418.45703125,14.295419851892476,0.7047929120839003,43.38671875,0.01786758537894732,0.842905882530416
person3_virus_16.jpeg,basis,5789.44921875,10.504431119307153,0.5709269011359792,68.87890625,0.11760744278205137,
person3_virus_16.jpeg,angle,180.96484375,25.554861486968775,0.9116713995880423,2.44921875,3.014080362966024e-32,
person3_virus_16.jpeg,dense_angle,180.96484375,25.554861486968775,0.9116713995880423,2.44921875,3.562970397116386e-33,
person3_virus_16.jpeg,iqp,9972.3515625,8.142827802697822,0.5170897220850206,96.2578125,0.2003532071187743,0.5037919413703258
person3_virus_16.jpeg,amplitude,180.96484375,25.554861486968775,0.9116713995880423,2.44921875,3.851859888774472e-34,
person3_virus_16.jpeg,entangled_angle,8314.45703125,8.932464676288411,0.5830857221735247,87.44140625,0.036661540053704963,0.7443399804397919
person3_virus_17.jpeg,basis,9174.5859375,8.504938878475148,0.5239360985040497,84.6171875,0.12031323137691452,
person3_virus_17.jpeg,angle,269.19921875,23.83006565691366,0.8950463236928158,8.77734375,4.1214900809886847e-32,
person3_virus_17.jpeg,dense_angle,269.19921875,23.83006565691366,0.8950463236928158,8.77734375,1.6562997521730228e-32,
person3_virus_17.jpeg,iqp,4598.1796875,11.504944222589373,0.6067419566384447,59.78125,0.23525258095105095,0.5057674000358969
person3_virus_17.jpeg,amplitude,269.19921875,23.83006565691366,0.8950463236928158,8.77734375,3.851859888774472e-34,
person3_virus_17.jpeg,entangled_angle,3310.13671875,12.93234429034043,0.6545266537266167,48.69140625,0.029112992884093927,0.7512409212733411
person40_virus_87.jpeg,basis,6705.12109375,9.866737352988569,0.7003981275427112,67.10546875,0.1135095620305494,
person40_virus_87.jpeg,angle,475.31640625,21.360975559969372,0.8889562854342394,3.41796875,5.623715437610729e-32,
person40_virus_87.jpeg,dense_angle,475.31640625,21.360975559969372,0.8889562854342394,3.41796875,8.474091755303838e-33,
person40_virus_87.jpeg,iqp,1820.9140625,15.527909109888219,0.799800784955062,21.4921875,0.12970563203759786,0.5157362584152592
person40_virus_87.jpeg,amplitude,475.31640625,21.360975559969372,0.8889562854342394,3.41796875,0.0,
person40_virus_87.jpeg,entangled_angle,4727.58984375,11.384405698819597,0.560988044938076,58.68359375,0.03847760170291437,0.7615829840095603
person41_virus_88.jpeg,basis,1671.296875,15.900267597342337,0.8187927132056265,28.21875,0.09450894070689742,
person41_virus_88.jpeg,angle,230.38671875,24.50622921445901,0.9338419026932884,4.61328125,2.8214873685273005e-32,
person41_virus_88.jpeg,dense_angle,230.38671875,24.50622921445901,0.9338419026932884,4.61328125,3.851859888774472e-33,
person41_virus_88.jpeg,iqp,9857.5078125,8.193132309254093,0.5182439706352996,91.484375,0.33495977587567866,0.503718319612587
person41_virus_88.jpeg,amplitude,230.38671875,24.50622921445901,0.9338419026932884,4.61328125,0.0,
person41_virus_88.jpeg,entangled_angle,8609.984375,8.780779975510079,0.5529297260327619,84.8046875,0.05150839753287262,0.6769627729004469
person42_virus_89.jpeg,basis,8349.4453125,8.91422736368998,0.6184449648970376,78.6015625,0.12689220578232185,
person42_virus_89.jpeg,angle,199.98046875,25.120927788454395,0.9321214508974023,4.45703125,5.007417855406813e-32,
person42_virus_89.jpeg,dense_angle,199.98046875,25.120927788454395,0.9321214508974023,4.45703125,7.703719777548943e-33,
person42_virus_89.jpeg,iqp,7774.0703125,9.224318965828678,0.40086665886219014,73.7421875,0.23105558925040004,0.5056721068662753
person42_virus_89.jpeg,amplitude,199.98046875,25.120927788454395,0.9321214508974023,4.45703125,7.703719777548943e-34,
person42_virus_89.jpeg,entangled_angle,4549.78125,11.550898442551254,0.5928436592455885,58.0390625,0.04484192122766442,0.7576930529860314
person43_virus_92.jpeg,basis,8914.34375,8.629909837709139,0.520049555750334,84.1875,0.12702951944518337,
person43_virus_92.jpeg,angle,196.51171875,25.1969190673302,0.9259514313367443,2.53515625,7.43408958533473e-32,
person43_virus_92.jpeg,dense_angle,196.51171875,25.1969190673302,0.9259514313367443,2.53515625,1.925929944387236e-33,
person43_virus_92.jpeg,iqp,4456.296875,11.641062453809692,0.5142637828438261,54.1640625,0.1756831465069036,0.51255441258481
person43_virus_92.jpeg,amplitude,196.51171875,25.1969190673302,0.9259514313367443,2.53515625,3.851859888774472e-34,
person43_virus_92.jpeg,entangled_angle,4677.828125,11.430361001573605,0.5895325083500648,60.4453125,0.028600583362454975,0.7946550198975775
person44_virus_93.jpeg,basis,3887.75,12.233820308254248,0.7445328602376687,51.3046875,0.08936293063374737,
person44_virus_93.jpeg,angle,264.7421875,23.902572078606322,0.9456992834596037,6.7734375,1.4059288594026822e-32,
person44_virus_93.jpeg,dense_angle,264.7421875,23.902572078606322,0.9456992834596037,6.7734375,6.259272319258517e-33,
person44_virus_93.jpeg,iqp,10867.69140625,7.769430629646729,0.48521028537685124,96.74609375,0.3558390611096223,0.5071627069062399
person44_virus_93.jpeg,amplitude,264.7421875,23.902572078606322,0.9456992834596037,6.7734375,1.5407439555097887e-33,
person44_virus_93.jpeg,entangled_angle,8756.12109375,8.707686018066708,0.5513772155418714,87.25390625,0.04632263411917774,0.6632599522876219
person44_virus_94.jpeg,basis,1739.81640625,15.725769389987201,0.8782364356252866,30.43359375,0.10924679980685403,
person44_virus_94.jpeg,angle,138.72265625,26.70932964821177,0.963437919132151,4.33203125,2.205189786323385e-32,
person44_virus_94.jpeg,dense_angle,138.72265625,26.70932964821177,0.963437919132151,4.33203125,3.562970397116386e-33,
person44_virus_94.jpeg,iqp,10654.62890625,7.855420327467819,0.46977613846756505,93.54296875,0.33654994312718145,0.508141112963168
person44_virus_94.jpeg,amplitude,138.72265625,26.70932964821177,0.963437919132151,4.33203125,3.851859888774472e-33,
person44_virus_94.jpeg,entangled_angle,7861.0390625,9.176004065224783,0.5256461798824152,79.0703125,0.0509210664350729,0.7035601823108342
person45_virus_95.jpeg,basis,2859.21875,13.568329777087072,0.8537991766974232,41.71875,0.11373152248428045,
person45_virus_95.jpeg,angle,424.0078125,21.857065021657867,0.9210922437386482,4.5625,8.185202263645752e-33,
person45_virus_95.jpeg,dense_angle,424.0078125,21.857065021657867,0.9210922437386482,4.5625,3.177784408238939e-33,
person45_virus_95.jpeg,iqp,8445.64453125,8.86447562415699,0.35341945931654634,67.87890625,0.26320471819027497,0.5039714822969458
person45_virus_95.jpeg,amplitude,424.0078125,21.857065021657867,0.9210922437386482,4.5625,1.6370404527291505e-33,
person45_virus_95.jpeg,entangled_angle,6549.88671875,9.968465719978393,0.5086958886370779,69.11328125,0.050049494910452644,0.6947013701575626
person46_virus_96.jpeg,basis,7417.078125,9.428475073546048,0.6971505114037106,73.2734375,0.13270340065329134,
person46_virus_96.jpeg,angle,242.6796875,24.280469338389892,0.94969197330872,3.3359375,1.7333369499485123e-32,
person46_virus_96.jpeg,dense_angle,242.6796875,24.280469338389892,0.94969197330872,3.3359375,6.933347799794049e-33,
person46_virus_96.jpeg,iqp,6076.125,10.294536611393355,0.42436376500895195,57.0703125,0.17616907184654745,0.5081245678839689
person46_virus_96.jpeg,amplitude,242.6796875,24.280469338389892,0.94969197330872,3.3359375,3.851859888774472e-34,
person46_virus_96.jpeg,entangled_angle,3570.70703125,12.603261421315883,0.6638387668269934,52.44140625,0.027422648374197993,0.7993800927762966
person47_virus_99.jpeg,basis,3489.9140625,12.702656280753652,0.706835616364628,36.765625,0.10203370580510271,
person47_virus_99.jpeg,angle,569.62109375,20.57494297497527,0.8826141953835476,7.69921875,5.874086330381069e-32,
person47_virus_99.jpeg,dense_angle,569.62109375,20.57494297497527,0.8826141953835476,7.69921875,9.051870738620009e-33,
person47_virus_99.jpeg,iqp,5990.65625,10.356059608254075,0.4697371939709847,52.3125,0.14452042951611488,0.5024346425649
person47_virus_99.jpeg,amplitude,569.62109375,20.57494297497527,0.8826141953835476,7.69921875,0.0,
person47_virus_99.jpeg,entangled_angle,6108.76953125,10.271266202823814,0.4486557883356613,66.14453125,0.07477473084732396,0.7202787900684193
person48_virus_100.jpeg,basis,4801.5859375,11.31695654712136,0.7404760319120313,60.21875,0.10722567876983038,
person48_virus_100.jpeg,angle,162.02734375,26.034920485620088,0.9622040807372404,4.62890625,2.04148574105047e-32,
person48_virus_100.jpeg,dense_angle,162.02734375,26.034920485620088,0.9622040807372404,4.62890625,3.4666738998970245e-33,
person48_virus_100.jpeg,iqp,10047.97265625,8.110019163274863,0.4502507166078907,91.05078125,0.3648244476895367,0.5071202740168657
person48_virus_100.jpeg,amplitude,162.02734375,26.034920485620088,0.9622040807372404,4.62890625,4.81482486096809e-34,
person48_virus_100.jpeg,entangled_angle,7339.140625,9.474351515881743,0.5738702874362349,77.5625,0.03988100697966608,0.6889851603226178
person49_virus_101.jpeg,basis,4184.06640625,11.914817921695253,0.7595986586653315,56.33203125,0.1268977677913653,
person49_virus_101.jpeg,angle,208.171875,24.94658306958459,0.9293468990667302,2.7265625,2.04148574105047e-32,
person49_virus_101.jpeg,dense_angle,208.171875,24.94658306958459,0.9293468990667302,2.7265625,3.562970397116386e-33,
person49_virus_101.jpeg,iqp,9183.89453125,8.5005347326601,0.4099188802225431,82.77734375,0.202210710581706,0.5060941155269393
person49_virus_101.jpeg,amplitude,208.171875,24.94658306958459,0.9293468990667302,2.7265625,1.6370404527291505e-33,
person49_virus_101.jpeg,entangled_angle,6751.91015625,9.83653706116493,0.5656315213391455,73.73046875,0.037277906770487784,0.7432623759229235
person50_virus_102.jpeg,basis,6910.953125,9.735424135830508,0.6966751497835004,71.703125,0.1312504462653431,
person50_virus_102.jpeg,angle,115.21484375,27.515719256745935,0.9529520156803996,3.68359375,1.1940765655200862e-32,
person50_virus_102.jpeg,dense_angle,115.21484375,27.515719256745935,0.9529520156803996,3.68359375,5.3926038442842604e-33,
person50_virus_102.jpeg,iqp,5408.87890625,10.799731022833258,0.42208266922410687,44.23046875,0.20874617849379778,0.514862811605503
person50_virus_102.jpeg,amplitude,115.21484375,27.515719256745935,0.9529520156803996,3.68359375,0.0,
person50_virus_102.jpeg,entangled_angle,3959.64453125,12.15424161065098,0.609322004456882,53.29296875,0.03778645234971653,0.7558928757313153
person51_virus_105.jpeg,basis,4119.125,11.982753895022844,0.8018929999783923,53.1875,0.1358632706671401,
person51_virus_105.jpeg,angle,225.70703125,24.595352723904504,0.9407526052491455,3.69140625,2.580746125478896e-32,
person51_virus_105.jpeg,dense_angle,225.70703125,24.595352723904504,0.9407526052491455,3.69140625,8.08890576642639e-33,
person51_virus_105.jpeg,iqp,4408.76953125,11.68762964224049,0.646052090530372,57.73046875,0.20681457672622985,0.5067192153771674
person51_virus_105.jpeg,amplitude,225.70703125,24.595352723904504,0.9407526052491455,3.69140625,0.0,
person51_virus_105.jpeg,entangled_angle,4418.0703125,11.678477375878657,0.6381727465650073,58.0859375,0.027756787874436986,0.8004342797082851
person52_virus_106.jpeg,basis,2344.11328125,14.431017653678445,0.8389010318913637,39.69140625,0.1267784411318769,
person52_virus_106.jpeg,angle,167.31640625,25.895418329688546,0.9522041236647156,4.00390625,5.931864228712686e-32,
person52_virus_106.jpeg,dense_angle,167.31640625,25.895418329688546,0.9522041236647156,4.00390625,8.08890576642639e-33,
person52_virus_106.jpeg,iqp,10379.24609375,7.969145515958463,0.4209173831441128,92.68359375,0.272160377428176,0.5085803752072582
person52_virus_106.jpeg,amplitude,167.31640625,25.895418329688546,0.9522041236647156,4.00390625,0.0,
person52_virus_106.jpeg,entangled_angle,6844.0703125,9.77765898255145,0.5773745068656921,73.6796875,0.035520763749744784,0.7636770228768726
person53_virus_107.jpeg,basis,3020.9453125,13.32937497459725,0.8286329666073015,45.609375,0.1271897060594455,
person53_virus_107.jpeg,angle,112.87109375,27.60497627377358,0.9602872704780843,3.38671875,2.195560136601449e-32,
person53_virus_107.jpeg,dense_angle,112.87109375,27.60497627377358,0.9602872704780843,3.38671875,4.81482486096809e-34,
person53_virus_107.jpeg,iqp,7649.34765625,9.2945596118763,0.4009629894947595,71.13671875,0.25503817913082516,0.5078823431902966
person53_virus_107.jpeg,amplitude,112.87109375,27.60497627377358,0.9602872704780843,3.38671875,3.851859888774472e-34,
person53_virus_107.jpeg,entangled_angle,5691.31640625,10.578676301763624,0.5439168529271456,65.06640625,0.046705968702640724,0.7384044326103474
person53_virus_108.jpeg,basis,3292.43359375,12.955633365837556,0.8269304538055728,48.17578125,0.13276580594892307,
person53_virus_108.jpeg,angle,132.6171875,26.904805475632397,0.9658113440300546,2.8125,5.3926038442842604e-33,
person53_virus_108.jpeg,dense_angle,132.6171875,26.904805475632397,0.9658113440300546,2.8125,1.925929944387236e-33,
person53_virus_108.jpeg,iqp,7522.8671875,9.366969662353542,0.5074878796942254,72.6796875,0.27528787593585685,0.5135140876638328
person53_virus_108.jpeg,amplitude,132.6171875,26.904805475632397,0.9658113440300546,2.8125,1.925929944387236e-33,
person53_virus_108.jpeg,entangled_angle,5286.75,10.898915869083353,0.6387847297527877,64.203125,0.032176051355856446,0.783257965941771
person54_virus_109.jpeg,basis,6487.55859375,10.009990675717223,0.6394565348566397,66.86328125,0.1348214675941495,
person54_virus_109.jpeg,angle,214.1484375,24.823654508843465,0.9563090374533649,2.5703125,3.9385267362718973e-32,
person54_virus_109.jpeg,dense_angle,214.1484375,24.823654508843465,0.9563090374533649,2.5703125,3.9481563859938335e-33,
person54_virus_109.jpeg,iqp,9225.88671875,8.480722431042052,0.3955707819383148,78.91015625,0.2408992925031134,0.5266143950723294
person54_virus_109.jpeg,amplitude,214.1484375,24.823654508843465,0.9563090374533649,2.5703125,7.703719777548943e-34,
person54_virus_109.jpeg,entangled_angle,5678.6015625,10.588389632670566,0.6300516873658318,66.9609375,0.028850186089504022,0.7957511761291458
person55_virus_110.jpeg,basis,7174.80078125,9.572705141106576,0.6019855086381218,75.02734375,0.1200586362532724,
person55_virus_110.jpeg,angle,176.21484375,25.670378717340505,0.9387646482992961,2.84765625,3.389636702121535e-32,
person55_virus_110.jpeg,dense_angle,176.21484375,25.670378717340505,0.9387646482992961,2.84765625,2.311115933264683e-33,
person55_virus_110.jpeg,iqp,9232.0390625,8.477827274704321,0.437758110564979,85.96875,0.26852745669048605,0.5045177435113277
person55_virus_110.jpeg,amplitude,176.21484375,25.670378717340505,0.9387646482992961,2.84765625,0.0,
person55_virus_110.jpeg,entangled_angle,5867.48828125,10.446281299843346,0.6263596390693018,69.58203125,0.030312130079676213,0.7823914263899887
person56_virus_112.jpeg,basis,6065.453125,10.302171101028692,0.7007653250536948,67.9453125,0.12960448524266932,
person56_virus_112.jpeg,angle,170.69140625,25.808687044992503,0.9501036321777184,2.95703125,1.4251881588465545e-32,
person56_virus_112.jpeg,dense_angle,170.69140625,25.808687044992503,0.9501036321777184,2.95703125,7.703719777548943e-33,
person56_virus_112.jpeg,iqp,859.609375,18.787792175564554,0.8803733922747011,18.0703125,0.07529224161965181,0.5054372879062417
person56_virus_112.jpeg,amplitude,170.69140625,25.808687044992503,0.9501036321777184,2.95703125,3.851859888774472e-34,
person56_virus_112.jpeg,entangled_angle,4638.84765625,11.4667025071957,0.6134000270090959,60.51953125,0.02911759366835054,0.7970236099885026
person57_virus_113.jpeg,basis,6518.1484375,9.98956114457546,0.7187923846841673,70.5859375,0.134782266043327,
person57_virus_113.jpeg,angle,234.05078125,24.437702657484024,0.9383836593011057,4.97265625,4.5451946687538766e-32,
person57_virus_113.jpeg,dense_angle,234.05078125,24.437702657484024,0.9383836593011057,4.97265625,1.925929944387236e-33,
person57_virus_113.jpeg,iqp,3516.3828125,12.669842122402361,0.7315756761802783,52.3125,0.18019064856111458,0.5126414359410176
person57_virus_113.jpeg,amplitude,234.05078125,24.437702657484024,0.9383836593011057,4.97265625,3.851859888774472e-34,
person57_virus_113.jpeg,entangled_angle,3308.83203125,12.934056395686738,0.6604513909380085,49.89453125,0.02583597468706083,0.8079303368614552
person59_virus_116.jpeg,basis,3637.4140625,12.522876193888393,0.746742789672313,48.53125,0.10165370378694497,
person59_virus_116.jpeg,angle,266.453125,23.87459542793898,0.9053339055883355,5.7109375,1.1170393677445968e-32,
person59_virus_116.jpeg,dense_angle,266.453125,23.87459542793898,0.9053339055883355,5.7109375,1.925929944387236e-33,
person59_virus_116.jpeg,iqp,5499.46484375,10.727599307762494,0.5289417815536407,58.80078125,0.12977895522513283,0.5060040262277297
person59_virus_116.jpeg,amplitude,266.453125,23.87459542793898,0.9053339055883355,5.7109375,0.0,
person59_virus_116.jpeg,entangled_angle,7925.11328125,9.140748821459239,0.5239822970992869,80.60546875,0.043220587745587166,0.7254404156714005
person60_virus_117.jpeg,basis,5899.1015625,10.422944875579557,0.7207409395637444,67.28125,0.12116810567516714,
person60_virus_117.jpeg,angle,353.46875,22.64729336801401,0.8745207258975484,6.2734375,4.622231866529366e-33,
person60_virus_117.jpeg,dense_angle,353.46875,22.64729336801401,0.8745207258975484,6.2734375,1.5407439555097887e-33,
person60_virus_117.jpeg,iqp,6264.73828125,10.161774284560375,0.4973207415478079,68.48828125,0.19149430417851881,0.5070028693357094
person60_virus_117.jpeg,amplitude,353.46875,22.64729336801401,0.8745207258975484,6.2734375,9.62964972193618e-35,
person60_virus_117.jpeg,entangled_angle,5752.80078125,10.532010261439721,0.5820904608130733,69.81640625,0.03018523263822723,0.7540835910503287
person61_virus_118.jpeg,basis,6957.359375,9.706359239112334,0.6365342705722918,71.7109375,0.13730952423506415,
person61_virus_118.jpeg,angle,232.76953125,24.461542288591176,0.924801107948475,4.67578125,4.554824318475813e-32,
person61_virus_118.jpeg,dense_angle,232.76953125,24.461542288591176,0.924801107948475,4.67578125,2.0222264416065976e-33,
person61_virus_118.jpeg,iqp,6133.8515625,10.253470988998226,0.6135822855981484,72.234375,0.2062073375581777,0.5076377753784344
person61_virus_118.jpeg,amplitude,232.76953125,24.461542288591176,0.924801107948475,4.67578125,0.0,
person61_virus_118.jpeg,entangled_angle,4643.27734375,11.462557359432981,0.6748829087654226,63.44921875,0.024007071401648764,0.8093549046049235
person62_virus_119.jpeg,basis,6418.43359375,10.056513085926307,0.5876035684653236,69.83984375,0.14317824930100967,
person62_virus_119.jpeg,angle,185.4609375,25.44827910068607,0.9217739360571227,4.1875,2.4266717299279172e-32,
person62_virus_119.jpeg,dense_angle,185.4609375,25.44827910068607,0.9217739360571227,4.1875,2.0222264416065976e-33,
person62_virus_119.jpeg,iqp,9661.6015625,8.280312373402195,0.4579940037007871,90.5859375,0.28152846830187694,0.5044519239000964
person62_virus_119.jpeg,amplitude,185.4609375,25.44827910068607,0.9217739360571227,4.1875,7.703719777548943e-34,
person62_virus_119.jpeg,entangled_angle,6527.234375,9.983511535738463,0.615573226133851,74.609375,0.027200187842107423,0.7861456889484347
person63_virus_121.jpeg,basis,6824.2734375,9.790239408886523,0.6761543226342855,71.0,0.1195489534715819,
person63_virus_121.jpeg,angle,198.73828125,25.147988312803164,0.951004930489643,3.40234375,1.617781153285278e-32,
person63_virus_121.jpeg,dense_angle,198.73828125,25.147988312803164,0.951004930489643,3.40234375,6.548161810916602e-33,
person63_virus_121.jpeg,iqp,7222.0703125,9.544186485602497,0.44291536403856524,72.34375,0.15515924087380503,0.5090452449830019
person63_virus_121.jpeg,amplitude,198.73828125,25.147988312803164,0.951004930489643,3.40234375,0.0,
person63_virus_121.jpeg,entangled_angle,4889.1875,11.238436681215802,0.6200722230442199,62.578125,0.035539218340498585,0.7632709576421777
person64_virus_122.jpeg,basis,3751.59375,12.388645571964936,0.8070311102383246,51.25,0.10807208455628714,
person64_virus_122.jpeg,angle,194.08984375,25.250775504601407,0.9401783516752037,3.94921875,4.660750465417111e-32,
person64_virus_122.jpeg,dense_angle,194.08984375,25.250775504601407,0.9401783516752037,3.94921875,1.5407439555097887e-33,
person64_virus_122.jpeg,iqp,8795.51171875,8.688192492899534,0.4760017372155576,82.98828125,0.25237884111232123,0.5064950571593549
person64_virus_122.jpeg,amplitude,194.08984375,25.250775504601407,0.9401783516752037,3.94921875,9.62964972193618e-35,
person64_virus_122.jpeg,entangled_angle,7192.4453125,9.562037924355115,0.5282020825308984,74.984375,0.04234325775759437,0.7328222576802628
person65_virus_123.jpeg,basis,2664.92578125,13.873952425306175,0.8941170868931033,44.33203125,0.10254203008060628,
person65_virus_123.jpeg,angle,164.34375,25.97327168374359,0.9700106955554283,4.078125,1.232595164407831e-32,
person65_virus_123.jpeg,dense_angle,164.34375,25.97327168374359,0.9700106955554283,4.078125,6.162975822039155e-33,
person65_virus_123.jpeg,iqp,9746.17578125,8.242461208513177,0.3652798162683756,79.59765625,0.23241161234836386,0.5064805122358783
person65_virus_123.jpeg,amplitude,164.34375,25.97327168374359,0.9700106955554283,4.078125,4.81482486096809e-34,
person65_virus_123.jpeg,entangled_angle,6439.55859375,10.042242616554041,0.5510119928920518,69.57421875,0.05887214396110407,0.6709994307241963
person66_virus_125.jpeg,basis,4282.09375,11.814241895811449,0.774694398862435,56.875,0.13187786818128758,
person66_virus_125.jpeg,angle,157.171875,26.16705526703315,0.940646947273287,2.15625,1.771855548836257e-32,
person66_virus_125.jpeg,dense_angle,157.171875,26.16705526703315,0.940646947273287,2.15625,1.1555579666323415e-33,
person66_virus_125.jpeg,iqp,9463.9140625,8.370095728608312,0.41259150888380597,89.7421875,0.2857528007204879,0.511267458207508
person66_virus_125.jpeg,amplitude,157.171875,26.16705526703315,0.940646947273287,2.15625,0.0,
person66_virus_125.jpeg,entangled_angle,5822.4765625,10.479726118445162,0.6195538044350712,68.984375,0.030684503391839767,0.788286144818797
person67_virus_126.jpeg,basis,5506.61328125,10.721957829732322,0.6708113475472497,63.91015625,0.12070240172413393,
person67_virus_126.jpeg,angle,255.18359375,24.06227611558925,0.9118982587664388,2.96484375,3.55334074739445e-32,
person67_virus_126.jpeg,dense_angle,255.18359375,24.06227611558925,0.9118982587664388,2.96484375,7.318533788671496e-33,
person67_virus_126.jpeg,iqp,9100.375,8.540210721649306,0.3889643127927034,84.3671875,0.2102078063415571,0.5095265661417698
person67_virus_126.jpeg,amplitude,255.18359375,24.06227611558925,0.9118982587664388,2.96484375,3.851859888774472e-34,
person67_virus_126.jpeg,entangled_angle,6532.31640625,9.98013148342715,0.5833075579010744,73.96484375,0.0319416904526349,0.7658433145216913
person69_virus_129.jpeg,basis,7486.17578125,9.388203403963976,0.6317120118020428,72.00390625,0.12697554901866048,
person69_virus_129.jpeg,angle,443.8671875,21.658273195019145,0.8839627535250864,5.0390625,7.934831370875412e-32,
person69_virus_129.jpeg,dense_angle,443.8671875,21.658273195019145,0.8839627535250864,5.0390625,3.851859888774472e-33,
person69_virus_129.jpeg,iqp,6569.93359375,9.95519380960137,0.28671890261332644,44.03515625,0.2254316455531472,0.514822517936157
person69_virus_129.jpeg,amplitude,443.8671875,21.658273195019145,0.8839627535250864,5.0390625,3.851859888774472e-34,
person69_virus_129.jpeg,entangled_angle,4568.00390625,11.533538942505007,0.5098131226841246,56.12109375,0.0407054828559176,0.7632159208282928
person70_virus_130.jpeg,basis,6717.59375,9.858666247543576,0.7276550977444363,67.40625,0.12139076341018984,
person70_virus_130.jpeg,angle,289.5,23.51431792804455,0.9423157927658495,6.2109375,1.7333369499485123e-32,
person70_virus_130.jpeg,dense_angle,289.5,23.51431792804455,0.9423157927658495,6.2109375,1.5407439555097887e-33,
person70_virus_130.jpeg,iqp,5463.70703125,10.755929568201026,0.5749924099119519,63.90234375,0.2040308192325774,0.5100149254485435
person70_virus_130.jpeg,amplitude,289.5,23.51431792804455,0.9423157927658495,6.2109375,0.0,
person70_virus_130.jpeg,entangled_angle,4383.2109375,11.712879897375771,0.6187016467716453,58.1953125,0.030197284528147787,0.7871889482457537
person71_virus_131.jpeg,basis,2861.7734375,13.564451125546848,0.747381985163145,38.2578125,0.13332273834000374,
person71_virus_131.jpeg,angle,175.5859375,25.68590630110512,0.9548185790229529,2.0703125,5.488900341503622e-33,
person71_virus_131.jpeg,dense_angle,175.5859375,25.68590630110512,0.9548185790229529,2.0703125,1.1555579666323415e-33,
person71_virus_131.jpeg,iqp,6381.24609375,10.081748672881828,0.6080928600736581,70.81640625,0.20236263093143203,0.5063519001005112
person71_virus_131.jpeg,amplitude,175.5859375,25.68590630110512,0.9548185790229529,2.0703125,1.5407439555097887e-33,
person71_virus_131.jpeg,entangled_angle,6127.8984375,10.257688020891255,0.6176892774037451,71.1796875,0.03367348513888852,0.7688287319645244
person71_virus_132.jpeg,basis,4536.45703125,11.563635592177992,0.7528185903890561,53.51171875,0.09696592125027581,
person71_virus_132.jpeg,angle,119.03125,27.374193665268702,0.9706940886617923,2.8671875,5.893345629824942e-32,
person71_virus_132.jpeg,dense_angle,119.03125,27.374193665268702,0.9706940886617923,2.8671875,5.3926038442842604e-33,
person71_virus_132.jpeg,iqp,9092.18359375,8.544121642430985,0.49033542507709343,82.37890625,0.22491832210775328,0.5025949481660132
person71_virus_132.jpeg,amplitude,119.03125,27.374193665268702,0.9706940886617923,2.8671875,0.0,
person71_virus_132.jpeg,entangled_angle,6843.9609375,9.777728387651557,0.5439356821452168,72.0390625,0.058110784079652894,0.6848116368016466
person72_virus_133.jpeg,basis,5346.23046875,10.850326841973088,0.5250859082559642,66.97265625,0.12558756820088016,
person72_virus_133.jpeg,angle,380.28125,22.329754480839394,0.8694319805252129,4.4765625,1.502225356622044e-32,
person72_virus_133.jpeg,dense_angle,380.28125,22.329754480839394,0.8694319805252129,4.4765625,1.6370404527291505e-33,
person72_virus_133.jpeg,iqp,9966.34765625,8.14544328267918,0.4400045962931912,91.50390625,0.19126267243114342,0.5062000304210355
person72_virus_133.jpeg,amplitude,380.28125,22.329754480839394,0.8694319805252129,4.4765625,0.0,
person72_virus_133.jpeg,entangled_angle,6456.265625,10.030989709539814,0.5635656983494152,71.8515625,0.03987773887015826,0.74490160158899
person74_virus_135.jpeg,basis,8070.42578125,9.06183912940213,0.6749547572428866,77.90234375,0.14318547076930588,
person74_virus_135.jpeg,angle,123.02734375,27.230787134938687,0.9511458130759027,2.31640625,3.6207482954480034e-32,
person74_virus_135.jpeg,dense_angle,123.02734375,27.230787134938687,0.9511458130759027,2.31640625,1.0014835710813626e-32,
person74_virus_135.jpeg,iqp,5496.18359375,10.730191294618285,0.46832496073532537,63.52734375,0.14722434546330312,0.5105823378929507
person74_virus_135.jpeg,amplitude,123.02734375,27.230787134938687,0.9511458130759027,2.31640625,0.0,
person74_virus_135.jpeg,entangled_angle,2943.49609375,13.442168970621536,0.6964294658350719,47.63671875,0.020575831814145552,0.8401508600487636
person75_virus_136.jpeg,basis,4257.26171875,11.839500112510041,0.667857895551306,58.76171875,0.095852354765255,
person75_virus_136.jpeg,angle,559.95703125,20.649256585170455,0.768126943514167,4.62109375,7.241496590896007e-32,
person75_virus_136.jpeg,dense_angle,559.95703125,20.649256585170455,0.768126943514167,4.62109375,9.629649721936179e-33,
person75_virus_136.jpeg,iqp,3399.83984375,12.816219016532596,0.2607790498414431,18.24609375,0.11685469646141639,0.5031000275195219
person75_virus_136.jpeg,amplitude,559.95703125,20.649256585170455,0.768126943514167,4.62109375,0.0,
person75_virus_136.jpeg,entangled_angle,5175.59375,10.991201811240888,0.36322136683333284,61.4296875,0.04621068759430401,0.7008844967401775
person76_virus_138.jpeg,basis,5245.1484375,10.933225776472064,0.746341883613949,60.53125,0.10097761760976665,
person76_virus_138.jpeg,angle,132.57421875,26.90621284334815,0.971696735964005,4.20703125,1.2711137632955757e-32,
person76_virus_138.jpeg,dense_angle,132.57421875,26.90621284334815,0.971696735964005,4.20703125,4.237045877651919e-33,
person76_virus_138.jpeg,iqp,6944.90234375,9.714142176148208,0.5682145111330051,73.26953125,0.20583449166218581,0.5067058791108416
person76_virus_138.jpeg,amplitude,132.57421875,26.90621284334815,0.971696735964005,4.20703125,0.0,
person76_virus_138.jpeg,entangled_angle,5636.734375,10.620527912224265,0.5771204310655083,66.0390625,0.05014440516139487,0.727029973157513
person77_virus_139.jpeg,basis,9728.25390625,8.250454637578912,0.5637324195560235,83.08984375,0.13535182322836992,
person77_virus_139.jpeg,angle,281.4765625,23.636381222513524,0.935877134061322,5.734375,6.047420025375921e-32,
person77_virus_139.jpeg,dense_angle,281.4765625,23.636381222513524,0.935877134061322,5.734375,6.548161810916602e-33,
person77_virus_139.jpeg,iqp,3479.96875,12.715050168533686,0.6322567533215147,29.3671875,0.19327536547527424,0.5037275825844078
person77_virus_139.jpeg,amplitude,281.4765625,23.636381222513524,0.935877134061322,5.734375,3.851859888774472e-34,
person77_virus_139.jpeg,entangled_angle,2926.21484375,13.467741518504049,0.6439695684087314,44.33984375,0.040035925388172744,0.7817812793090755
person78_bacteria_378.jpeg,basis,7379.70703125,9.450412398628934,0.41974760903251485,79.68359375,0.1170744566401545,
person78_bacteria_378.jpeg,angle,304.96875,23.288250211863005,0.8221889131245378,2.859375,5.931864228712686e-32,
person78_bacteria_378.jpeg,dense_angle,304.96875,23.288250211863005,0.8221889131245378,2.859375,3.851859888774472e-33,
person78_bacteria_378.jpeg,iqp,8277.7734375,8.951668252721323,0.407124853059088,77.65625,0.1994440173978293,0.5073752607956559
person78_bacteria_378.jpeg,amplitude,304.96875,23.288250211863005,0.8221889131245378,2.859375,1.5407439555097887e-33,
person78_bacteria_378.jpeg,entangled_angle,7241.359375,9.532602596369612,0.5772996245610343,80.96875,0.02923016084628622,0.7698057657676388
person78_bacteria_380.jpeg,basis,7593.24609375,9.326528854696832,0.5400888839774202,78.79296875,0.12329520891071791,
person78_bacteria_380.jpeg,angle,223.54296875,24.637193466106247,0.8844995900961744,3.75390625,1.3577806107930013e-32,
person78_bacteria_380.jpeg,dense_angle,223.54296875,24.637193466106247,0.8844995900961744,3.75390625,1.925929944387236e-33,
person78_bacteria_380.jpeg,iqp,5809.6015625,10.48934012495004,0.6177926581721256,71.296875,0.15019256489093896,0.5068213450253307
person78_bacteria_380.jpeg,amplitude,223.54296875,24.637193466106247,0.8844995900961744,3.75390625,0.0,
person78_bacteria_380.jpeg,entangled_angle,5734.62890625,10.545750413651183,0.5623889968664018,69.71484375,0.029663819985138704,0.760733513322756
person78_bacteria_381.jpeg,basis,14425.34765625,6.539540722552845,0.3220036869165201,114.67578125,0.1661703261652514,
person78_bacteria_381.jpeg,angle,137.0859375,26.76087454432794,0.8994514959249956,3.203125,1.8488927466117464e-32,
person78_bacteria_381.jpeg,dense_angle,137.0859375,26.76087454432794,0.8994514959249956,3.203125,5.7777898331617076e-33,
person78_bacteria_381.jpeg,iqp,2208.52734375,14.689775802455515,0.6694747620228307,34.94921875,0.10766216066727832,0.5167757716260265
person78_bacteria_381.jpeg,amplitude,137.0859375,26.76087454432794,0.8994514959249956,3.203125,3.851859888774472e-34,
person78_bacteria_381.jpeg,entangled_angle,2544.37890625,14.074985743946375,0.6945194717429419,46.19140625,0.01247609512315128,0.8890775038841373
person78_bacteria_382.jpeg,basis,14126.7109375,6.630393022018132,0.12158029396378803,100.84375,0.13193998055745793,
person78_bacteria_382.jpeg,angle,1601.5703125,16.085343509555237,0.6825230917086362,15.4921875,8.5703882525232e-33,
person78_bacteria_382.jpeg,dense_angle,1601.5703125,16.085343509555237,0.6825230917086362,15.4921875,3.562970397116386e-33,
person78_bacteria_382.jpeg,iqp,4032.125,12.07546373648508,0.6261632040652146,24.3125,0.12019213797414088,0.5062295881122297
person78_bacteria_382.jpeg,amplitude,1601.5703125,16.085343509555237,0.6825230917086362,15.4921875,3.851859888774472e-34,
person78_bacteria_382.jpeg,entangled_angle,5360.24609375,10.838956318646545,0.5507019408990477,59.95703125,0.030765475844551082,0.7748939273210605
person78_bacteria_384.jpeg,basis,8652.83203125,8.759220875942603,0.48480263310151317,83.29296875,0.14764343455474926,
person78_bacteria_384.jpeg,angle,162.27734375,26.0282247056226,0.9266964501279352,3.19140625,4.622231866529366e-33,
person78_bacteria_384.jpeg,dense_angle,162.27734375,26.0282247056226,0.9266964501279352,3.19140625,3.0814879110195774e-33,
person78_bacteria_384.jpeg,iqp,861.0390625,18.780575064602733,0.8168373339255055,10.328125,0.08613762232157651,0.5112947578930169
person78_bacteria_384.jpeg,amplitude,162.27734375,26.0282247056226,0.9266964501279352,3.19140625,3.851859888774472e-34,
person78_bacteria_384.jpeg,entangled_angle,3560.34375,12.615884298835088,0.6459777982027274,53.6015625,0.019657658978207943,0.8361586326593241
person78_bacteria_385.jpeg,basis,20476.1640625,5.0183176024986125,0.1458591286857165,129.84375,0.15819117285522322,
person78_bacteria_385.jpeg,angle,851.2890625,18.830033073256633,0.8435880379639823,12.0703125,2.6963019221421302e-33,
person78_bacteria_385.jpeg,dense_angle,851.2890625,18.830033073256633,0.8435880379639823,12.0703125,2.0222264416065976e-33,
person78_bacteria_385.jpeg,iqp,5272.97265625,10.910248416264386,0.49882781453275066,53.30859375,0.05525365296671547,0.5122694529725911
person78_bacteria_385.jpeg,amplitude,851.2890625,18.830033073256633,0.8435880379639823,12.0703125,0.0,
person78_bacteria_385.jpeg,entangled_angle,2546.15234375,14.071959756623698,0.7008930489716783,31.01953125,0.021159225138764108,0.8446597490919655
person78_bacteria_386.jpeg,basis,8551.2578125,8.810503606600854,0.5117917111822631,83.4375,0.14487203372336743,
person78_bacteria_386.jpeg,angle,152.78515625,26.289991981980126,0.9261050501231898,1.96484375,1.1555579666323415e-32,
person78_bacteria_386.jpeg,dense_angle,152.78515625,26.289991981980126,0.9261050501231898,1.96484375,2.311115933264683e-33,
person78_bacteria_386.jpeg,iqp,4197.1640625,11.901244152337734,0.34881158587800093,42.296875,0.17180985563928408,0.5102181151289735
person78_bacteria_386.jpeg,amplitude,152.78515625,26.289991981980126,0.9261050501231898,1.96484375,3.851859888774472e-34,
person78_bacteria_386.jpeg,entangled_angle,3462.83984375,12.736479549621256,0.6355021643321017,53.26953125,0.02237076340575977,0.8170199728368489
person78_bacteria_387.jpeg,basis,5999.75,10.349472064646816,0.6327957935029029,62.484375,0.11701541783989156,
person78_bacteria_387.jpeg,angle,195.78125,25.213092638576473,0.9375705558290177,3.375,2.5037089277034066e-32,
person78_bacteria_387.jpeg,dense_angle,195.78125,25.213092638576473,0.9375705558290177,3.375,1.5407439555097887e-32,
person78_bacteria_387.jpeg,iqp,1970.8203125,15.18433331132908,0.6275824550108798,18.3359375,0.24091040394036034,0.5052314580806241
person78_bacteria_387.jpeg,amplitude,195.78125,25.213092638576473,0.9375705558290177,3.375,0.0,
person78_bacteria_387.jpeg,entangled_angle,2511.91796875,14.13074908247387,0.6435320976962384,42.55859375,0.040598431605057994,0.7636240388511918
person78_virus_140.jpeg,basis,6110.32421875,10.270161059971503,0.6700318924421722,69.22265625,0.11556915480109164,
person78_virus_140.jpeg,angle,221.13671875,24.684194996709635,0.950111430526377,2.77734375,1.7814851985581932e-32,
person78_virus_140.jpeg,dense_angle,221.13671875,24.684194996709635,0.950111430526377,2.77734375,2.4074124304840448e-33,
person78_virus_140.jpeg,iqp,9990.453125,8.134951744212806,0.4044950401956756,86.8515625,0.24029383581158043,0.503230362567367
person78_virus_140.jpeg,amplitude,221.13671875,24.684194996709635,0.950111430526377,2.77734375,0.0,
person78_virus_140.jpeg,entangled_angle,6915.69140625,9.732447550330699,0.5839081252537915,74.69921875,0.03531159691320234,0.7360016275572738
person79_virus_148.jpeg,basis,4790.171875,11.327292643583757,0.7850435029853849,63.1328125,0.10840873844627308,
person79_virus_148.jpeg,angle,224.93359375,24.610260388661466,0.9407593228070575,1.98828125,8.94594459167871e-32,
person79_virus_148.jpeg,dense_angle,224.93359375,24.610260388661466,0.9407593228070575,1.98828125,4.237045877651919e-33,
person79_virus_148.jpeg,iqp,9751.65625,8.240019770516136,0.32445716216082504,84.3359375,0.31566683734128864,0.5048879852370666
person79_virus_148.jpeg,amplitude,224.93359375,24.610260388661466,0.9407593228070575,1.98828125,1.6370404527291505e-33,
person79_virus_148.jpeg,entangled_angle,6453.02734375,10.03316855498182,0.5827642675815754,74.33984375,0.03638838166904287,0.7294508782934347
person80_bacteria_389.jpeg,basis,3957.8984375,12.156157151610588,0.6481111352898847,48.0390625,0.1527224568392167,
person80_bacteria_389.jpeg,angle,88.890625,28.642244010840262,0.9484494593132291,3.2265625,2.1185229388259594e-32,
person80_bacteria_389.jpeg,dense_angle,88.890625,28.642244010840262,0.9484494593132291,3.2265625,1.5407439555097887e-33,
person80_bacteria_389.jpeg,iqp,1023.57421875,18.02961022296391,0.6716229177714435,10.41015625,0.10371696473734385,0.5153792887374613
person80_bacteria_389.jpeg,amplitude,88.890625,28.642244010840262,0.9484494593132291,3.2265625,7.703719777548943e-34,
person80_bacteria_389.jpeg,entangled_angle,498.359375,21.15537728365318,0.8246234146986456,12.8671875,0.013633047929343079,0.8565376650107717
person80_bacteria_390.jpeg,basis,7930.38671875,9.137859950226723,0.4376917798364194,79.70703125,0.14234883769782372,
person80_bacteria_390.jpeg,angle,229.95703125,24.514336676084696,0.9046250095527835,6.34765625,2.205189786323385e-32,
person80_bacteria_390.jpeg,dense_angle,229.95703125,24.514336676084696,0.9046250095527835,6.34765625,1.1555579666323415e-33,
person80_bacteria_390.jpeg,iqp,7822.49609375,9.197350059193814,0.3952788690671754,81.57421875,0.3218655976587257,0.5046506995315116
person80_bacteria_390.jpeg,amplitude,229.95703125,24.514336676084696,0.9046250095527835,6.34765625,4.81482486096809e-34,
person80_bacteria_390.jpeg,entangled_angle,4220.34765625,11.877321328986511,0.6030939543629027,57.16015625,0.02939062463320371,0.7833115108424811
person80_bacteria_391.jpeg,basis,13677.41015625,6.770764901892322,0.4469899305133574,111.61328125,0.16743540860530048,
person80_bacteria_391.jpeg,angle,267.6640625,23.854902956415756,0.8761141556435703,4.8828125,3.928897086549961e-32,
person80_bacteria_391.jpeg,dense_angle,267.6640625,23.854902956415756,0.8761141556435703,4.8828125,3.851859888774472e-33,
person80_bacteria_391.jpeg,iqp,3961.34375,12.152378304427593,0.41664797949078625,50.8359375,0.18866600448172005,0.521958901592611
person80_bacteria_391.jpeg,amplitude,267.6640625,23.854902956415756,0.8761141556435703,4.8828125,3.851859888774472e-34,
person80_bacteria_391.jpeg,entangled_angle,1739.0625,15.727651705170892,0.7187841008654274,35.796875,0.012735560034256313,0.8761819895838645
person80_bacteria_392.jpeg,basis,11737.3203125,7.43511404189019,0.3965160389517395,99.1328125,0.16553531998566842,
person80_bacteria_392.jpeg,angle,578.48046875,20.50791660427665,0.8601002668781195,10.40234375,3.5822296965602587e-32,
person80_bacteria_392.jpeg,dense_angle,578.48046875,20.50791660427665,0.8601002668781195,10.40234375,2.0222264416065976e-33,
person80_bacteria_392.jpeg,iqp,2837.09375,13.602066738436589,0.5467763315637025,12.71875,0.22829884888696506,0.5146294903856385
person80_bacteria_392.jpeg,amplitude,578.48046875,20.50791660427665,0.8601002668781195,10.40234375,3.851859888774472e-34,
person80_bacteria_392.jpeg,entangled_angle,1983.79296875,15.155840142296842,0.7441156851391674,32.16015625,0.01930439165466544,0.8280783133126239
person80_bacteria_393.jpeg,basis,8688.79296875,8.741209116252984,0.49558218517381775,81.09765625,0.1377733543769557,
person80_bacteria_393.jpeg,angle,217.96484375,24.74693910367154,0.9135836642994657,6.22265625,5.007417855406813e-32,
person80_bacteria_393.jpeg,dense_angle,217.96484375,24.74693910367154,0.9135836642994657,6.22265625,2.6963019221421302e-33,
person80_bacteria_393.jpeg,iqp,8093.8046875,9.04927640694303,0.4430600328492445,81.1484375,0.21845487684637604,0.5041909443745107
person80_bacteria_393.jpeg,amplitude,217.96484375,24.74693910367154,0.9135836642994657,6.22265625,0.0,
person80_bacteria_393.jpeg,entangled_angle,5054.33984375,11.094159212057955,0.6073271890207782,63.99609375,0.025606436366314413,0.7995741665141516
person81_bacteria_395.jpeg,basis,6504.94140625,9.998369718929657,0.49660068479892083,69.71484375,0.1364640686062959,
person81_bacteria_395.jpeg,angle,255.80078125,24.051784943294745,0.8987184661908263,5.16015625,1.3096323621833204e-32,
person81_bacteria_395.jpeg,dense_angle,255.80078125,24.051784943294745,0.8987184661908263,5.16015625,2.0222264416065976e-33,
person81_bacteria_395.jpeg,iqp,7212.12890625,9.550168803698554,0.5578233563625097,79.49609375,0.26216897672516903,0.5073274189874686
person81_bacteria_395.jpeg,amplitude,255.80078125,24.051784943294745,0.8987184661908263,5.16015625,7.703719777548943e-34,
person81_bacteria_395.jpeg,entangled_angle,5444.36328125,10.771332645830476,0.61280638746082,66.98046875,0.029576493980051383,0.7611556068887115
person81_bacteria_396.jpeg,basis,10879.69921875,7.7646347188835865,0.44864734982817317,89.79296875,0.1713583611612728,
person81_bacteria_396.jpeg,angle,267.671875,23.854776197668492,0.8707442511470369,3.3828125,1.771855548836257e-32,
person81_bacteria_396.jpeg,dense_angle,267.671875,23.854776197668492,0.8707442511470369,3.3828125,3.851859888774472e-33,
person81_bacteria_396.jpeg,iqp,1502.328125,16.36315563144073,0.7244386399851405,30.0859375,0.2646555497621002,0.5194112873827154
person81_bacteria_396.jpeg,amplitude,267.671875,23.854776197668492,0.8707442511470369,3.3828125,0.0,
person81_bacteria_396.jpeg,entangled_angle,686.45703125,19.764670030898227,0.7682565238110735,16.88671875,0.011428180732055883,0.9013909222536977
person81_bacteria_397.jpeg,basis,12591.52734375,7.130019479378858,0.31722843778417115,105.87890625,0.15519392363885331,
person81_bacteria_397.jpeg,angle,207.84765625,24.953352292276534,0.8940939387334843,3.50390625,9.244463733058732e-33,
person81_bacteria_397.jpeg,dense_angle,207.84765625,24.953352292276534,0.8940939387334843,3.50390625,1.5407439555097887e-33,
person81_bacteria_397.jpeg,iqp,4837.41796875,11.284667473931453,0.3404166247718418,49.13671875,0.16139997061502592,0.5137201469354306
person81_bacteria_397.jpeg,amplitude,207.84765625,24.953352292276534,0.8940939387334843,3.50390625,7.703719777548943e-34,
person81_bacteria_397.jpeg,entangled_angle,3625.12890625,12.537569065739492,0.6545422489124934,55.11328125,0.02011174049068326,0.8229879975183748
person81_bacteria_398.jpeg,basis,6256.3359375,10.167603005019458,0.4660405938988806,68.546875,0.12635879559052135,
person81_bacteria_398.jpeg,angle,203.5625,25.043825849589616,0.8982103125232623,3.453125,1.5503736052317249e-32,
person81_bacteria_398.jpeg,dense_angle,203.5625,25.043825849589616,0.8982103125232623,3.453125,2.0222264416065976e-33,
person81_bacteria_398.jpeg,iqp,7749.16015625,9.23825724073931,0.2595666046751239,71.95703125,0.22642556143308487,0.5092745982513376
person81_bacteria_398.jpeg,amplitude,203.5625,25.043825849589616,0.8982103125232623,3.453125,2.4074124304840448e-33,
person81_bacteria_398.jpeg,entangled_angle,6944.01171875,9.714699157812483,0.5724981585776889,78.71484375,0.033287632241747044,0.7274893638794623
person82_bacteria_402.jpeg,basis,5292.73046875,10.894005826739313,0.625038778656184,58.94140625,0.13517315735671986,
person82_bacteria_402.jpeg,angle,265.74609375,23.88613471398966,0.9291908385220989,4.05859375,4.8148248609680896e-32,
person82_bacteria_402.jpeg,dense_angle,265.74609375,23.88613471398966,0.9291908385220989,4.05859375,5.3926038442842604e-33,
person82_bacteria_402.jpeg,iqp,3158.328125,13.13623113132885,0.37089138515857445,17.046875,0.1515058100554987,0.5139049727182756
person82_bacteria_402.jpeg,amplitude,265.74609375,23.88613471398966,0.9291908385220989,4.05859375,0.0,
person82_bacteria_402.jpeg,entangled_angle,2602.07421875,13.977606811197113,0.6161868125585772,42.22265625,0.027788321484554835,0.7846029972419835
person82_bacteria_403.jpeg,basis,5141.54296875,11.01986891239283,0.5504295708116578,53.84765625,0.17064149626823166,
person82_bacteria_403.jpeg,angle,160.15625,26.085364694600244,0.8994923010270063,5.46875,3.004450713244088e-32,
person82_bacteria_403.jpeg,dense_angle,160.15625,26.085364694600244,0.8994923010270063,5.46875,2.6963019221421302e-33,
person82_bacteria_403.jpeg,iqp,9294.6484375,8.448473932840692,0.48844167728758126,86.34375,0.2091375429875735,0.5174197048421296
person82_bacteria_403.jpeg,amplitude,160.15625,26.085364694600244,0.8994923010270063,5.46875,0.0,
person82_bacteria_403.jpeg,entangled_angle,380.07421875,22.33211949392535,0.793246080854336,8.92578125,0.009763753134837124,0.9051300080741973
person82_bacteria_404.jpeg,basis,13297.734375,6.893027072881763,0.42656081862808715,107.2109375,0.14279783741017082,
person82_bacteria_404.jpeg,angle,148.2890625,26.419712413369677,0.9373458707952784,3.75,3.4666738998970245e-32,
person82_bacteria_404.jpeg,dense_angle,148.2890625,26.419712413369677,0.9373458707952784,3.75,3.851859888774472e-33,
person82_bacteria_404.jpeg,iqp,1611.8828125,16.05746896435193,0.7420445594006456,27.9921875,0.12826374599204712,0.5226753119343561
person82_bacteria_404.jpeg,amplitude,148.2890625,26.419712413369677,0.9373458707952784,3.75,1.925929944387236e-33,
person82_bacteria_404.jpeg,entangled_angle,2343.59375,14.431980297267181,0.668840210997269,40.8046875,0.021669016422939134,0.8060161837477475
person82_bacteria_405.jpeg,basis,8718.2265625,8.726522099319391,0.32599930023463947,76.875,0.09671191478536803,
person82_bacteria_405.jpeg,angle,837.27734375,18.90211021262961,0.6654401677490948,9.13671875,1.0496318196910435e-32,
person82_bacteria_405.jpeg,dense_angle,837.27734375,18.90211021262961,0.6654401677490948,9.13671875,4.718528363748728e-33,
person82_bacteria_405.jpeg,iqp,2927.9140625,13.465220353154894,0.5077453526925065,36.734375,0.13806157783427933,0.512296630738133
person82_bacteria_405.jpeg,amplitude,837.27734375,18.90211021262961,0.6654401677490948,9.13671875,3.851859888774472e-34,
person82_bacteria_405.jpeg,entangled_angle,6558.47265625,9.96277648655903,0.4876053771868578,70.48046875,0.041822984122191084,0.7034431505353413
person83_bacteria_407.jpeg,basis,8495.37109375,8.838980064506186,0.587666413554219,80.12109375,0.1400539971076934,
person83_bacteria_407.jpeg,angle,344.5234375,22.75861589107032,0.8343778301804169,7.6171875,1.1170393677445968e-32,
person83_bacteria_407.jpeg,dense_angle,344.5234375,22.75861589107032,0.8343778301804169,7.6171875,1.925929944387236e-33,
person83_bacteria_407.jpeg,iqp,1458.71875,16.49108795566279,0.5676299419969818,6.8828125,0.09684804761859983,0.5125321721218569
person83_bacteria_407.jpeg,amplitude,344.5234375,22.75861589107032,0.8343778301804169,7.6171875,0.0,
person83_bacteria_407.jpeg,entangled_angle,1825.66796875,15.516585649158234,0.6014557500881137,32.01171875,0.02367080296792131,0.8285305464268378
person83_bacteria_409.jpeg,basis,10218.95703125,8.036737878370193,0.34089736207030064,81.20703125,0.14513363085531453,
person83_bacteria_409.jpeg,angle,550.30859375,20.724740659577854,0.8526409790049725,6.71484375,8.599277201689008e-32,
person83_bacteria_409.jpeg,dense_angle,550.30859375,20.724740659577854,0.8526409790049725,6.71484375,1.7333369499485123e-33,
person83_bacteria_409.jpeg,iqp,3957.14453125,12.156984480853222,0.6293076635842547,49.84765625,0.20242566657708527,0.5063644229355623
person83_bacteria_409.jpeg,amplitude,550.30859375,20.724740659577854,0.8526409790049725,6.71484375,3.851859888774472e-34,
person83_bacteria_409.jpeg,entangled_angle,3779.421875,12.356549884644203,0.5980512627831059,50.859375,0.030813854748994163,0.7429982312590084
person83_bacteria_410.jpeg,basis,2213.48828125,14.680031338084907,0.7003280090346579,17.19921875,0.16047779726916211,
person83_bacteria_410.jpeg,angle,343.421875,22.772524058344583,0.889880688613806,5.4296875,4.2851941262616e-32,
person83_bacteria_410.jpeg,dense_angle,343.421875,22.772524058344583,0.889880688613806,5.4296875,2.0222264416065976e-33,
person83_bacteria_410.jpeg,iqp,5202.22265625,10.968914247129103,0.2426745598343529,42.66796875,0.24131900103670736,0.5075772574337283
person83_bacteria_410.jpeg,amplitude,343.421875,22.772524058344583,0.889880688613806,5.4296875,0.0,
person83_bacteria_410.jpeg,entangled_angle,3807.96484375,12.32387430671193,0.5709176955322441,52.89453125,0.02343808503771884,0.7905393351436056
person83_bacteria_411.jpeg,basis,6364.71484375,10.093014099968592,0.4673348249139428,61.28515625,0.11992694426567019,
person83_bacteria_411.jpeg,angle,808.76171875,19.052597743298396,0.8459882583868477,9.69140625,6.085938624263665e-32,
person83_bacteria_411.jpeg,dense_angle,808.76171875,19.052597743298396,0.8459882583868477,9.69140625,7.703719777548943e-34,
person83_bacteria_411.jpeg,iqp,6294.9765625,10.140862433892186,0.4806828480765973,67.8203125,0.2742586754417856,0.5089651622313185
person83_bacteria_411.jpeg,amplitude,808.76171875,19.052597743298396,0.8459882583868477,9.69140625,7.703719777548943e-34,
person83_bacteria_411.jpeg,entangled_angle,3994.04296875,12.116676280771827,0.579333070446502,50.39453125,0.026762591881986902,0.7526310385794774
person83_bacteria_412.jpeg,basis,7231.70703125,9.5383953705225,0.36258740781929105,77.30859375,0.12720960096893566,
person83_bacteria_412.jpeg,angle,191.48046875,25.30955878890623,0.8725131063375678,4.30859375,1.925929944387236e-33,
person83_bacteria_412.jpeg,dense_angle,191.48046875,25.30955878890623,0.8725131063375678,4.30859375,2.311115933264683e-33,
person83_bacteria_412.jpeg,iqp,9334.43359375,8.42992390438399,0.297917156688239,87.72265625,0.1682312163233795,0.508948074511687
person83_bacteria_412.jpeg,amplitude,191.48046875,25.30955878890623,0.8725131063375678,4.30859375,7.703719777548943e-34,
person83_bacteria_412.jpeg,entangled_angle,7634.2734375,9.303126498093645,0.5162416105856437,83.109375,0.02857329056462565,0.7692721263996687
person83_bacteria_414.jpeg,basis,8839.7734375,8.666392266358859,0.3727952099241472,83.8984375,0.13903878036059147,
person83_bacteria_414.jpeg,angle,549.33984375,20.732392612217208,0.7785008649191074,9.77734375,7.029644297013411e-33,
person83_bacteria_414.jpeg,dense_angle,549.33984375,20.732392612217208,0.7785008649191074,9.77734375,1.1555579666323415e-33,
person83_bacteria_414.jpeg,iqp,6104.68359375,10.274172015222145,0.3701114268112475,59.84765625,0.13865345341196791,0.514012732136491
person83_bacteria_414.jpeg,amplitude,549.33984375,20.732392612217208,0.7785008649191074,9.77734375,7.703719777548943e-34,
person83_bacteria_414.jpeg,entangled_angle,5074.6015625,11.076784120167742,0.53479498398178,63.6640625,0.027144921929975047,0.7743291590249165
person85_bacteria_417.jpeg,basis,4229.8125,11.867592445614632,0.5726970616402917,54.171875,0.13478696291453554,
person85_bacteria_417.jpeg,angle,186.16796875,25.431754006124226,0.9147277051956643,4.16015625,2.089633989660151e-32,
person85_bacteria_417.jpeg,dense_angle,186.16796875,25.431754006124226,0.9147277051956643,4.16015625,6.644458308135964e-33,
person85_bacteria_417.jpeg,iqp,4711.03515625,11.39964015681171,0.5360225552431139,61.16796875,0.24871517717297006,0.5074032285727237
person85_bacteria_417.jpeg,amplitude,186.16796875,25.431754006124226,0.9147277051956643,4.16015625,0.0,
person85_bacteria_417.jpeg,entangled_angle,3519.015625,12.666591656905151,0.5844008940917376,49.65625,0.034028246566601174,0.7540097139806333
person85_bacteria_419.jpeg,basis,2418.8984375,14.29462726883579,0.76134039609611,34.40625,0.14528592070131674,
person85_bacteria_419.jpeg,angle,315.3125,23.14339172950906,0.8715271386965628,6.3671875,5.3926038442842604e-33,
person85_bacteria_419.jpeg,dense_angle,315.3125,23.14339172950906,0.8715271386965628,6.3671875,2.311115933264683e-33,
person85_bacteria_419.jpeg,iqp,2403.99609375,14.32146603221151,0.588297959338418,14.49609375,0.12157607673187569,0.5078860334109292
person85_bacteria_419.jpeg,amplitude,315.3125,23.14339172950906,0.8715271386965628,6.3671875,0.0,
person85_bacteria_419.jpeg,entangled_angle,2228.50390625,14.650669611886665,0.7199086732957829,38.86328125,0.019359065096937942,0.8141269560390506
person85_bacteria_421.jpeg,basis,9904.13671875,8.172637340597115,0.44045414805520194,88.98046875,0.163506316882282,
person85_bacteria_421.jpeg,angle,264.95703125,23.89904911852218,0.8984716503945895,4.82421875,2.0511153907724062e-32,
person85_bacteria_421.jpeg,dense_angle,264.95703125,23.89904911852218,0.8984716503945895,4.82421875,1.6370404527291505e-33,
person85_bacteria_421.jpeg,iqp,5251.5859375,10.927898841488503,0.37588761546007343,48.0234375,0.23967252559267027,0.5091579155144133
person85_bacteria_421.jpeg,amplitude,264.95703125,23.89904911852218,0.8984716503945895,4.82421875,9.62964972193618e-35,
person85_bacteria_421.jpeg,entangled_angle,4863.11328125,11.26165974736136,0.6146386588993753,63.03515625,0.02303310987419934,0.8022905872338583
person85_bacteria_422.jpeg,basis,6041.8046875,10.319136790753053,0.5240169855390049,67.71875,0.1321630036136059,
person85_bacteria_422.jpeg,angle,582.87109375,20.4750784292392,0.7248948717046381,9.55859375,1.0910393134953691e-31,
person85_bacteria_422.jpeg,dense_angle,582.87109375,20.4750784292392,0.7248948717046381,9.55859375,7.800016274768305e-33,
person85_bacteria_422.jpeg,iqp,7615.984375,9.313543164917867,0.39513272167599855,78.5,0.34376462132336816,0.5069002277564827
person85_bacteria_422.jpeg,amplitude,582.87109375,20.4750784292392,0.7248948717046381,9.55859375,5.7777898331617076e-34,
person85_bacteria_422.jpeg,entangled_angle,5392.34375,10.813027911444973,0.48507194171830526,63.4921875,0.030631382734239126,0.7396798517370774
person85_bacteria_423.jpeg,basis,8015.70703125,9.09138525228552,0.5799662253460223,79.18359375,0.1445901513773047,
person85_bacteria_423.jpeg,angle,444.0546875,21.656439019764314,0.8230123318497271,5.421875,8.474091755303838e-33,
person85_bacteria_423.jpeg,dense_angle,444.0546875,21.656439019764314,0.8230123318497271,5.421875,3.851859888774472e-34,
person85_bacteria_423.jpeg,iqp,2208.53125,14.68976812104136,0.6512109825005444,31.2578125,0.09343722159147175,0.5152483688660007
person85_bacteria_423.jpeg,amplitude,444.0546875,21.656439019764314,0.8230123318497271,5.421875,0.0,
person85_bacteria_423.jpeg,entangled_angle,3166.07421875,13.12559269540633,0.6206599318518449,48.47265625,0.021054486157852943,0.8304610835417536
person85_bacteria_424.jpeg,basis,6166.23828125,10.230600577605014,0.5658357690474959,71.48046875,0.10518649020316218,
person85_bacteria_424.jpeg,angle,434.12890625,21.75461656791677,0.8310871508122161,4.73046875,1.396299209680746e-32,
person85_bacteria_424.jpeg,dense_angle,434.12890625,21.75461656791677,0.8310871508122161,4.73046875,2.6963019221421302e-33,
person85_bacteria_424.jpeg,iqp,8547.78515625,8.81226762985106,0.23639381360565012,80.26953125,0.421160279898035,0.5054347128780163
person85_bacteria_424.jpeg,amplitude,434.12890625,21.75461656791677,0.8310871508122161,4.73046875,1.925929944387236e-33,
person85_bacteria_424.jpeg,entangled_angle,4943.35546875,11.190585198657741,0.4552738119953841,59.34765625,0.042514764946918686,0.6738067204782208
person86_bacteria_428.jpeg,basis,6563.03125,9.95975888704504,0.5221326448781793,74.921875,0.14648546637640636,
person86_bacteria_428.jpeg,angle,355.35546875,22.624173574545342,0.835323729449405,5.90234375,2.5037089277034066e-32,
person86_bacteria_428.jpeg,dense_angle,355.35546875,22.624173574545342,0.835323729449405,5.90234375,7.703719777548943e-34,
person86_bacteria_428.jpeg,iqp,4296.67578125,11.799477769597598,0.5159651690581958,50.62109375,0.11926469802712653,0.5124379054782168
person86_bacteria_428.jpeg,amplitude,355.35546875,22.624173574545342,0.835323729449405,5.90234375,7.703719777548943e-34,
person86_bacteria_428.jpeg,entangled_angle,4031.3515625,12.076296874987495,0.634910034590037,56.390625,0.020714865080184167,0.8199424074208762
person86_bacteria_429.jpeg,basis,10653.15234375,7.856022232414597,0.3410335917616266,96.26171875,0.14229135361114756,
person86_bacteria_429.jpeg,angle,252.109375,24.11491365111874,0.8813356002784141,2.921875,3.55334074739445e-32,
person86_bacteria_429.jpeg,dense_angle,252.109375,24.11491365111874,0.8813356002784141,2.921875,1.925929944387236e-33,
person86_bacteria_429.jpeg,iqp,5592.5,10.654743680992432,0.3320562914705498,55.484375,0.1930360053152848,0.5135551656679063
person86_bacteria_429.jpeg,amplitude,252.109375,24.11491365111874,0.8813356002784141,2.921875,3.851859888774472e-34,
person86_bacteria_429.jpeg,entangled_angle,4849.23828125,11.274068359213947,0.6151746559048512,64.43359375,0.024069117459059385,0.7837999783015137
person87_bacteria_433.jpeg,basis,4370.42578125,11.725566114399156,0.6505487531184031,58.46484375,0.11674778073372971,
person87_bacteria_433.jpeg,angle,210.28125,24.90279810885186,0.9389646611553693,4.9921875,1.0881504185787883e-32,
person87_bacteria_433.jpeg,dense_angle,210.28125,24.90279810885186,0.9389646611553693,4.9921875,2.0222264416065976e-33,
person87_bacteria_433.jpeg,iqp,8692.5703125,8.7393214857534,0.3733621966602045,85.2890625,0.29505238366160946,0.5063427438242749
person87_bacteria_433.jpeg,amplitude,210.28125,24.90279810885186,0.9389646611553693,4.9921875,2.0222264416065976e-33,
person87_bacteria_433.jpeg,entangled_angle,6254.4453125,10.168915613712219,0.5879134504311204,72.6640625,0.03432875536371936,0.7101673535341353
person87_bacteria_434.jpeg,basis,7305.0390625,9.494578182727706,0.5328528868667596,73.0078125,0.13158383382605032,
person87_bacteria_434.jpeg,angle,244.19140625,24.253499849768044,0.9119047134457261,6.94140625,3.3607477529557266e-32,
person87_bacteria_434.jpeg,dense_angle,244.19140625,24.253499849768044,0.9119047134457261,6.94140625,2.4074124304840448e-33,
person87_bacteria_434.jpeg,iqp,5503.421875,10.724475551325458,0.4268906168976102,52.515625,0.1352425738152004,0.5083048885115382
person87_bacteria_434.jpeg,amplitude,244.19140625,24.253499849768044,0.9119047134457261,6.94140625,9.62964972193618e-35,
person87_bacteria_434.jpeg,entangled_angle,6698.99609375,9.870706363180869,0.5383887792864466,74.50390625,0.035891134236221776,0.7245797800319438
person88_bacteria_437.jpeg,basis,3831.03515625,12.297642234775438,0.5129973958544396,43.82421875,0.11983923113193251,
person88_bacteria_437.jpeg,angle,641.6796875,20.057620690385978,0.8349876619338823,3.8828125,5.816308432049452e-32,
person88_bacteria_437.jpeg,dense_angle,641.6796875,20.057620690385978,0.8349876619338823,3.8828125,1.925929944387236e-33,
person88_bacteria_437.jpeg,iqp,9483.609375,8.361067035600483,0.39809752661387016,88.34375,0.21788019871414416,0.5082272996702859
person88_bacteria_437.jpeg,amplitude,641.6796875,20.057620690385978,0.8349876619338823,3.8828125,1.5407439555097887e-33,
person88_bacteria_437.jpeg,entangled_angle,6195.98828125,10.209697731805601,0.5815269571170584,69.98046875,0.03046125112341225,0.7486040344972096
person88_bacteria_438.jpeg,basis,7599.1328125,9.323163259863575,0.5147470327854767,78.3203125,0.13515648355129073,
person88_bacteria_438.jpeg,angle,179.69921875,25.585341718685722,0.8927447872580322,3.55859375,3.707415142945429e-32,
person88_bacteria_438.jpeg,dense_angle,179.69921875,25.585341718685722,0.8927447872580322,3.55859375,1.0014835710813626e-32,
person88_bacteria_438.jpeg,iqp,6181.27734375,10.22002130759663,0.3061025544307192,61.26953125,0.18092108766306775,0.5170774638044636
person88_bacteria_438.jpeg,amplitude,179.69921875,25.585341718685722,0.8927447872580322,3.55859375,4.81482486096809e-34,
person88_bacteria_438.jpeg,entangled_angle,5667.32421875,10.597023022080059,0.5436983321627183,69.04296875,0.02830701725228975,0.7542667180356469
person88_bacteria_439.jpeg,basis,4531.63671875,11.568252737467157,0.7548254773967474,51.58984375,0.10083354370425979,
person88_bacteria_439.jpeg,angle,163.1015625,26.00622239301101,0.965488599999455,2.78125,5.161492250957792e-32,
person88_bacteria_439.jpeg,dense_angle,163.1015625,26.00622239301101,0.965488599999455,2.78125,3.9481563859938335e-33,
person88_bacteria_439.jpeg,iqp,7291.65625,9.502541743143535,0.34002364245500566,64.171875,0.29084114455791,0.5088724564554317
person88_bacteria_439.jpeg,amplitude,163.1015625,26.00622239301101,0.965488599999455,2.78125,3.851859888774472e-34,
person88_bacteria_439.jpeg,entangled_angle,4337.296875,11.75861211543281,0.5055795098045561,52.8828125,0.06926321845211117,0.7018061954879296
person89_bacteria_440.jpeg,basis,3509.90234375,12.677853276386967,0.8083907491198404,52.40234375,0.1117114245508194,
person89_bacteria_440.jpeg,angle,254.6953125,24.070594087355364,0.9041714614300745,4.7578125,8.955574241400647e-33,
person89_bacteria_440.jpeg,dense_angle,254.6953125,24.070594087355364,0.9041714614300745,4.7578125,9.725946219155541e-33,
person89_bacteria_440.jpeg,iqp,11239.484375,7.6233397296482845,0.40666031374352923,97.71875,0.2200293817413626,0.5045435800267454
person89_bacteria_440.jpeg,amplitude,254.6953125,24.070594087355364,0.9041714614300745,4.7578125,0.0,
person89_bacteria_440.jpeg,entangled_angle,8270.6484375,8.955408003131533,0.558964135923745,84.65625,0.03512768978495121,0.7444107927921488
person8_virus_27.jpeg,basis,13439.6796875,6.846914427162459,0.5036956531330741,107.109375,0.15796207214410252,
person8_virus_27.jpeg,angle,314.75390625,23.151092322475243,0.8811712684993067,8.60546875,6.933347799794049e-32,
person8_virus_27.jpeg,dense_angle,314.75390625,23.151092322475243,0.8811712684993067,8.60546875,2.311115933264683e-33,
person8_virus_27.jpeg,iqp,3692.0390625,12.458140735686257,0.5697509996968898,42.5546875,0.15774779796246638,0.5104643628510339
person8_virus_27.jpeg,amplitude,314.75390625,23.151092322475243,0.8811712684993067,8.60546875,0.0,
person8_virus_27.jpeg,entangled_angle,2759.7265625,13.722143071651116,0.7011559092886017,46.515625,0.01556523909933252,0.8689882172221184
person8_virus_28.jpeg,basis,15833.48046875,6.135039701856968,0.42641928589122635,117.11328125,0.1889679598199786,
person8_virus_28.jpeg,angle,473.77734375,21.375060721460358,0.7534233308893006,3.83984375,1.6562997521730228e-32,
person8_virus_28.jpeg,dense_angle,473.77734375,21.375060721460358,0.7534233308893006,3.83984375,1.1555579666323415e-33,
person8_virus_28.jpeg,iqp,1993.44140625,15.134768860143577,0.6195839220513454,32.49609375,0.27778352332301,0.5260253920069072
person8_virus_28.jpeg,amplitude,473.77734375,21.375060721460358,0.7534233308893006,3.83984375,3.851859888774472e-34,
person8_virus_28.jpeg,entangled_angle,924.04296875,18.47388194131424,0.7360980003910121,21.02734375,0.0063452837951974705,0.9409452616089939
person90_bacteria_442.jpeg,basis,3522.2734375,12.662572932264752,0.7419024676022273,46.4375,0.12221581390152284,
person90_bacteria_442.jpeg,angle,229.0859375,24.53081930140302,0.9142745758397081,4.5234375,2.7733391199176196e-32,
person90_bacteria_442.jpeg,dense_angle,229.0859375,24.53081930140302,0.9142745758397081,4.5234375,5.7777898331617076e-34,
person90_bacteria_442.jpeg,iqp,5520.5390625,10.710988736389558,0.34399525036579426,51.671875,0.25864109340332836,0.5058391578529939
person90_bacteria_442.jpeg,amplitude,229.0859375,24.53081930140302,0.9142745758397081,4.5234375,1.925929944387236e-33,
person90_bacteria_442.jpeg,entangled_angle,5170.08984375,10.995822707128786,0.5300575392895123,60.77734375,0.04189726690101234,0.7224300039044556
person90_bacteria_443.jpeg,basis,5873.06640625,10.442154494673348,0.5607128808355533,66.41015625,0.13424567426866618,
person90_bacteria_443.jpeg,angle,439.203125,21.704149393406567,0.8155455735493377,7.203125,2.850376317693109e-32,
person90_bacteria_443.jpeg,dense_angle,439.203125,21.704149393406567,0.8155455735493377,7.203125,7.318533788671496e-33,
person90_bacteria_443.jpeg,iqp,6612.6875,9.927023614109237,0.4835268823149613,74.53125,0.15725872071500555,0.5129376849869827
person90_bacteria_443.jpeg,amplitude,439.203125,21.704149393406567,0.8155455735493377,7.203125,7.703719777548943e-34,
person90_bacteria_443.jpeg,entangled_angle,4993.01953125,11.147170959749257,0.5329726210465369,64.74609375,0.024473053707874125,0.8006233929228039
person91_bacteria_445.jpeg,basis,13144.44140625,6.943382260617318,0.31043594890961396,103.98046875,0.16417781938647857,
person91_bacteria_445.jpeg,angle,467.2734375,21.43509266929097,0.8101537342556178,8.484375,9.629649721936179e-33,
person91_bacteria_445.jpeg,dense_angle,467.2734375,21.43509266929097,0.8101537342556178,8.484375,1.925929944387236e-33,
person91_bacteria_445.jpeg,iqp,2628.84765625,13.933149417326437,0.5486717282151415,29.71484375,0.1328414492828104,0.5091399164063187
person91_bacteria_445.jpeg,amplitude,467.2734375,21.43509266929097,0.8101537342556178,8.484375,0.0,
person91_bacteria_445.jpeg,entangled_angle,2068.30859375,14.974650244323326,0.6272062810243046,37.41796875,0.013951053362825962,0.8873612988160597
person91_bacteria_446.jpeg,basis,4515.52734375,11.583718843785123,0.5883327466507401,58.02734375,0.13334951574440426,
person91_bacteria_446.jpeg,angle,357.109375,22.602791092264482,0.8859352540555874,5.8359375,3.437784950731216e-32,
person91_bacteria_446.jpeg,dense_angle,357.109375,22.602791092264482,0.8859352540555874,5.8359375,2.792598419361492e-33,
person91_bacteria_446.jpeg,iqp,5236.3359375,10.940528599024013,0.38063801171500056,43.390625,0.27610158356122544,0.5081781026676556
person91_bacteria_446.jpeg,amplitude,357.109375,22.602791092264482,0.8859352540555874,5.8359375,0.0,
person91_bacteria_446.jpeg,entangled_angle,6474.83203125,10.01851854345887,0.5624956315587819,73.17578125,0.029175286317182532,0.7547981451340369
person91_bacteria_447.jpeg,basis,8107.21875,9.042084695039916,0.48061133063637,73.125,0.15845795734720847,
person91_bacteria_447.jpeg,angle,331.9140625,22.920547079266946,0.8859368197873347,8.546875,8.474091755303838e-33,
person91_bacteria_447.jpeg,dense_angle,331.9140625,22.920547079266946,0.8859368197873347,8.546875,1.925929944387236e-33,
person91_bacteria_447.jpeg,iqp,1187.59765625,17.38411029032735,0.7847977041184664,9.62890625,0.13656522551811268,0.5134840992437448
person91_bacteria_447.jpeg,amplitude,331.9140625,22.920547079266946,0.8859368197873347,8.546875,3.851859888774472e-34,
person91_bacteria_447.jpeg,entangled_angle,1694.2734375,15.840968587609435,0.7339617678457305,33.7421875,0.016026130697493583,0.8655682723053011
person91_bacteria_448.jpeg,basis,9137.52734375,8.522516712880979,0.5060807083919849,77.83203125,0.13331193881552572,
person91_bacteria_448.jpeg,angle,486.3359375,21.26143998185858,0.8689053694963965,10.1484375,1.502225356622044e-32,
person91_bacteria_448.jpeg,dense_angle,486.3359375,21.26143998185858,0.8689053694963965,10.1484375,0.0,
person91_bacteria_448.jpeg,iqp,3833.55078125,12.294791403421527,0.5323010353019794,33.45703125,0.19793823580773343,0.5068783646551694
person91_bacteria_448.jpeg,amplitude,486.3359375,21.26143998185858,0.8689053694963965,10.1484375,0.0,
person91_bacteria_448.jpeg,entangled_angle,3666.00390625,12.488874374861433,0.5745964794944767,50.67578125,0.03792549349735304,0.7807139903146569
person91_bacteria_449.jpeg,basis,9354.73828125,8.420487191760722,0.49474509159073315,84.56640625,0.1486515258808968,
person91_bacteria_449.jpeg,angle,425.4140625,21.84268519012508,0.8556820526323554,8.625,1.3096323621833204e-32,
person91_bacteria_449.jpeg,dense_angle,425.4140625,21.84268519012508,0.8556820526323554,8.625,3.851859888774472e-34,
person91_bacteria_449.jpeg,iqp,2908.9609375,13.49342471433193,0.528012635276244,17.0625,0.1224523666528429,0.5233763761987941
person91_bacteria_449.jpeg,amplitude,425.4140625,21.84268519012508,0.8556820526323554,8.625,0.0,
person91_bacteria_449.jpeg,entangled_angle,3610.58203125,12.55503144395664,0.633989328711703,53.34765625,0.01878887933326693,0.8469118152529085
person92_bacteria_450.jpeg,basis,6203.83984375,10.204197831824057,0.6287519685014107,67.61328125,0.13451882801960113,
person92_bacteria_450.jpeg,angle,238.3671875,24.358338886103496,0.9153235306884226,3.9140625,2.3881531310401725e-32,
person92_bacteria_450.jpeg,dense_angle,238.3671875,24.358338886103496,0.9153235306884226,3.9140625,5.7777898331617076e-33,
person92_bacteria_450.jpeg,iqp,3179.265625,13.107535464943368,0.5958034388617759,49.1640625,0.22384183447526815,0.5088082306464942
person92_bacteria_450.jpeg,amplitude,238.3671875,24.358338886103496,0.9153235306884226,3.9140625,1.6370404527291505e-33,
person92_bacteria_450.jpeg,entangled_angle,2411.97265625,14.307079808272645,0.6237913175848776,39.93359375,0.030109747007851344,0.7606808081227325
person92_bacteria_451.jpeg,basis,14542.3984375,6.504443214514737,0.342266599757447,108.4296875,0.1645396418153461,
person92_bacteria_451.jpeg,angle,226.8125,24.574133753232786,0.8978632442860323,4.4765625,2.0511153907724062e-32,
person92_bacteria_451.jpeg,dense_angle,226.8125,24.574133753232786,0.8978632442860323,4.4765625,5.7777898331617076e-33,
person92_bacteria_451.jpeg,iqp,2497.73046875,14.15534789219757,0.6613589702294485,41.25390625,0.23621783949801017,0.5104625705527898
person92_bacteria_451.jpeg,amplitude,226.8125,24.574133753232786,0.8978632442860323,4.4765625,0.0,
person92_bacteria_451.jpeg,entangled_angle,1414.0,16.6263095140703,0.6947981021854662,28.984375,0.02122560431033496,0.8303109333070333
person93_bacteria_453.jpeg,basis,4771.18359375,11.344542324627358,0.6396266572348328,59.72265625,0.11168647687492506,
person93_bacteria_453.jpeg,angle,263.9296875,23.915921173235766,0.8781931786997198,6.125,8.483721405025774e-32,
person93_bacteria_453.jpeg,dense_angle,263.9296875,23.915921173235766,0.8781931786997198,6.125,8.859277744181285e-33,
person93_bacteria_453.jpeg,iqp,8912.58203125,8.630768207507352,0.29456827214878334,80.16015625,0.14175852796922658,0.5109690419745834
person93_bacteria_453.jpeg,amplitude,263.9296875,23.915921173235766,0.8781931786997198,6.125,3.851859888774472e-34,
person93_bacteria_453.jpeg,entangled_angle,8627.65625,8.771875276017695,0.4917830077631207,87.6953125,0.03731037438778646,0.71206462658457
person93_bacteria_454.jpeg,basis,12059.48046875,7.317517623850983,0.41682123568041285,100.76171875,0.1472299941700289,
person93_bacteria_454.jpeg,angle,477.33203125,21.34259782298092,0.8490225906182235,4.96484375,5.103714352626175e-33,
person93_bacteria_454.jpeg,dense_angle,477.33203125,21.34259782298092,0.8490225906182235,4.96484375,9.62964972193618e-35,
person93_bacteria_454.jpeg,iqp,3213.34375,13.061231738340613,0.44906654269440405,37.53125,0.16860556246501243,0.508043999552491
person93_bacteria_454.jpeg,amplitude,477.33203125,21.34259782298092,0.8490225906182235,4.96484375,3.851859888774472e-34,
person93_bacteria_454.jpeg,entangled_angle,3024.390625,13.32442477700807,0.6994553020820556,46.6796875,0.025653097828580874,0.7896394281172399
person94_bacteria_456.jpeg,basis,4808.6875,11.310538061761761,0.5630973077564407,49.5,0.1735297337401499,
person94_bacteria_456.jpeg,angle,161.21484375,26.056753341809397,0.8959344696350537,2.80078125,9.629649721936179e-33,
person94_bacteria_456.jpeg,dense_angle,161.21484375,26.056753341809397,0.8959344696350537,2.80078125,3.851859888774472e-33,
person94_bacteria_456.jpeg,iqp,1049.31640625,17.9217389768026,0.7656718453967367,24.00390625,0.26348737568575337,0.5278098042906483
person94_bacteria_456.jpeg,amplitude,161.21484375,26.056753341809397,0.8959344696350537,2.80078125,3.851859888774472e-34,
person94_bacteria_456.jpeg,entangled_angle,417.3828125,21.925457996796716,0.8073929308377198,10.8671875,0.009838548931079313,0.9042030973672555
person94_bacteria_457.jpeg,basis,5572.55078125,10.67026326081508,0.5749486413545388,60.90234375,0.10484898125676592,
person94_bacteria_457.jpeg,angle,537.66796875,20.82566196456041,0.8659399224624407,7.50390625,3.3607477529557266e-32,
person94_bacteria_457.jpeg,dense_angle,537.66796875,20.82566196456041,0.8659399224624407,7.50390625,2.679450035128742e-32,
person94_bacteria_457.jpeg,iqp,5153.5703125,11.009721551686383,0.4882423587934471,42.2109375,0.36276510205595147,0.5453577959637594
person94_bacteria_457.jpeg,amplitude,537.66796875,20.82566196456041,0.8659399224624407,7.50390625,0.0,
person94_bacteria_457.jpeg,entangled_angle,6444.90625,10.038637565413753,0.4858508189096813,70.0078125,0.04649216376489043,0.6687256002432076
person94_bacteria_458.jpeg,basis,5754.36328125,10.53083084811345,0.6252965647008469,60.10546875,0.1639819161044116,
person94_bacteria_458.jpeg,angle,292.8515625,23.464328153336474,0.8889348257985504,5.1796875,1.8103741477240017e-32,
person94_bacteria_458.jpeg,dense_angle,292.8515625,23.464328153336474,0.8889348257985504,5.1796875,1.925929944387236e-33,
person94_bacteria_458.jpeg,iqp,3122.65234375,13.185567255315727,0.44004941074861803,27.87109375,0.18843059888316893,0.516662793788284
person94_bacteria_458.jpeg,amplitude,292.8515625,23.464328153336474,0.8889348257985504,5.1796875,3.851859888774472e-34,
person94_bacteria_458.jpeg,entangled_angle,2327.34375,14.462198273007353,0.6558499104340444,40.25,0.018903804169810336,0.8333027624707475
person95_bacteria_463.jpeg,basis,7039.35546875,9.655474643933585,0.5830463562571749,66.16015625,0.13866655066570424,
person95_bacteria_463.jpeg,angle,366.76953125,22.48687110640947,0.8351570202583427,3.05078125,8.955574241400647e-33,
person95_bacteria_463.jpeg,dense_angle,366.76953125,22.48687110640947,0.8351570202583427,3.05078125,4.044452883213195e-33,
person95_bacteria_463.jpeg,iqp,4923.78125,11.20781610684225,0.5370960019634784,61.1640625,0.35477351307829996,0.5141707683353378
person95_bacteria_463.jpeg,amplitude,366.76953125,22.48687110640947,0.8351570202583427,3.05078125,0.0,
person95_bacteria_463.jpeg,entangled_angle,3342.74609375,12.889769708954743,0.5417069628764548,47.09765625,0.035929188987769194,0.7270105970472385
person96_bacteria_464.jpeg,basis,6803.78125,9.803300188087892,0.43653712250349536,70.4453125,0.13180248711195863,
person96_bacteria_464.jpeg,angle,485.9375,21.2649994582496,0.8220792336702952,9.7578125,2.6674129729763217e-32,
person96_bacteria_464.jpeg,dense_angle,485.9375,21.2649994582496,0.8220792336702952,9.7578125,4.333342374871281e-33,
person96_bacteria_464.jpeg,iqp,8253.234375,8.964561825071527,0.32649723326937974,79.25,0.13972687131912945,0.5134940516319415
person96_bacteria_464.jpeg,amplitude,485.9375,21.2649994582496,0.8220792336702952,9.7578125,4.81482486096809e-34,
person96_bacteria_464.jpeg,entangled_angle,6820.921875,9.792372856001704,0.5040403660013323,76.9375,0.029422915893433432,0.7615596957821111
person96_bacteria_465.jpeg,basis,3426.375,12.782454682284216,0.6627484212578587,43.609375,0.11908002695650335,
person96_bacteria_465.jpeg,angle,433.9609375,21.756297221196906,0.8645541081218054,9.046875,5.103714352626175e-33,
person96_bacteria_465.jpeg,dense_angle,433.9609375,21.756297221196906,0.8645541081218054,9.046875,7.029644297013411e-33,
person96_bacteria_465.jpeg,iqp,5457.44140625,10.760912792588645,0.48029491800958923,57.55859375,0.28054995723521886,0.5069857201063438
person96_bacteria_465.jpeg,amplitude,433.9609375,21.756297221196906,0.8645541081218054,9.046875,1.6370404527291505e-33,
person96_bacteria_465.jpeg,entangled_angle,5726.05859375,10.552245731005803,0.48030292526817786,63.49609375,0.04173040031840928,0.723989286950757
person96_bacteria_466.jpeg,basis,8007.64453125,9.095755748111182,0.3467506559762766,69.97265625,0.1563525240786137,
person96_bacteria_466.jpeg,angle,408.40625,22.01987981224481,0.8603450420686647,9.328125,6.548161810916602e-33,
person96_bacteria_466.jpeg,dense_angle,408.40625,22.01987981224481,0.8603450420686647,9.328125,7.703719777548943e-34,
person96_bacteria_466.jpeg,iqp,7900.6171875,9.15419341646363,0.4301718838542541,81.140625,0.31237006944113,0.5083337542044495
person96_bacteria_466.jpeg,amplitude,408.40625,22.01987981224481,0.8603450420686647,9.328125,3.851859888774472e-34,
person96_bacteria_466.jpeg,entangled_angle,5077.27734375,11.074494736952483,0.5643065373808589,62.23828125,0.025423924639503534,0.7808821936854786
person97_bacteria_468.jpeg,basis,1701.546875,15.822364431261045,0.7923103981255948,30.359375,0.09244709872972326,
person97_bacteria_468.jpeg,angle,467.90234375,21.429251402640123,0.852080419850974,4.03515625,2.3688938315963e-32,
person97_bacteria_468.jpeg,dense_angle,467.90234375,21.429251402640123,0.852080419850974,4.03515625,2.5037089277034066e-33,
person97_bacteria_468.jpeg,iqp,11045.7421875,7.698854584869314,0.2532777876932995,93.8515625,0.3355173184765655,0.5076190105777368
person97_bacteria_468.jpeg,amplitude,467.90234375,21.429251402640123,0.852080419850974,4.03515625,1.5407439555097887e-33,
person97_bacteria_468.jpeg,entangled_angle,7965.1171875,9.118881910872942,0.40581116336420286,77.515625,0.058919573922165104,0.6259606168745587
person99_bacteria_473.jpeg,basis,5921.4921875,10.406492002365837,0.7225960534274037,68.4765625,0.123101740192332,
person99_bacteria_473.jpeg,angle,217.02734375,24.765659058598676,0.9025939667731449,6.31640625,1.9740781929969167e-32,
person99_bacteria_473.jpeg,dense_angle,217.02734375,24.765659058598676,0.9025939667731449,6.31640625,3.0814879110195774e-33,
person99_bacteria_473.jpeg,iqp,5598.1953125,10.650323146010566,0.4977478149249077,65.3359375,0.14219565802863354,0.5072186183452039
person99_bacteria_473.jpeg,amplitude,217.02734375,24.765659058598676,0.9025939667731449,6.31640625,0.0,
person99_bacteria_473.jpeg,entangled_angle,5567.26953125,10.674381133168577,0.5809297591163008,69.07421875,0.029600909480679755,0.7727598686478067
person99_bacteria_474.jpeg,basis,9687.94140625,8.268488573864293,0.4759445363899665,87.34765625,0.1349490188435584,
person99_bacteria_474.jpeg,angle,444.5234375,21.65185696779728,0.8755104470790834,7.890625,2.5422275265911513e-32,
person99_bacteria_474.jpeg,dense_angle,444.5234375,21.65185696779728,0.8755104470790834,7.890625,2.0222264416065976e-33,
person99_bacteria_474.jpeg,iqp,7223.49609375,9.543329185980076,0.526639863470407,75.80859375,0.2085036032184378,0.5070028514700261
person99_bacteria_474.jpeg,amplitude,444.5234375,21.65185696779728,0.8755104470790834,7.890625,1.5407439555097887e-33,
person99_bacteria_474.jpeg,entangled_angle,5386.109375,10.818051925431323,0.5740832604798249,65.546875,0.02789455194956754,0.7799066197599747
